Timestamp,WS_ms,variable
2026-07-09 09:33:50,6.69,WS_ms
2026-07-09 09:33:52,6.7,WS_ms
2026-07-09 09:33:56,6.84,WS_ms
2026-07-09 09:50:48,6.93,WS_ms
2026-07-09 09:50:49,6.79,WS_ms
2026-07-09 09:51:01,6.81,WS_ms
2026-07-09 09:57:18,6.6,WS_ms
2026-07-09 09:57:20,6.69,WS_ms
2026-07-09 09:57:23,6.71,WS_ms
2026-07-09 09:57:24,7.64,WS_ms
2026-07-09 09:57:25,7.01,WS_ms
2026-07-09 09:57:26,7.0,WS_ms
2026-07-09 09:57:35,6.61,WS_ms
2026-07-09 09:57:36,6.76,WS_ms
2026-07-09 10:00:23,6.82,WS_ms
2026-07-09 10:00:36,8.15,WS_ms
2026-07-09 10:01:14,6.66,WS_ms
2026-07-09 10:01:17,6.75,WS_ms
2026-07-09 10:01:21,7.14,WS_ms
2026-07-09 10:02:13,7.89,WS_ms
2026-07-09 10:02:19,6.63,WS_ms
2026-07-09 10:04:48,7.48,WS_ms
2026-07-09 10:05:32,7.13,WS_ms
2026-07-09 10:05:33,7.63,WS_ms
2026-07-09 10:05:35,6.95,WS_ms
2026-07-09 10:05:37,7.2,WS_ms
2026-07-09 10:11:46,6.8,WS_ms
2026-07-09 10:11:59,7.69,WS_ms
2026-07-09 10:12:00,6.88,WS_ms
2026-07-09 10:12:01,7.19,WS_ms
2026-07-09 10:12:05,6.78,WS_ms
2026-07-09 10:12:11,7.06,WS_ms
2026-07-09 10:12:13,7.12,WS_ms
2026-07-09 10:12:14,7.4,WS_ms
2026-07-09 10:12:15,6.96,WS_ms
2026-07-09 10:12:20,8.41,WS_ms
2026-07-09 10:12:21,7.7,WS_ms
2026-07-09 10:12:51,7.27,WS_ms
2026-07-09 10:12:56,6.59,WS_ms
2026-07-09 10:13:14,7.14,WS_ms
2026-07-09 10:13:19,6.75,WS_ms
2026-07-09 10:13:20,6.89,WS_ms
2026-07-09 10:13:21,7.52,WS_ms
2026-07-09 10:16:52,6.8,WS_ms
2026-07-09 10:16:56,6.66,WS_ms
2026-07-09 10:16:57,6.87,WS_ms
2026-07-09 10:17:13,6.69,WS_ms
2026-07-09 10:17:18,7.56,WS_ms
2026-07-09 10:17:21,6.85,WS_ms
2026-07-09 10:17:23,7.82,WS_ms
2026-07-09 10:17:24,7.45,WS_ms
2026-07-09 10:17:26,6.7,WS_ms
2026-07-09 10:17:27,7.37,WS_ms
2026-07-09 10:17:28,7.62,WS_ms
2026-07-09 10:17:29,6.68,WS_ms
2026-07-09 10:17:30,7.16,WS_ms
2026-07-09 10:17:31,6.66,WS_ms
2026-07-09 10:17:32,7.86,WS_ms
2026-07-09 10:17:33,7.88,WS_ms
2026-07-09 10:17:34,6.99,WS_ms
2026-07-09 10:17:35,7.55,WS_ms
2026-07-09 10:17:36,7.22,WS_ms
2026-07-09 10:17:39,7.37,WS_ms
2026-07-09 10:23:30,6.68,WS_ms
2026-07-09 10:24:29,7.14,WS_ms
2026-07-09 10:24:31,7.57,WS_ms
2026-07-09 10:25:06,7.26,WS_ms
2026-07-09 10:25:13,6.71,WS_ms
2026-07-09 10:25:24,6.96,WS_ms
2026-07-09 10:25:34,7.05,WS_ms
2026-07-09 10:25:40,6.96,WS_ms
2026-07-09 10:31:11,7.29,WS_ms
2026-07-09 10:31:13,6.77,WS_ms
2026-07-09 10:31:37,6.88,WS_ms
2026-07-09 10:31:39,6.87,WS_ms
2026-07-09 10:38:19,6.71,WS_ms
2026-07-09 10:38:20,7.05,WS_ms
2026-07-09 10:52:28,7.72,WS_ms
2026-07-09 10:52:29,7.33,WS_ms
2026-07-09 10:52:30,7.13,WS_ms
2026-07-09 10:52:36,7.03,WS_ms
2026-07-09 11:15:39,7.46,WS_ms
2026-07-09 11:16:01,6.71,WS_ms
2026-07-09 11:16:02,7.25,WS_ms
2026-07-09 11:16:03,6.88,WS_ms
2026-07-09 11:16:08,6.97,WS_ms
2026-07-09 11:16:09,6.62,WS_ms
2026-07-09 11:16:10,7.07,WS_ms
2026-07-09 11:16:11,6.99,WS_ms
2026-07-09 11:16:12,6.67,WS_ms
2026-07-09 11:17:35,6.65,WS_ms
2026-07-09 11:17:52,6.62,WS_ms
2026-07-09 11:19:15,6.9,WS_ms
2026-07-09 11:24:14,6.96,WS_ms
2026-07-09 11:24:15,6.93,WS_ms
2026-07-09 11:24:16,6.95,WS_ms
2026-07-09 11:24:18,6.72,WS_ms
2026-07-09 11:24:19,7.72,WS_ms
2026-07-09 11:24:20,7.92,WS_ms
2026-07-09 11:24:21,7.58,WS_ms
2026-07-09 11:24:22,8.21,WS_ms
2026-07-09 11:24:23,6.62,WS_ms
2026-07-09 11:24:27,7.17,WS_ms
2026-07-09 11:24:28,7.11,WS_ms
2026-07-09 11:24:38,7.6,WS_ms
2026-07-09 11:24:39,7.36,WS_ms
2026-07-09 11:24:41,6.76,WS_ms
2026-07-09 11:24:42,7.74,WS_ms
2026-07-09 11:24:43,7.56,WS_ms
2026-07-09 11:24:44,6.72,WS_ms
2026-07-09 11:24:47,6.92,WS_ms
2026-07-09 11:24:50,8.2,WS_ms
2026-07-09 11:24:59,7.27,WS_ms
2026-07-09 11:25:01,7.54,WS_ms
2026-07-09 11:25:02,7.74,WS_ms
2026-07-09 11:25:03,7.13,WS_ms
2026-07-09 11:25:04,7.37,WS_ms
2026-07-09 11:25:05,7.5,WS_ms
2026-07-09 11:25:07,8.18,WS_ms
2026-07-09 11:25:08,7.85,WS_ms
2026-07-09 11:25:09,6.96,WS_ms
2026-07-09 11:25:10,6.61,WS_ms
2026-07-09 11:25:12,6.97,WS_ms
2026-07-09 11:25:14,6.9,WS_ms
2026-07-09 11:25:15,6.76,WS_ms
2026-07-09 11:25:16,7.38,WS_ms
2026-07-09 11:25:17,8.02,WS_ms
2026-07-09 11:25:18,7.58,WS_ms
2026-07-09 11:25:19,6.83,WS_ms
2026-07-09 11:25:20,6.75,WS_ms
2026-07-09 11:25:21,6.74,WS_ms
2026-07-09 11:25:22,6.74,WS_ms
2026-07-09 11:25:23,6.67,WS_ms
2026-07-09 11:28:52,6.6,WS_ms
2026-07-09 11:29:45,6.91,WS_ms
2026-07-09 11:29:46,7.66,WS_ms
2026-07-09 11:29:47,6.76,WS_ms
2026-07-09 11:29:50,7.06,WS_ms
2026-07-09 11:29:51,7.3,WS_ms
2026-07-09 11:29:54,6.72,WS_ms
2026-07-09 11:29:56,6.77,WS_ms
2026-07-09 11:30:06,6.58,WS_ms
2026-07-09 11:30:12,7.2,WS_ms
2026-07-09 11:30:13,7.64,WS_ms
2026-07-09 11:30:15,6.58,WS_ms
2026-07-09 11:37:37,6.62,WS_ms
2026-07-09 11:38:10,8.34,WS_ms
2026-07-09 11:38:17,8.27,WS_ms
2026-07-09 11:38:18,7.02,WS_ms
2026-07-09 11:38:19,7.15,WS_ms
2026-07-09 11:38:21,6.92,WS_ms
2026-07-09 11:38:26,6.84,WS_ms
2026-07-09 11:45:32,7.39,WS_ms
2026-07-09 11:45:33,6.84,WS_ms
2026-07-09 11:45:43,6.81,WS_ms
2026-07-09 11:46:15,6.85,WS_ms
2026-07-09 11:55:47,6.82,WS_ms
2026-07-09 11:55:53,7.38,WS_ms
2026-07-09 11:56:02,6.66,WS_ms
2026-07-09 11:56:03,6.98,WS_ms
2026-07-09 11:56:14,7.25,WS_ms
2026-07-09 11:56:15,6.88,WS_ms
2026-07-09 11:56:18,7.09,WS_ms
2026-07-09 11:56:36,7.13,WS_ms
2026-07-09 11:56:53,8.81,WS_ms
2026-07-09 11:56:54,9.18,WS_ms
2026-07-09 11:56:55,7.4,WS_ms
2026-07-09 11:56:56,7.92,WS_ms
2026-07-09 11:56:57,8.43,WS_ms
2026-07-09 11:56:58,7.72,WS_ms
2026-07-09 11:58:14,7.28,WS_ms
2026-07-09 11:58:26,7.08,WS_ms
2026-07-09 11:58:27,7.1,WS_ms
2026-07-09 11:58:32,6.64,WS_ms
2026-07-09 11:58:43,6.6,WS_ms
2026-07-09 11:59:05,7.31,WS_ms
2026-07-09 11:59:06,7.29,WS_ms
2026-07-09 11:59:07,7.41,WS_ms
2026-07-09 11:59:08,7.9,WS_ms
2026-07-09 11:59:18,6.71,WS_ms
2026-07-09 11:59:23,6.7,WS_ms
2026-07-09 11:59:24,6.71,WS_ms
2026-07-09 12:01:14,8.65,WS_ms
2026-07-09 12:01:15,12.16,WS_ms
2026-07-09 12:01:16,10.23,WS_ms
2026-07-09 12:01:17,10.25,WS_ms
2026-07-09 12:01:18,8.97,WS_ms
2026-07-09 12:01:19,10.47,WS_ms
2026-07-09 12:01:20,8.89,WS_ms
2026-07-09 12:01:21,9.67,WS_ms
2026-07-09 12:01:22,6.72,WS_ms
2026-07-09 12:01:25,8.51,WS_ms
2026-07-09 12:01:26,10.17,WS_ms
2026-07-09 12:01:27,9.82,WS_ms
2026-07-09 12:01:28,10.04,WS_ms
2026-07-09 12:01:29,9.26,WS_ms
2026-07-09 12:01:30,8.1,WS_ms
2026-07-09 12:01:31,8.51,WS_ms
2026-07-09 12:01:32,8.64,WS_ms
2026-07-09 12:01:33,8.11,WS_ms
2026-07-09 12:01:34,8.83,WS_ms
2026-07-09 12:01:35,7.58,WS_ms
2026-07-09 12:01:42,6.66,WS_ms
2026-07-09 12:01:43,7.25,WS_ms
2026-07-09 12:01:44,7.38,WS_ms
2026-07-09 12:01:51,7.37,WS_ms
2026-07-09 12:01:52,6.89,WS_ms
2026-07-09 12:01:53,7.06,WS_ms
2026-07-09 12:01:56,6.72,WS_ms
2026-07-09 12:01:58,6.71,WS_ms
2026-07-09 12:02:00,7.64,WS_ms
2026-07-09 12:02:02,6.63,WS_ms
2026-07-09 12:02:05,7.71,WS_ms
2026-07-09 12:02:06,9.74,WS_ms
2026-07-09 12:02:07,11.58,WS_ms
2026-07-09 12:02:08,9.5,WS_ms
2026-07-09 12:02:09,7.75,WS_ms
2026-07-09 12:02:10,7.34,WS_ms
2026-07-09 12:02:11,8.39,WS_ms
2026-07-09 12:02:17,7.19,WS_ms
2026-07-09 12:02:18,8.14,WS_ms
2026-07-09 12:02:19,7.64,WS_ms
2026-07-09 12:02:20,7.04,WS_ms
2026-07-09 12:02:43,7.07,WS_ms
2026-07-09 12:02:53,6.64,WS_ms
2026-07-09 12:02:57,6.65,WS_ms
2026-07-09 12:03:33,7.82,WS_ms
2026-07-09 12:03:35,8.15,WS_ms
2026-07-09 12:03:38,10.75,WS_ms
2026-07-09 12:03:39,9.45,WS_ms
2026-07-09 12:03:40,7.99,WS_ms
2026-07-09 12:03:43,9.14,WS_ms
2026-07-09 12:03:44,9.85,WS_ms
2026-07-09 12:03:45,9.81,WS_ms
2026-07-09 12:03:46,10.56,WS_ms
2026-07-09 12:03:47,9.54,WS_ms
2026-07-09 12:03:48,8.97,WS_ms
2026-07-09 12:03:49,9.69,WS_ms
2026-07-09 12:03:50,8.68,WS_ms
2026-07-09 12:03:52,7.84,WS_ms
2026-07-09 12:03:53,7.49,WS_ms
2026-07-09 12:03:54,8.7,WS_ms
2026-07-09 12:03:55,7.51,WS_ms
2026-07-09 12:03:56,9.26,WS_ms
2026-07-09 12:03:57,8.37,WS_ms
2026-07-09 12:03:58,9.14,WS_ms
2026-07-09 12:03:59,8.5,WS_ms
2026-07-09 12:04:00,8.8,WS_ms
2026-07-09 12:04:01,8.33,WS_ms
2026-07-09 12:04:02,10.72,WS_ms
2026-07-09 12:04:03,9.46,WS_ms
2026-07-09 12:04:04,8.83,WS_ms
2026-07-09 12:04:07,7.34,WS_ms
2026-07-09 12:04:08,8.58,WS_ms
2026-07-09 12:04:09,8.21,WS_ms
2026-07-09 12:04:10,9.85,WS_ms
2026-07-09 12:04:11,9.2,WS_ms
2026-07-09 12:04:12,7.07,WS_ms
2026-07-09 12:04:14,6.65,WS_ms
2026-07-09 12:04:15,7.66,WS_ms
2026-07-09 12:04:17,6.64,WS_ms
2026-07-09 12:04:18,7.91,WS_ms
2026-07-09 12:04:19,8.48,WS_ms
2026-07-09 12:04:20,7.47,WS_ms
2026-07-09 12:04:21,6.73,WS_ms
2026-07-09 12:04:22,7.55,WS_ms
2026-07-09 12:04:23,7.77,WS_ms
2026-07-09 12:04:24,7.08,WS_ms
2026-07-09 12:04:58,6.64,WS_ms
2026-07-09 12:05:10,7.75,WS_ms
2026-07-09 12:05:13,7.87,WS_ms
2026-07-09 12:05:14,7.78,WS_ms
2026-07-09 12:05:15,7.81,WS_ms
2026-07-09 12:05:16,8.55,WS_ms
2026-07-09 12:05:17,6.96,WS_ms
2026-07-09 12:05:20,7.69,WS_ms
2026-07-09 12:05:21,7.33,WS_ms
2026-07-09 12:05:22,7.07,WS_ms
2026-07-09 12:05:25,7.52,WS_ms
2026-07-09 12:05:26,7.12,WS_ms
2026-07-09 12:05:27,7.59,WS_ms
2026-07-09 12:05:33,7.51,WS_ms
2026-07-09 12:05:36,8.05,WS_ms
2026-07-09 12:05:37,6.63,WS_ms
2026-07-09 12:05:48,6.99,WS_ms
2026-07-09 12:05:50,6.58,WS_ms
2026-07-09 12:05:55,6.75,WS_ms
2026-07-09 12:05:56,7.17,WS_ms
2026-07-09 12:05:57,7.66,WS_ms
2026-07-09 12:05:58,7.64,WS_ms
2026-07-09 12:05:59,7.11,WS_ms
2026-07-09 12:06:00,7.29,WS_ms
2026-07-09 12:06:01,7.18,WS_ms
2026-07-09 12:06:02,7.28,WS_ms
2026-07-09 12:06:03,8.44,WS_ms
2026-07-09 12:06:04,6.84,WS_ms
2026-07-09 12:06:05,6.88,WS_ms
2026-07-09 12:06:06,7.67,WS_ms
2026-07-09 12:06:07,7.24,WS_ms
2026-07-09 12:06:13,6.8,WS_ms
2026-07-09 12:06:14,6.74,WS_ms
2026-07-09 12:06:28,6.77,WS_ms
2026-07-09 12:06:30,6.94,WS_ms
2026-07-09 12:06:34,6.92,WS_ms
2026-07-09 12:06:36,8.65,WS_ms
2026-07-09 12:06:37,8.44,WS_ms
2026-07-09 12:06:39,7.12,WS_ms
2026-07-09 12:06:40,8.28,WS_ms
2026-07-09 12:06:42,6.73,WS_ms
2026-07-09 12:06:44,6.77,WS_ms
2026-07-09 12:06:45,6.72,WS_ms
2026-07-09 12:06:46,7.32,WS_ms
2026-07-09 12:06:47,6.65,WS_ms
2026-07-09 12:06:52,6.95,WS_ms
2026-07-09 12:06:53,7.11,WS_ms
2026-07-09 12:06:54,6.75,WS_ms
2026-07-09 12:06:55,6.92,WS_ms
2026-07-09 12:06:56,6.88,WS_ms
2026-07-09 12:06:57,6.65,WS_ms
2026-07-09 12:06:58,6.64,WS_ms
2026-07-09 12:07:01,6.58,WS_ms
2026-07-09 12:07:03,9.69,WS_ms
2026-07-09 12:07:04,8.74,WS_ms
2026-07-09 12:07:05,8.45,WS_ms
2026-07-09 12:07:06,8.85,WS_ms
2026-07-09 12:07:07,8.51,WS_ms
2026-07-09 12:07:08,8.82,WS_ms
2026-07-09 12:07:10,6.86,WS_ms
2026-07-09 12:07:11,9.23,WS_ms
2026-07-09 12:07:12,9.67,WS_ms
2026-07-09 12:07:13,8.32,WS_ms
2026-07-09 12:07:14,8.5,WS_ms
2026-07-09 12:07:15,7.53,WS_ms
2026-07-09 12:07:16,8.09,WS_ms
2026-07-09 12:07:17,8.07,WS_ms
2026-07-09 12:07:18,6.61,WS_ms
2026-07-09 12:07:20,6.63,WS_ms
2026-07-09 12:07:22,7.31,WS_ms
2026-07-09 12:07:23,8.42,WS_ms
2026-07-09 12:07:24,8.74,WS_ms
2026-07-09 12:07:25,9.02,WS_ms
2026-07-09 12:07:26,8.95,WS_ms
2026-07-09 12:07:27,8.67,WS_ms
2026-07-09 12:07:28,8.37,WS_ms
2026-07-09 12:07:29,8.89,WS_ms
2026-07-09 12:07:30,7.62,WS_ms
2026-07-09 12:07:31,7.89,WS_ms
2026-07-09 12:07:33,7.98,WS_ms
2026-07-09 12:07:34,8.22,WS_ms
2026-07-09 12:07:35,9.7,WS_ms
2026-07-09 12:07:36,9.99,WS_ms
2026-07-09 12:07:37,8.6,WS_ms
2026-07-09 12:07:38,7.76,WS_ms
2026-07-09 12:07:40,7.03,WS_ms
2026-07-09 12:07:41,7.0,WS_ms
2026-07-09 12:07:48,7.13,WS_ms
2026-07-09 12:07:51,7.73,WS_ms
2026-07-09 12:07:52,8.34,WS_ms
2026-07-09 12:07:53,8.6,WS_ms
2026-07-09 12:07:58,8.42,WS_ms
2026-07-09 12:07:59,9.67,WS_ms
2026-07-09 12:08:00,6.98,WS_ms
2026-07-09 12:08:01,7.95,WS_ms
2026-07-09 12:08:02,9.81,WS_ms
2026-07-09 12:08:03,10.22,WS_ms
2026-07-09 12:08:04,11.27,WS_ms
2026-07-09 12:08:05,10.04,WS_ms
2026-07-09 12:08:06,9.52,WS_ms
2026-07-09 12:08:07,9.14,WS_ms
2026-07-09 12:08:08,8.59,WS_ms
2026-07-09 12:08:09,8.56,WS_ms
2026-07-09 12:08:10,8.22,WS_ms
2026-07-09 12:08:11,7.65,WS_ms
2026-07-09 12:08:12,6.89,WS_ms
2026-07-09 12:08:14,7.3,WS_ms
2026-07-09 12:08:15,7.56,WS_ms
2026-07-09 12:08:19,7.5,WS_ms
2026-07-09 12:08:27,6.6,WS_ms
2026-07-09 12:08:30,7.13,WS_ms
2026-07-09 12:08:31,7.87,WS_ms
2026-07-09 12:08:33,6.75,WS_ms
2026-07-09 12:08:38,7.19,WS_ms
2026-07-09 12:08:40,6.92,WS_ms
2026-07-09 12:08:48,7.12,WS_ms
2026-07-09 12:08:51,7.3,WS_ms
2026-07-09 12:08:52,6.97,WS_ms
2026-07-09 12:08:54,6.82,WS_ms
2026-07-09 12:09:15,6.84,WS_ms
2026-07-09 12:09:52,6.59,WS_ms
2026-07-09 12:09:53,6.69,WS_ms
2026-07-09 12:09:55,6.95,WS_ms
2026-07-09 12:09:56,7.21,WS_ms
2026-07-09 12:09:57,7.09,WS_ms
2026-07-09 12:09:58,7.59,WS_ms
2026-07-09 12:09:59,6.69,WS_ms
2026-07-09 12:10:00,7.78,WS_ms
2026-07-09 12:10:02,7.06,WS_ms
2026-07-09 12:10:30,6.83,WS_ms
2026-07-09 12:10:36,7.39,WS_ms
2026-07-09 12:11:32,7.08,WS_ms
2026-07-09 12:11:33,7.34,WS_ms
2026-07-09 12:11:34,7.42,WS_ms
2026-07-09 12:12:32,7.12,WS_ms
2026-07-09 12:12:35,7.04,WS_ms
2026-07-09 12:12:36,7.46,WS_ms
2026-07-09 12:12:37,6.83,WS_ms
2026-07-09 12:12:38,7.15,WS_ms
2026-07-09 12:12:39,6.79,WS_ms
2026-07-09 12:12:42,7.49,WS_ms
2026-07-09 12:12:43,8.07,WS_ms
2026-07-09 12:12:53,7.55,WS_ms
2026-07-09 12:12:54,7.51,WS_ms
2026-07-09 12:12:55,6.83,WS_ms
2026-07-09 12:12:58,6.9,WS_ms
2026-07-09 12:12:59,7.9,WS_ms
2026-07-09 12:13:03,6.58,WS_ms
2026-07-09 12:13:22,6.61,WS_ms
2026-07-09 12:13:23,6.86,WS_ms
2026-07-09 12:14:34,7.12,WS_ms
2026-07-09 12:14:35,7.79,WS_ms
2026-07-09 12:14:38,7.4,WS_ms
2026-07-09 12:14:39,8.65,WS_ms
2026-07-09 12:14:40,8.22,WS_ms
2026-07-09 12:14:41,7.31,WS_ms
2026-07-09 12:14:42,7.38,WS_ms
2026-07-09 12:14:44,7.47,WS_ms
2026-07-09 12:14:45,7.6,WS_ms
2026-07-09 12:14:50,6.84,WS_ms
2026-07-09 12:15:38,7.7,WS_ms
2026-07-09 12:15:40,8.32,WS_ms
2026-07-09 12:15:42,6.87,WS_ms
2026-07-09 12:15:49,7.28,WS_ms
2026-07-09 12:16:10,6.74,WS_ms
2026-07-09 12:18:41,6.84,WS_ms
2026-07-09 12:19:13,6.58,WS_ms
2026-07-09 12:19:14,7.81,WS_ms
2026-07-09 12:19:17,7.26,WS_ms
2026-07-09 12:19:19,7.38,WS_ms
2026-07-09 12:19:20,6.88,WS_ms
2026-07-09 12:19:21,6.71,WS_ms
2026-07-09 12:19:22,7.28,WS_ms
2026-07-09 12:19:24,7.44,WS_ms
2026-07-09 12:19:25,8.66,WS_ms
2026-07-09 12:19:26,6.63,WS_ms
2026-07-09 12:19:27,6.88,WS_ms
2026-07-09 12:19:30,6.98,WS_ms
2026-07-09 12:19:31,6.83,WS_ms
2026-07-09 12:19:32,7.53,WS_ms
2026-07-09 12:19:34,7.79,WS_ms
2026-07-09 12:19:38,6.63,WS_ms
2026-07-09 12:19:39,7.0,WS_ms
2026-07-09 12:19:53,6.73,WS_ms
2026-07-09 12:19:54,8.76,WS_ms
2026-07-09 12:19:55,10.45,WS_ms
2026-07-09 12:19:56,10.79,WS_ms
2026-07-09 12:19:57,10.52,WS_ms
2026-07-09 12:19:58,9.37,WS_ms
2026-07-09 12:19:59,7.84,WS_ms
2026-07-09 12:20:00,8.72,WS_ms
2026-07-09 12:20:01,9.38,WS_ms
2026-07-09 12:20:02,9.87,WS_ms
2026-07-09 12:20:03,10.28,WS_ms
2026-07-09 12:20:04,9.09,WS_ms
2026-07-09 12:20:05,8.53,WS_ms
2026-07-09 12:20:06,8.74,WS_ms
2026-07-09 12:20:07,7.28,WS_ms
2026-07-09 12:20:08,8.4,WS_ms
2026-07-09 12:20:09,7.72,WS_ms
2026-07-09 12:20:10,9.78,WS_ms
2026-07-09 12:20:11,9.33,WS_ms
2026-07-09 12:20:12,9.03,WS_ms
2026-07-09 12:20:13,7.83,WS_ms
2026-07-09 12:20:14,8.84,WS_ms
2026-07-09 12:20:15,10.27,WS_ms
2026-07-09 12:20:16,9.01,WS_ms
2026-07-09 12:20:17,8.33,WS_ms
2026-07-09 12:20:18,8.26,WS_ms
2026-07-09 12:20:19,8.06,WS_ms
2026-07-09 12:20:20,8.45,WS_ms
2026-07-09 12:20:21,7.45,WS_ms
2026-07-09 12:20:22,7.56,WS_ms
2026-07-09 12:20:23,6.93,WS_ms
2026-07-09 12:20:24,7.47,WS_ms
2026-07-09 12:20:25,7.65,WS_ms
2026-07-09 12:20:38,7.47,WS_ms
2026-07-09 12:20:43,6.65,WS_ms
2026-07-09 12:20:45,9.13,WS_ms
2026-07-09 12:20:46,9.1,WS_ms
2026-07-09 12:20:47,8.81,WS_ms
2026-07-09 12:20:48,8.67,WS_ms
2026-07-09 12:20:49,8.96,WS_ms
2026-07-09 12:20:50,8.09,WS_ms
2026-07-09 12:20:51,6.86,WS_ms
2026-07-09 12:20:53,8.65,WS_ms
2026-07-09 12:20:54,7.97,WS_ms
2026-07-09 12:20:55,8.91,WS_ms
2026-07-09 12:20:56,8.46,WS_ms
2026-07-09 12:20:57,7.84,WS_ms
2026-07-09 12:20:58,8.05,WS_ms
2026-07-09 12:20:59,7.3,WS_ms
2026-07-09 12:21:00,7.71,WS_ms
2026-07-09 12:21:01,8.59,WS_ms
2026-07-09 12:21:02,8.69,WS_ms
2026-07-09 12:21:03,9.04,WS_ms
2026-07-09 12:21:04,8.99,WS_ms
2026-07-09 12:21:05,9.18,WS_ms
2026-07-09 12:21:06,9.06,WS_ms
2026-07-09 12:21:07,8.83,WS_ms
2026-07-09 12:21:08,7.85,WS_ms
2026-07-09 12:21:09,8.26,WS_ms
2026-07-09 12:21:10,9.58,WS_ms
2026-07-09 12:21:11,8.42,WS_ms
2026-07-09 12:21:12,7.35,WS_ms
2026-07-09 12:21:16,7.71,WS_ms
2026-07-09 12:21:17,7.93,WS_ms
2026-07-09 12:21:18,8.04,WS_ms
2026-07-09 12:21:19,7.63,WS_ms
2026-07-09 12:21:20,6.92,WS_ms
2026-07-09 12:21:21,7.46,WS_ms
2026-07-09 12:21:22,8.37,WS_ms
2026-07-09 12:21:23,8.39,WS_ms
2026-07-09 12:21:27,8.52,WS_ms
2026-07-09 12:21:28,8.39,WS_ms
2026-07-09 12:21:29,7.89,WS_ms
2026-07-09 12:22:14,6.72,WS_ms
2026-07-09 12:22:34,7.64,WS_ms
2026-07-09 12:22:35,7.34,WS_ms
2026-07-09 12:22:36,6.72,WS_ms
2026-07-09 12:22:37,7.42,WS_ms
2026-07-09 12:22:38,7.12,WS_ms
2026-07-09 12:22:39,7.26,WS_ms
2026-07-09 12:22:40,7.31,WS_ms
2026-07-09 12:22:46,6.77,WS_ms
2026-07-09 12:22:47,8.01,WS_ms
2026-07-09 12:22:48,7.0,WS_ms
2026-07-09 12:22:49,7.1,WS_ms
2026-07-09 12:22:50,6.63,WS_ms
2026-07-09 12:22:51,6.83,WS_ms
2026-07-09 12:23:10,7.23,WS_ms
2026-07-09 12:23:13,7.19,WS_ms
2026-07-09 12:23:15,7.76,WS_ms
2026-07-09 12:23:19,7.52,WS_ms
2026-07-09 12:23:20,6.85,WS_ms
2026-07-09 12:23:31,7.04,WS_ms
2026-07-09 12:23:32,8.0,WS_ms
2026-07-09 12:23:34,7.33,WS_ms
2026-07-09 12:23:35,7.22,WS_ms
2026-07-09 12:23:36,6.68,WS_ms
2026-07-09 12:23:46,6.79,WS_ms
2026-07-09 12:23:48,9.26,WS_ms
2026-07-09 12:23:49,8.55,WS_ms
2026-07-09 12:23:50,7.77,WS_ms
2026-07-09 12:23:52,7.04,WS_ms
2026-07-09 12:23:54,7.68,WS_ms
2026-07-09 12:23:56,6.92,WS_ms
2026-07-09 12:23:57,6.73,WS_ms
2026-07-09 12:24:11,6.75,WS_ms
2026-07-09 12:24:12,7.11,WS_ms
2026-07-09 12:24:13,7.75,WS_ms
2026-07-09 12:24:14,7.65,WS_ms
2026-07-09 12:24:15,7.28,WS_ms
2026-07-09 12:24:16,6.66,WS_ms
2026-07-09 12:24:17,9.52,WS_ms
2026-07-09 12:24:18,6.92,WS_ms
2026-07-09 12:24:20,8.2,WS_ms
2026-07-09 12:24:23,7.09,WS_ms
2026-07-09 12:24:24,8.38,WS_ms
2026-07-09 12:24:25,7.99,WS_ms
2026-07-09 12:24:27,6.84,WS_ms
2026-07-09 12:24:29,7.11,WS_ms
2026-07-09 12:24:34,6.76,WS_ms
2026-07-09 12:24:35,6.77,WS_ms
2026-07-09 12:24:38,6.78,WS_ms
2026-07-09 12:24:41,7.27,WS_ms
2026-07-09 12:24:43,7.75,WS_ms
2026-07-09 12:24:44,7.38,WS_ms
2026-07-09 12:24:45,7.93,WS_ms
2026-07-09 12:24:47,6.6,WS_ms
2026-07-09 12:24:48,8.31,WS_ms
2026-07-09 12:24:50,7.89,WS_ms
2026-07-09 12:24:51,8.23,WS_ms
2026-07-09 12:24:54,7.07,WS_ms
2026-07-09 12:24:55,7.64,WS_ms
2026-07-09 12:24:58,8.01,WS_ms
2026-07-09 12:25:00,8.42,WS_ms
2026-07-09 12:25:01,7.74,WS_ms
2026-07-09 12:25:02,9.18,WS_ms
2026-07-09 12:25:03,8.63,WS_ms
2026-07-09 12:25:04,9.39,WS_ms
2026-07-09 12:25:05,7.78,WS_ms
2026-07-09 12:25:08,7.21,WS_ms
2026-07-09 12:25:16,6.61,WS_ms
2026-07-09 12:25:26,6.86,WS_ms
2026-07-09 12:25:40,7.25,WS_ms
2026-07-09 12:25:44,6.87,WS_ms
2026-07-09 12:25:46,6.59,WS_ms
2026-07-09 12:25:50,7.43,WS_ms
2026-07-09 12:25:51,6.68,WS_ms
2026-07-09 12:25:53,7.24,WS_ms
2026-07-09 12:25:54,7.44,WS_ms
2026-07-09 12:25:56,7.49,WS_ms
2026-07-09 12:25:57,7.54,WS_ms
2026-07-09 12:25:58,7.3,WS_ms
2026-07-09 12:25:59,7.64,WS_ms
2026-07-09 12:26:00,7.28,WS_ms
2026-07-09 12:26:01,7.83,WS_ms
2026-07-09 12:26:02,7.4,WS_ms
2026-07-09 12:26:07,7.8,WS_ms
2026-07-09 12:26:08,6.96,WS_ms
2026-07-09 12:26:09,6.81,WS_ms
2026-07-09 12:26:10,8.25,WS_ms
2026-07-09 12:26:13,8.38,WS_ms
2026-07-09 12:26:15,8.92,WS_ms
2026-07-09 12:26:16,9.22,WS_ms
2026-07-09 12:26:17,7.25,WS_ms
2026-07-09 12:26:18,8.16,WS_ms
2026-07-09 12:26:19,7.92,WS_ms
2026-07-09 12:26:20,9.18,WS_ms
2026-07-09 12:26:21,8.6,WS_ms
2026-07-09 12:26:22,8.9,WS_ms
2026-07-09 12:26:23,7.23,WS_ms
2026-07-09 12:26:25,7.45,WS_ms
2026-07-09 12:26:26,8.28,WS_ms
2026-07-09 12:26:27,7.35,WS_ms
2026-07-09 12:26:29,7.49,WS_ms
2026-07-09 12:26:30,7.33,WS_ms
2026-07-09 12:26:31,7.64,WS_ms
2026-07-09 12:26:32,9.31,WS_ms
2026-07-09 12:26:33,9.6,WS_ms
2026-07-09 12:26:34,9.02,WS_ms
2026-07-09 12:26:35,8.69,WS_ms
2026-07-09 12:26:36,8.69,WS_ms
2026-07-09 12:26:37,7.69,WS_ms
2026-07-09 12:26:38,8.06,WS_ms
2026-07-09 12:26:39,7.93,WS_ms
2026-07-09 12:26:40,7.27,WS_ms
2026-07-09 12:26:41,6.7,WS_ms
2026-07-09 12:26:43,6.67,WS_ms
2026-07-09 12:26:44,7.94,WS_ms
2026-07-09 12:26:45,7.14,WS_ms
2026-07-09 12:26:48,6.85,WS_ms
2026-07-09 12:26:49,8.69,WS_ms
2026-07-09 12:26:51,8.87,WS_ms
2026-07-09 12:26:52,8.97,WS_ms
2026-07-09 12:26:53,8.86,WS_ms
2026-07-09 12:26:54,8.91,WS_ms
2026-07-09 12:26:55,8.08,WS_ms
2026-07-09 12:26:57,7.34,WS_ms
2026-07-09 12:26:59,7.97,WS_ms
2026-07-09 12:27:00,8.13,WS_ms
2026-07-09 12:27:01,7.05,WS_ms
2026-07-09 12:27:02,7.64,WS_ms
2026-07-09 12:27:03,7.89,WS_ms
2026-07-09 12:27:04,7.84,WS_ms
2026-07-09 12:27:05,8.29,WS_ms
2026-07-09 12:27:06,8.04,WS_ms
2026-07-09 12:27:07,8.14,WS_ms
2026-07-09 12:27:08,7.8,WS_ms
2026-07-09 12:27:09,8.01,WS_ms
2026-07-09 12:27:10,7.53,WS_ms
2026-07-09 12:27:11,7.35,WS_ms
2026-07-09 12:27:12,6.84,WS_ms
2026-07-09 12:27:13,7.15,WS_ms
2026-07-09 12:27:14,7.34,WS_ms
2026-07-09 12:27:15,8.65,WS_ms
2026-07-09 12:27:16,7.95,WS_ms
2026-07-09 12:27:17,7.51,WS_ms
2026-07-09 12:27:18,6.65,WS_ms
2026-07-09 12:27:29,7.03,WS_ms
2026-07-09 12:27:30,6.61,WS_ms
2026-07-09 12:27:34,6.69,WS_ms
2026-07-09 12:27:35,7.5,WS_ms
2026-07-09 12:27:36,8.2,WS_ms
2026-07-09 12:27:37,6.92,WS_ms
2026-07-09 12:27:38,7.46,WS_ms
2026-07-09 12:27:39,7.35,WS_ms
2026-07-09 12:27:40,7.49,WS_ms
2026-07-09 12:27:41,6.9,WS_ms
2026-07-09 12:27:42,7.32,WS_ms
2026-07-09 12:27:44,8.73,WS_ms
2026-07-09 12:27:45,7.95,WS_ms
2026-07-09 12:27:46,6.6,WS_ms
2026-07-09 12:27:47,7.31,WS_ms
2026-07-09 12:27:48,6.93,WS_ms
2026-07-09 12:27:49,7.14,WS_ms
2026-07-09 12:27:50,6.6,WS_ms
2026-07-09 12:28:26,6.68,WS_ms
2026-07-09 12:28:58,7.42,WS_ms
2026-07-09 12:28:59,7.12,WS_ms
2026-07-09 12:29:00,7.53,WS_ms
2026-07-09 12:29:05,7.32,WS_ms
2026-07-09 12:29:06,8.53,WS_ms
2026-07-09 12:29:07,7.71,WS_ms
2026-07-09 12:29:08,7.84,WS_ms
2026-07-09 12:29:09,8.04,WS_ms
2026-07-09 12:29:10,8.06,WS_ms
2026-07-09 12:29:11,8.06,WS_ms
2026-07-09 12:29:12,7.74,WS_ms
2026-07-09 12:29:13,7.61,WS_ms
2026-07-09 12:29:14,6.95,WS_ms
2026-07-09 12:29:15,7.24,WS_ms
2026-07-09 12:29:16,6.96,WS_ms
2026-07-09 12:29:17,7.21,WS_ms
2026-07-09 12:29:18,6.71,WS_ms
2026-07-09 12:29:19,6.82,WS_ms
2026-07-09 12:29:20,6.75,WS_ms
2026-07-09 12:29:22,7.08,WS_ms
2026-07-09 12:30:24,6.76,WS_ms
2026-07-09 12:30:25,6.65,WS_ms
2026-07-09 12:30:27,7.22,WS_ms
2026-07-09 12:30:28,7.24,WS_ms
2026-07-09 12:30:42,7.27,WS_ms
2026-07-09 12:30:46,6.87,WS_ms
2026-07-09 12:30:47,7.12,WS_ms
2026-07-09 12:30:48,7.15,WS_ms
2026-07-09 12:30:49,6.65,WS_ms
2026-07-09 12:30:50,7.62,WS_ms
2026-07-09 12:30:52,6.65,WS_ms
2026-07-09 12:30:53,6.92,WS_ms
2026-07-09 12:30:54,7.24,WS_ms
2026-07-09 12:30:55,7.2,WS_ms
2026-07-09 12:30:56,6.93,WS_ms
2026-07-09 12:30:57,8.06,WS_ms
2026-07-09 12:30:58,7.95,WS_ms
2026-07-09 12:30:59,8.11,WS_ms
2026-07-09 12:31:00,6.99,WS_ms
2026-07-09 12:31:01,7.17,WS_ms
2026-07-09 12:31:02,8.22,WS_ms
2026-07-09 12:31:03,8.07,WS_ms
2026-07-09 12:31:04,9.05,WS_ms
2026-07-09 12:31:05,7.49,WS_ms
2026-07-09 12:31:06,6.82,WS_ms
2026-07-09 12:31:07,6.72,WS_ms
2026-07-09 12:31:39,6.86,WS_ms
2026-07-09 12:31:40,7.46,WS_ms
2026-07-09 12:31:41,7.41,WS_ms
2026-07-09 12:31:47,6.72,WS_ms
2026-07-09 12:31:48,6.66,WS_ms
2026-07-09 12:31:57,8.62,WS_ms
2026-07-09 12:31:58,9.62,WS_ms
2026-07-09 12:31:59,9.27,WS_ms
2026-07-09 12:32:00,8.62,WS_ms
2026-07-09 12:32:01,8.19,WS_ms
2026-07-09 12:32:02,7.18,WS_ms
2026-07-09 12:32:03,7.83,WS_ms
2026-07-09 12:32:04,7.75,WS_ms
2026-07-09 12:32:05,7.19,WS_ms
2026-07-09 12:32:06,7.08,WS_ms
2026-07-09 12:32:09,7.09,WS_ms
2026-07-09 12:32:10,6.91,WS_ms
2026-07-09 12:32:14,7.24,WS_ms
2026-07-09 12:32:16,7.91,WS_ms
2026-07-09 12:32:17,8.3,WS_ms
2026-07-09 12:32:18,8.84,WS_ms
2026-07-09 12:32:19,8.16,WS_ms
2026-07-09 12:32:20,6.64,WS_ms
2026-07-09 12:32:21,8.16,WS_ms
2026-07-09 12:32:22,8.13,WS_ms
2026-07-09 12:32:24,6.8,WS_ms
2026-07-09 12:32:27,8.29,WS_ms
2026-07-09 12:32:28,7.97,WS_ms
2026-07-09 12:32:29,6.94,WS_ms
2026-07-09 12:32:31,7.2,WS_ms
2026-07-09 12:32:32,6.58,WS_ms
2026-07-09 12:32:34,6.59,WS_ms
2026-07-09 12:32:35,7.15,WS_ms
2026-07-09 12:32:37,7.63,WS_ms
2026-07-09 12:32:38,7.48,WS_ms
2026-07-09 12:32:39,7.5,WS_ms
2026-07-09 12:32:40,7.6,WS_ms
2026-07-09 12:32:41,7.67,WS_ms
2026-07-09 12:32:42,7.79,WS_ms
2026-07-09 12:32:45,6.66,WS_ms
2026-07-09 12:32:46,7.31,WS_ms
2026-07-09 12:32:47,7.99,WS_ms
2026-07-09 12:32:48,7.98,WS_ms
2026-07-09 12:32:50,7.6,WS_ms
2026-07-09 12:33:12,6.89,WS_ms
2026-07-09 12:33:34,6.78,WS_ms
2026-07-09 12:33:44,7.72,WS_ms
2026-07-09 12:33:45,7.93,WS_ms
2026-07-09 12:33:48,6.72,WS_ms
2026-07-09 12:33:51,6.85,WS_ms
2026-07-09 12:33:52,8.08,WS_ms
2026-07-09 12:33:53,7.78,WS_ms
2026-07-09 12:33:54,6.73,WS_ms
2026-07-09 12:34:16,7.41,WS_ms
2026-07-09 12:34:17,8.18,WS_ms
2026-07-09 12:34:18,8.0,WS_ms
2026-07-09 12:34:19,7.61,WS_ms
2026-07-09 12:34:20,7.49,WS_ms
2026-07-09 12:34:21,8.02,WS_ms
2026-07-09 12:34:22,8.77,WS_ms
2026-07-09 12:34:23,7.56,WS_ms
2026-07-09 12:34:24,7.49,WS_ms
2026-07-09 12:34:25,7.29,WS_ms
2026-07-09 12:34:26,7.27,WS_ms
2026-07-09 12:34:27,7.58,WS_ms
2026-07-09 12:34:28,7.55,WS_ms
2026-07-09 12:34:29,7.07,WS_ms
2026-07-09 12:34:30,6.94,WS_ms
2026-07-09 12:34:31,8.24,WS_ms
2026-07-09 12:34:32,7.0,WS_ms
2026-07-09 12:34:33,6.85,WS_ms
2026-07-09 12:34:34,8.96,WS_ms
2026-07-09 12:34:35,8.45,WS_ms
2026-07-09 12:34:36,7.48,WS_ms
2026-07-09 12:34:37,7.21,WS_ms
2026-07-09 12:34:38,7.23,WS_ms
2026-07-09 12:34:39,7.86,WS_ms
2026-07-09 12:34:40,7.39,WS_ms
2026-07-09 12:35:15,7.75,WS_ms
2026-07-09 12:35:16,7.34,WS_ms
2026-07-09 12:35:51,7.37,WS_ms
2026-07-09 12:35:52,7.43,WS_ms
2026-07-09 12:35:53,7.77,WS_ms
2026-07-09 12:35:54,7.97,WS_ms
2026-07-09 12:35:55,8.19,WS_ms
2026-07-09 12:35:56,8.05,WS_ms
2026-07-09 12:35:57,8.27,WS_ms
2026-07-09 12:35:58,8.29,WS_ms
2026-07-09 12:36:00,7.52,WS_ms
2026-07-09 12:36:01,9.13,WS_ms
2026-07-09 12:36:02,7.99,WS_ms
2026-07-09 12:36:03,7.83,WS_ms
2026-07-09 12:36:04,7.53,WS_ms
2026-07-09 12:36:05,7.28,WS_ms
2026-07-09 12:36:06,8.63,WS_ms
2026-07-09 12:36:07,9.1,WS_ms
2026-07-09 12:36:08,8.53,WS_ms
2026-07-09 12:36:09,8.19,WS_ms
2026-07-09 12:36:10,6.67,WS_ms
2026-07-09 12:36:11,7.12,WS_ms
2026-07-09 12:36:19,6.64,WS_ms
2026-07-09 12:36:27,7.5,WS_ms
2026-07-09 12:36:40,6.72,WS_ms
2026-07-09 12:36:41,7.68,WS_ms
2026-07-09 12:36:42,8.18,WS_ms
2026-07-09 12:36:43,7.44,WS_ms
2026-07-09 12:36:44,7.73,WS_ms
2026-07-09 12:36:47,7.65,WS_ms
2026-07-09 12:36:48,7.26,WS_ms
2026-07-09 12:36:50,7.15,WS_ms
2026-07-09 12:37:06,7.61,WS_ms
2026-07-09 12:37:07,7.03,WS_ms
2026-07-09 12:37:11,6.88,WS_ms
2026-07-09 12:37:12,7.49,WS_ms
2026-07-09 12:37:13,6.8,WS_ms
2026-07-09 12:37:28,7.27,WS_ms
2026-07-09 12:37:29,8.09,WS_ms
2026-07-09 12:37:31,8.35,WS_ms
2026-07-09 12:37:32,8.69,WS_ms
2026-07-09 12:37:33,7.62,WS_ms
2026-07-09 12:37:35,6.58,WS_ms
2026-07-09 12:37:44,6.89,WS_ms
2026-07-09 12:37:45,6.78,WS_ms
2026-07-09 12:38:01,7.0,WS_ms
2026-07-09 12:38:08,6.63,WS_ms
2026-07-09 12:38:09,6.84,WS_ms
2026-07-09 12:38:13,6.86,WS_ms
2026-07-09 12:38:14,6.69,WS_ms
2026-07-09 12:38:49,7.23,WS_ms
2026-07-09 12:38:53,7.56,WS_ms
2026-07-09 12:38:56,6.67,WS_ms
2026-07-09 12:38:57,7.06,WS_ms
2026-07-09 12:38:58,7.74,WS_ms
2026-07-09 12:38:59,7.27,WS_ms
2026-07-09 12:39:00,7.22,WS_ms
2026-07-09 12:39:01,6.63,WS_ms
2026-07-09 12:39:06,6.65,WS_ms
2026-07-09 12:39:32,6.82,WS_ms
2026-07-09 12:39:33,8.12,WS_ms
2026-07-09 12:39:34,8.12,WS_ms
2026-07-09 12:39:35,8.0,WS_ms
2026-07-09 12:39:36,7.28,WS_ms
2026-07-09 12:39:37,7.25,WS_ms
2026-07-09 12:39:38,7.7,WS_ms
2026-07-09 12:39:40,8.42,WS_ms
2026-07-09 12:39:41,7.86,WS_ms
2026-07-09 12:39:42,6.96,WS_ms
2026-07-09 12:39:43,6.63,WS_ms
2026-07-09 12:40:16,7.11,WS_ms
2026-07-09 12:40:18,7.38,WS_ms
2026-07-09 12:40:19,7.85,WS_ms
2026-07-09 12:40:20,8.74,WS_ms
2026-07-09 12:40:21,7.19,WS_ms
2026-07-09 12:40:22,6.78,WS_ms
2026-07-09 12:40:24,7.69,WS_ms
2026-07-09 12:40:27,9.64,WS_ms
2026-07-09 12:40:28,9.76,WS_ms
2026-07-09 12:40:29,9.51,WS_ms
2026-07-09 12:40:30,8.19,WS_ms
2026-07-09 12:40:31,7.74,WS_ms
2026-07-09 12:40:32,8.05,WS_ms
2026-07-09 12:40:33,8.48,WS_ms
2026-07-09 12:40:34,7.95,WS_ms
2026-07-09 12:40:36,8.3,WS_ms
2026-07-09 12:40:37,8.73,WS_ms
2026-07-09 12:40:38,8.32,WS_ms
2026-07-09 12:40:39,7.45,WS_ms
2026-07-09 12:40:40,8.08,WS_ms
2026-07-09 12:40:41,6.61,WS_ms
2026-07-09 12:40:44,6.75,WS_ms
2026-07-09 12:40:45,7.61,WS_ms
2026-07-09 12:40:48,6.91,WS_ms
2026-07-09 12:41:00,7.17,WS_ms
2026-07-09 12:41:01,7.07,WS_ms
2026-07-09 12:41:02,7.86,WS_ms
2026-07-09 12:41:05,7.67,WS_ms
2026-07-09 12:41:06,7.53,WS_ms
2026-07-09 12:41:07,7.19,WS_ms
2026-07-09 12:41:08,6.91,WS_ms
2026-07-09 12:41:09,7.07,WS_ms
2026-07-09 12:41:22,6.95,WS_ms
2026-07-09 12:41:23,7.14,WS_ms
2026-07-09 12:41:28,7.21,WS_ms
2026-07-09 12:41:29,7.45,WS_ms
2026-07-09 12:41:30,7.54,WS_ms
2026-07-09 12:41:32,6.88,WS_ms
2026-07-09 12:41:33,6.6,WS_ms
2026-07-09 12:41:35,8.27,WS_ms
2026-07-09 12:41:36,8.14,WS_ms
2026-07-09 12:41:37,9.12,WS_ms
2026-07-09 12:41:38,7.51,WS_ms
2026-07-09 12:41:39,7.48,WS_ms
2026-07-09 12:41:40,8.12,WS_ms
2026-07-09 12:41:41,7.18,WS_ms
2026-07-09 12:41:42,8.09,WS_ms
2026-07-09 12:41:43,7.42,WS_ms
2026-07-09 12:41:48,7.24,WS_ms
2026-07-09 12:41:51,6.76,WS_ms
2026-07-09 12:41:52,7.27,WS_ms
2026-07-09 12:41:53,6.76,WS_ms
2026-07-09 12:41:57,6.95,WS_ms
2026-07-09 12:41:58,6.76,WS_ms
2026-07-09 12:42:00,6.94,WS_ms
2026-07-09 12:42:02,7.38,WS_ms
2026-07-09 12:42:03,6.8,WS_ms
2026-07-09 12:42:04,6.58,WS_ms
2026-07-09 12:42:05,8.42,WS_ms
2026-07-09 12:42:06,8.44,WS_ms
2026-07-09 12:42:07,8.25,WS_ms
2026-07-09 12:42:08,7.99,WS_ms
2026-07-09 12:42:09,8.31,WS_ms
2026-07-09 12:42:10,7.77,WS_ms
2026-07-09 12:42:11,7.71,WS_ms
2026-07-09 12:42:12,7.35,WS_ms
2026-07-09 12:42:16,7.8,WS_ms
2026-07-09 12:42:17,8.09,WS_ms
2026-07-09 12:42:18,7.51,WS_ms
2026-07-09 12:42:19,8.54,WS_ms
2026-07-09 12:42:20,8.49,WS_ms
2026-07-09 12:42:21,8.58,WS_ms
2026-07-09 12:42:22,8.45,WS_ms
2026-07-09 12:42:23,8.82,WS_ms
2026-07-09 12:42:24,7.3,WS_ms
2026-07-09 12:42:25,8.77,WS_ms
2026-07-09 12:42:26,9.61,WS_ms
2026-07-09 12:42:27,8.38,WS_ms
2026-07-09 12:42:28,9.71,WS_ms
2026-07-09 12:42:29,8.28,WS_ms
2026-07-09 12:42:30,9.04,WS_ms
2026-07-09 12:42:31,9.15,WS_ms
2026-07-09 12:42:32,10.39,WS_ms
2026-07-09 12:42:33,8.99,WS_ms
2026-07-09 12:42:34,7.83,WS_ms
2026-07-09 12:42:35,10.75,WS_ms
2026-07-09 12:42:36,10.31,WS_ms
2026-07-09 12:42:37,10.03,WS_ms
2026-07-09 12:42:38,9.73,WS_ms
2026-07-09 12:42:39,9.37,WS_ms
2026-07-09 12:42:40,9.16,WS_ms
2026-07-09 12:42:41,8.28,WS_ms
2026-07-09 12:42:42,10.21,WS_ms
2026-07-09 12:42:43,7.61,WS_ms
2026-07-09 12:42:44,7.4,WS_ms
2026-07-09 12:42:45,8.03,WS_ms
2026-07-09 12:42:46,7.39,WS_ms
2026-07-09 12:42:49,8.08,WS_ms
2026-07-09 12:42:51,7.55,WS_ms
2026-07-09 12:42:52,7.02,WS_ms
2026-07-09 12:42:53,7.52,WS_ms
2026-07-09 12:42:54,7.0,WS_ms
2026-07-09 12:42:55,7.54,WS_ms
2026-07-09 12:43:06,7.02,WS_ms
2026-07-09 12:43:07,7.68,WS_ms
2026-07-09 12:43:08,6.66,WS_ms
2026-07-09 12:43:30,6.76,WS_ms
2026-07-09 12:43:31,7.61,WS_ms
2026-07-09 12:43:32,7.66,WS_ms
2026-07-09 12:43:33,7.8,WS_ms
2026-07-09 12:43:34,8.45,WS_ms
2026-07-09 12:43:35,7.87,WS_ms
2026-07-09 12:43:36,7.79,WS_ms
2026-07-09 12:43:37,6.83,WS_ms
2026-07-09 12:45:11,7.51,WS_ms
2026-07-09 12:45:12,6.6,WS_ms
2026-07-09 12:45:14,6.74,WS_ms
2026-07-09 12:45:15,7.59,WS_ms
2026-07-09 12:45:16,7.06,WS_ms
2026-07-09 12:45:25,7.93,WS_ms
2026-07-09 12:45:26,6.61,WS_ms
2026-07-09 12:45:27,6.98,WS_ms
2026-07-09 12:45:28,7.0,WS_ms
2026-07-09 12:45:29,7.55,WS_ms
2026-07-09 12:45:30,7.52,WS_ms
2026-07-09 12:45:31,6.75,WS_ms
2026-07-09 12:45:38,6.98,WS_ms
2026-07-09 12:45:39,7.05,WS_ms
2026-07-09 12:45:42,6.88,WS_ms
2026-07-09 12:46:23,6.61,WS_ms
2026-07-09 12:46:24,7.67,WS_ms
2026-07-09 12:46:25,7.0,WS_ms
2026-07-09 12:46:27,7.25,WS_ms
2026-07-09 12:46:30,6.96,WS_ms
2026-07-09 12:46:31,6.71,WS_ms
2026-07-09 12:46:49,8.39,WS_ms
2026-07-09 12:46:50,7.81,WS_ms
2026-07-09 12:46:53,7.41,WS_ms
2026-07-09 12:46:54,6.58,WS_ms
2026-07-09 12:48:11,6.82,WS_ms
2026-07-09 12:48:13,6.75,WS_ms
2026-07-09 12:48:15,6.6,WS_ms
2026-07-09 12:48:17,6.7,WS_ms
2026-07-09 12:48:55,7.16,WS_ms
2026-07-09 12:48:56,8.28,WS_ms
2026-07-09 12:48:57,8.3,WS_ms
2026-07-09 12:48:58,8.14,WS_ms
2026-07-09 12:48:59,7.75,WS_ms
2026-07-09 12:49:00,7.66,WS_ms
2026-07-09 12:49:01,6.73,WS_ms
2026-07-09 12:49:06,7.16,WS_ms
2026-07-09 12:49:18,6.75,WS_ms
2026-07-09 12:49:19,7.13,WS_ms
2026-07-09 12:49:22,7.26,WS_ms
2026-07-09 12:49:23,6.98,WS_ms
2026-07-09 12:49:32,7.5,WS_ms
2026-07-09 12:49:34,7.59,WS_ms
2026-07-09 12:49:37,6.84,WS_ms
2026-07-09 12:49:47,6.85,WS_ms
2026-07-09 12:50:15,6.7,WS_ms
2026-07-09 12:50:19,6.81,WS_ms
2026-07-09 12:50:20,7.66,WS_ms
2026-07-09 12:50:24,6.75,WS_ms
2026-07-09 12:50:25,7.18,WS_ms
2026-07-09 12:50:28,7.35,WS_ms
2026-07-09 12:50:29,7.87,WS_ms
2026-07-09 12:50:30,8.86,WS_ms
2026-07-09 12:50:31,8.29,WS_ms
2026-07-09 12:50:32,7.8,WS_ms
2026-07-09 12:50:33,7.89,WS_ms
2026-07-09 12:50:34,7.12,WS_ms
2026-07-09 12:50:35,6.79,WS_ms
2026-07-09 12:50:36,7.04,WS_ms
2026-07-09 12:50:37,7.0,WS_ms
2026-07-09 12:50:38,7.21,WS_ms
2026-07-09 12:50:39,6.91,WS_ms
2026-07-09 12:51:15,6.91,WS_ms
2026-07-09 12:51:25,6.69,WS_ms
2026-07-09 12:52:28,6.69,WS_ms
2026-07-09 12:54:54,6.73,WS_ms
2026-07-09 12:55:47,7.15,WS_ms
2026-07-09 12:55:48,6.98,WS_ms
2026-07-09 12:55:50,6.9,WS_ms
2026-07-09 12:55:51,6.83,WS_ms
2026-07-09 12:55:52,7.4,WS_ms
2026-07-09 12:55:53,7.05,WS_ms
2026-07-09 12:56:18,6.89,WS_ms
2026-07-09 12:56:20,6.87,WS_ms
2026-07-09 12:56:42,6.85,WS_ms
2026-07-09 12:56:46,6.71,WS_ms
2026-07-09 12:57:30,6.83,WS_ms
2026-07-09 12:57:31,7.47,WS_ms
2026-07-09 12:57:32,7.81,WS_ms
2026-07-09 12:57:33,7.66,WS_ms
2026-07-09 12:57:34,7.96,WS_ms
2026-07-09 12:57:35,7.92,WS_ms
2026-07-09 12:57:36,7.67,WS_ms
2026-07-09 12:57:37,8.16,WS_ms
2026-07-09 12:57:38,8.18,WS_ms
2026-07-09 12:57:39,7.76,WS_ms
2026-07-09 12:57:40,7.31,WS_ms
2026-07-09 12:57:41,7.06,WS_ms
2026-07-09 12:57:42,6.77,WS_ms
2026-07-09 12:57:43,7.33,WS_ms
2026-07-09 12:57:45,6.62,WS_ms
2026-07-09 12:57:47,7.15,WS_ms
2026-07-09 12:57:48,7.47,WS_ms
2026-07-09 12:57:49,6.72,WS_ms
2026-07-09 12:57:51,7.1,WS_ms
2026-07-09 12:57:52,6.71,WS_ms
2026-07-09 12:57:54,6.99,WS_ms
2026-07-09 12:57:57,6.96,WS_ms
2026-07-09 12:57:59,6.91,WS_ms
2026-07-09 12:58:00,6.7,WS_ms
2026-07-09 12:58:15,6.68,WS_ms
2026-07-09 12:58:17,6.59,WS_ms
2026-07-09 12:58:18,6.78,WS_ms
2026-07-09 12:58:22,6.79,WS_ms
2026-07-09 12:58:26,6.8,WS_ms
2026-07-09 12:58:27,7.26,WS_ms
2026-07-09 12:58:28,7.76,WS_ms
2026-07-09 12:58:29,7.93,WS_ms
2026-07-09 12:58:30,7.85,WS_ms
2026-07-09 12:58:31,7.69,WS_ms
2026-07-09 12:58:32,6.8,WS_ms
2026-07-09 12:58:34,8.02,WS_ms
2026-07-09 12:58:35,6.82,WS_ms
2026-07-09 12:58:36,8.09,WS_ms
2026-07-09 12:58:37,6.7,WS_ms
2026-07-09 12:58:38,6.63,WS_ms
2026-07-09 12:58:39,7.46,WS_ms
2026-07-09 12:58:40,7.55,WS_ms
2026-07-09 12:58:41,6.87,WS_ms
2026-07-09 12:58:44,6.81,WS_ms
2026-07-09 12:58:45,6.88,WS_ms
2026-07-09 12:58:51,6.77,WS_ms
2026-07-09 12:59:26,7.52,WS_ms
2026-07-09 12:59:27,7.31,WS_ms
2026-07-09 13:00:52,6.59,WS_ms
2026-07-09 13:00:55,6.59,WS_ms
2026-07-09 13:01:47,6.63,WS_ms
2026-07-09 13:01:48,6.68,WS_ms
2026-07-09 13:02:19,6.63,WS_ms
2026-07-09 13:03:00,7.82,WS_ms
2026-07-09 13:03:01,7.5,WS_ms
2026-07-09 13:03:02,7.8,WS_ms
2026-07-09 13:03:03,7.4,WS_ms
2026-07-09 13:03:05,6.88,WS_ms
2026-07-09 13:03:07,6.99,WS_ms
2026-07-09 13:03:08,6.58,WS_ms
2026-07-09 13:03:28,6.64,WS_ms
2026-07-09 13:03:51,6.63,WS_ms
2026-07-09 13:04:23,8.39,WS_ms
2026-07-09 13:04:25,6.99,WS_ms
2026-07-09 13:04:26,7.08,WS_ms
2026-07-09 13:04:30,6.81,WS_ms
2026-07-09 13:04:41,7.58,WS_ms
2026-07-09 13:04:42,8.01,WS_ms
2026-07-09 13:04:45,7.38,WS_ms
2026-07-09 13:04:46,6.97,WS_ms
2026-07-09 13:04:57,7.08,WS_ms
2026-07-09 13:06:34,7.07,WS_ms
2026-07-09 13:06:52,6.65,WS_ms
2026-07-09 13:06:53,6.62,WS_ms
2026-07-09 13:06:58,7.23,WS_ms
2026-07-09 13:07:01,6.91,WS_ms
2026-07-09 13:08:52,6.91,WS_ms
2026-07-09 13:08:53,7.34,WS_ms
2026-07-09 13:09:41,7.1,WS_ms
2026-07-09 13:09:43,7.18,WS_ms
2026-07-09 13:09:44,7.87,WS_ms
2026-07-09 13:09:47,7.88,WS_ms
2026-07-09 13:09:48,7.27,WS_ms
2026-07-09 13:09:49,7.31,WS_ms
2026-07-09 13:09:50,7.38,WS_ms
2026-07-09 13:09:51,7.39,WS_ms
2026-07-09 13:09:53,7.06,WS_ms
2026-07-09 13:09:55,6.95,WS_ms
2026-07-09 13:09:57,7.93,WS_ms
2026-07-09 13:09:58,6.65,WS_ms
2026-07-09 13:09:59,8.53,WS_ms
2026-07-09 13:10:00,7.75,WS_ms
2026-07-09 13:10:01,7.5,WS_ms
2026-07-09 13:10:02,6.88,WS_ms
2026-07-09 13:10:03,6.63,WS_ms
2026-07-09 13:10:04,7.09,WS_ms
2026-07-09 13:10:06,6.95,WS_ms
2026-07-09 13:10:15,6.78,WS_ms
2026-07-09 13:10:18,6.72,WS_ms
2026-07-09 13:10:59,6.98,WS_ms
2026-07-09 13:12:21,7.23,WS_ms
2026-07-09 13:12:22,7.13,WS_ms
2026-07-09 13:12:24,7.91,WS_ms
2026-07-09 13:12:25,7.84,WS_ms
2026-07-09 13:12:26,8.06,WS_ms
2026-07-09 13:12:27,8.53,WS_ms
2026-07-09 13:12:28,8.34,WS_ms
2026-07-09 13:12:29,7.73,WS_ms
2026-07-09 13:12:30,7.77,WS_ms
2026-07-09 13:12:31,6.62,WS_ms
2026-07-09 13:12:32,7.41,WS_ms
2026-07-09 13:12:33,7.43,WS_ms
2026-07-09 13:12:34,8.3,WS_ms
2026-07-09 13:12:35,7.94,WS_ms
2026-07-09 13:12:36,7.8,WS_ms
2026-07-09 13:12:37,6.75,WS_ms
2026-07-09 13:12:38,7.93,WS_ms
2026-07-09 13:12:39,7.35,WS_ms
2026-07-09 13:12:40,6.69,WS_ms
2026-07-09 13:12:52,6.58,WS_ms
2026-07-09 13:12:56,7.71,WS_ms
2026-07-09 13:12:57,7.92,WS_ms
2026-07-09 13:12:58,7.98,WS_ms
2026-07-09 13:12:59,8.76,WS_ms
2026-07-09 13:13:00,7.74,WS_ms
2026-07-09 13:13:01,8.87,WS_ms
2026-07-09 13:13:02,9.21,WS_ms
2026-07-09 13:13:03,9.13,WS_ms
2026-07-09 13:13:04,8.09,WS_ms
2026-07-09 13:13:05,7.44,WS_ms
2026-07-09 13:13:06,7.95,WS_ms
2026-07-09 13:13:07,8.52,WS_ms
2026-07-09 13:13:08,8.5,WS_ms
2026-07-09 13:13:09,9.44,WS_ms
2026-07-09 13:13:10,9.16,WS_ms
2026-07-09 13:13:11,9.53,WS_ms
2026-07-09 13:13:12,9.71,WS_ms
2026-07-09 13:13:13,8.17,WS_ms
2026-07-09 13:13:14,9.12,WS_ms
2026-07-09 13:13:15,7.86,WS_ms
2026-07-09 13:13:16,7.23,WS_ms
2026-07-09 13:13:17,7.65,WS_ms
2026-07-09 13:13:18,7.6,WS_ms
2026-07-09 13:13:19,7.49,WS_ms
2026-07-09 13:13:20,8.66,WS_ms
2026-07-09 13:13:21,8.24,WS_ms
2026-07-09 13:13:22,6.94,WS_ms
2026-07-09 13:13:23,8.2,WS_ms
2026-07-09 13:13:24,8.86,WS_ms
2026-07-09 13:13:25,8.41,WS_ms
2026-07-09 13:13:26,8.29,WS_ms
2026-07-09 13:13:27,7.64,WS_ms
2026-07-09 13:13:29,7.59,WS_ms
2026-07-09 13:13:32,7.76,WS_ms
2026-07-09 13:13:33,8.03,WS_ms
2026-07-09 13:13:34,7.8,WS_ms
2026-07-09 13:13:47,7.19,WS_ms
2026-07-09 13:13:48,8.89,WS_ms
2026-07-09 13:13:49,8.29,WS_ms
2026-07-09 13:13:50,7.17,WS_ms
2026-07-09 13:13:54,6.92,WS_ms
2026-07-09 13:13:55,7.01,WS_ms
2026-07-09 13:13:56,7.04,WS_ms
2026-07-09 13:14:04,6.71,WS_ms
2026-07-09 13:14:05,6.77,WS_ms
2026-07-09 13:14:08,8.15,WS_ms
2026-07-09 13:14:13,6.6,WS_ms
2026-07-09 13:14:16,6.64,WS_ms
2026-07-09 13:14:41,6.75,WS_ms
2026-07-09 13:14:44,6.6,WS_ms
2026-07-09 13:14:45,8.02,WS_ms
2026-07-09 13:14:46,7.52,WS_ms
2026-07-09 13:14:47,6.94,WS_ms
2026-07-09 13:14:48,7.7,WS_ms
2026-07-09 13:14:49,7.2,WS_ms
2026-07-09 13:14:51,8.26,WS_ms
2026-07-09 13:14:52,8.32,WS_ms
2026-07-09 13:14:53,7.52,WS_ms
2026-07-09 13:14:54,7.83,WS_ms
2026-07-09 13:14:55,7.82,WS_ms
2026-07-09 13:14:58,7.05,WS_ms
2026-07-09 13:15:00,7.17,WS_ms
2026-07-09 13:15:02,7.36,WS_ms
2026-07-09 13:15:03,8.54,WS_ms
2026-07-09 13:15:04,7.6,WS_ms
2026-07-09 13:15:05,7.21,WS_ms
2026-07-09 13:15:06,7.08,WS_ms
2026-07-09 13:15:07,7.53,WS_ms
2026-07-09 13:15:08,8.32,WS_ms
2026-07-09 13:15:09,7.36,WS_ms
2026-07-09 13:15:11,6.83,WS_ms
2026-07-09 13:15:12,8.27,WS_ms
2026-07-09 13:15:13,8.54,WS_ms
2026-07-09 13:15:14,8.21,WS_ms
2026-07-09 13:15:15,7.99,WS_ms
2026-07-09 13:15:16,6.97,WS_ms
2026-07-09 13:15:17,7.11,WS_ms
2026-07-09 13:15:18,6.98,WS_ms
2026-07-09 13:15:20,6.82,WS_ms
2026-07-09 13:15:23,7.1,WS_ms
2026-07-09 13:15:24,6.93,WS_ms
2026-07-09 13:15:36,6.94,WS_ms
2026-07-09 13:16:27,6.82,WS_ms
2026-07-09 13:16:35,6.78,WS_ms
2026-07-09 13:16:38,6.62,WS_ms
2026-07-09 13:16:50,6.72,WS_ms
2026-07-09 13:16:51,7.61,WS_ms
2026-07-09 13:16:52,8.67,WS_ms
2026-07-09 13:16:53,9.02,WS_ms
2026-07-09 13:16:54,7.88,WS_ms
2026-07-09 13:16:55,6.7,WS_ms
2026-07-09 13:16:57,6.78,WS_ms
2026-07-09 13:16:58,8.25,WS_ms
2026-07-09 13:16:59,8.91,WS_ms
2026-07-09 13:17:00,8.99,WS_ms
2026-07-09 13:17:01,8.54,WS_ms
2026-07-09 13:17:02,8.4,WS_ms
2026-07-09 13:17:03,8.24,WS_ms
2026-07-09 13:17:04,7.8,WS_ms
2026-07-09 13:17:05,7.5,WS_ms
2026-07-09 13:17:06,8.65,WS_ms
2026-07-09 13:17:07,9.39,WS_ms
2026-07-09 13:17:08,8.59,WS_ms
2026-07-09 13:17:09,7.49,WS_ms
2026-07-09 13:17:11,7.26,WS_ms
2026-07-09 13:17:12,6.67,WS_ms
2026-07-09 13:17:14,7.56,WS_ms
2026-07-09 13:17:15,7.39,WS_ms
2026-07-09 13:17:16,7.22,WS_ms
2026-07-09 13:17:51,7.43,WS_ms
2026-07-09 13:17:55,6.58,WS_ms
2026-07-09 13:18:21,7.04,WS_ms
2026-07-09 13:18:22,7.45,WS_ms
2026-07-09 13:18:25,7.11,WS_ms
2026-07-09 13:18:27,7.08,WS_ms
2026-07-09 13:18:32,6.83,WS_ms
2026-07-09 13:18:33,9.11,WS_ms
2026-07-09 13:18:34,8.4,WS_ms
2026-07-09 13:18:35,8.2,WS_ms
2026-07-09 13:18:36,8.13,WS_ms
2026-07-09 13:18:37,7.66,WS_ms
2026-07-09 13:18:38,8.98,WS_ms
2026-07-09 13:18:39,7.91,WS_ms
2026-07-09 13:18:40,6.79,WS_ms
2026-07-09 13:18:41,7.12,WS_ms
2026-07-09 13:18:42,6.65,WS_ms
2026-07-09 13:18:43,7.34,WS_ms
2026-07-09 13:18:51,6.93,WS_ms
2026-07-09 13:18:57,6.71,WS_ms
2026-07-09 13:19:20,7.79,WS_ms
2026-07-09 13:19:21,7.59,WS_ms
2026-07-09 13:19:22,7.49,WS_ms
2026-07-09 13:19:23,7.14,WS_ms
2026-07-09 13:19:24,7.31,WS_ms
2026-07-09 13:19:28,7.47,WS_ms
2026-07-09 13:19:33,6.6,WS_ms
2026-07-09 13:19:37,7.83,WS_ms
2026-07-09 13:19:38,7.63,WS_ms
2026-07-09 13:19:39,7.68,WS_ms
2026-07-09 13:19:40,7.61,WS_ms
2026-07-09 13:19:47,7.15,WS_ms
2026-07-09 13:19:48,8.26,WS_ms
2026-07-09 13:19:49,6.9,WS_ms
2026-07-09 13:19:50,6.94,WS_ms
2026-07-09 13:19:51,6.74,WS_ms
2026-07-09 13:21:06,7.11,WS_ms
2026-07-09 13:21:36,6.84,WS_ms
2026-07-09 13:21:37,7.15,WS_ms
2026-07-09 13:21:42,7.74,WS_ms
2026-07-09 13:21:43,7.14,WS_ms
2026-07-09 13:21:44,6.66,WS_ms
2026-07-09 13:22:36,6.85,WS_ms
2026-07-09 13:22:42,7.11,WS_ms
2026-07-09 13:22:53,7.06,WS_ms
2026-07-09 13:22:55,6.6,WS_ms
2026-07-09 13:22:56,6.84,WS_ms
2026-07-09 13:22:57,7.05,WS_ms
2026-07-09 13:22:58,7.61,WS_ms
2026-07-09 13:22:59,7.38,WS_ms
2026-07-09 13:23:00,6.68,WS_ms
2026-07-09 13:23:08,7.29,WS_ms
2026-07-09 13:23:27,7.07,WS_ms
2026-07-09 13:23:28,8.09,WS_ms
2026-07-09 13:23:35,6.9,WS_ms
2026-07-09 13:23:39,6.82,WS_ms
2026-07-09 13:23:40,7.59,WS_ms
2026-07-09 13:23:41,7.38,WS_ms
2026-07-09 13:23:43,7.1,WS_ms
2026-07-09 13:23:44,6.72,WS_ms
2026-07-09 13:23:47,7.1,WS_ms
2026-07-09 13:23:48,7.36,WS_ms
2026-07-09 13:23:50,6.79,WS_ms
2026-07-09 13:23:59,6.62,WS_ms
2026-07-09 13:24:02,6.7,WS_ms
2026-07-09 13:24:06,6.78,WS_ms
2026-07-09 13:24:07,6.84,WS_ms
2026-07-09 13:24:14,6.68,WS_ms
2026-07-09 13:25:13,6.81,WS_ms
2026-07-09 13:25:15,7.08,WS_ms
2026-07-09 13:25:16,6.83,WS_ms
2026-07-09 13:25:17,7.08,WS_ms
2026-07-09 13:25:25,6.72,WS_ms
2026-07-09 13:25:50,7.37,WS_ms
2026-07-09 13:25:53,7.4,WS_ms
2026-07-09 13:25:55,8.28,WS_ms
2026-07-09 13:25:56,7.02,WS_ms
2026-07-09 13:25:57,6.91,WS_ms
2026-07-09 13:25:58,8.71,WS_ms
2026-07-09 13:25:59,8.11,WS_ms
2026-07-09 13:26:00,8.75,WS_ms
2026-07-09 13:26:01,7.44,WS_ms
2026-07-09 13:26:02,8.12,WS_ms
2026-07-09 13:26:03,7.03,WS_ms
2026-07-09 13:26:04,8.97,WS_ms
2026-07-09 13:26:05,9.59,WS_ms
2026-07-09 13:26:06,8.6,WS_ms
2026-07-09 13:26:07,8.65,WS_ms
2026-07-09 13:26:08,6.95,WS_ms
2026-07-09 13:26:15,7.79,WS_ms
2026-07-09 13:26:16,8.49,WS_ms
2026-07-09 13:26:17,7.11,WS_ms
2026-07-09 13:26:18,6.71,WS_ms
2026-07-09 13:26:29,8.95,WS_ms
2026-07-09 13:26:30,8.43,WS_ms
2026-07-09 13:26:31,6.93,WS_ms
2026-07-09 13:26:33,6.96,WS_ms
2026-07-09 13:26:39,8.25,WS_ms
2026-07-09 13:26:40,8.81,WS_ms
2026-07-09 13:26:41,8.56,WS_ms
2026-07-09 13:26:42,8.92,WS_ms
2026-07-09 13:26:43,7.67,WS_ms
2026-07-09 13:26:45,7.98,WS_ms
2026-07-09 13:26:46,7.74,WS_ms
2026-07-09 13:26:47,8.12,WS_ms
2026-07-09 13:26:48,7.36,WS_ms
2026-07-09 13:26:49,7.16,WS_ms
2026-07-09 13:26:50,7.38,WS_ms
2026-07-09 13:26:51,6.85,WS_ms
2026-07-09 13:26:52,7.08,WS_ms
2026-07-09 13:26:53,7.3,WS_ms
2026-07-09 13:26:54,6.7,WS_ms
2026-07-09 13:26:55,6.62,WS_ms
2026-07-09 13:26:56,7.62,WS_ms
2026-07-09 13:26:57,6.89,WS_ms
2026-07-09 13:26:59,6.94,WS_ms
2026-07-09 13:27:00,8.07,WS_ms
2026-07-09 13:27:05,7.42,WS_ms
2026-07-09 13:27:15,7.56,WS_ms
2026-07-09 13:27:16,8.82,WS_ms
2026-07-09 13:27:17,8.7,WS_ms
2026-07-09 13:27:18,8.01,WS_ms
2026-07-09 13:27:19,7.53,WS_ms
2026-07-09 13:27:20,6.86,WS_ms
2026-07-09 13:27:21,6.79,WS_ms
2026-07-09 13:27:23,8.15,WS_ms
2026-07-09 13:27:24,7.88,WS_ms
2026-07-09 13:27:25,7.7,WS_ms
2026-07-09 13:27:27,7.39,WS_ms
2026-07-09 13:27:28,7.98,WS_ms
2026-07-09 13:27:29,7.58,WS_ms
2026-07-09 13:27:30,7.54,WS_ms
2026-07-09 13:27:31,7.55,WS_ms
2026-07-09 13:27:32,8.23,WS_ms
2026-07-09 13:27:33,8.07,WS_ms
2026-07-09 13:27:34,7.65,WS_ms
2026-07-09 13:27:35,7.48,WS_ms
2026-07-09 13:27:39,7.17,WS_ms
2026-07-09 13:27:40,6.86,WS_ms
2026-07-09 13:27:41,7.4,WS_ms
2026-07-09 13:27:42,7.49,WS_ms
2026-07-09 13:27:43,7.42,WS_ms
2026-07-09 13:27:44,7.38,WS_ms
2026-07-09 13:27:45,7.04,WS_ms
2026-07-09 13:28:56,6.71,WS_ms
2026-07-09 13:28:57,6.88,WS_ms
2026-07-09 13:28:59,6.82,WS_ms
2026-07-09 13:29:03,6.75,WS_ms
2026-07-09 13:29:04,9.14,WS_ms
2026-07-09 13:29:05,9.94,WS_ms
2026-07-09 13:29:06,8.26,WS_ms
2026-07-09 13:29:07,9.13,WS_ms
2026-07-09 13:29:08,8.33,WS_ms
2026-07-09 13:29:09,8.37,WS_ms
2026-07-09 13:29:10,7.7,WS_ms
2026-07-09 13:29:11,8.02,WS_ms
2026-07-09 13:29:12,8.5,WS_ms
2026-07-09 13:29:13,8.83,WS_ms
2026-07-09 13:29:14,8.54,WS_ms
2026-07-09 13:29:15,7.93,WS_ms
2026-07-09 13:29:16,8.34,WS_ms
2026-07-09 13:29:17,8.49,WS_ms
2026-07-09 13:29:18,7.86,WS_ms
2026-07-09 13:29:19,7.12,WS_ms
2026-07-09 13:29:20,7.83,WS_ms
2026-07-09 13:29:21,8.51,WS_ms
2026-07-09 13:29:22,7.95,WS_ms
2026-07-09 13:29:23,7.49,WS_ms
2026-07-09 13:29:24,8.2,WS_ms
2026-07-09 13:29:41,6.62,WS_ms
2026-07-09 13:29:44,6.63,WS_ms
2026-07-09 13:30:33,6.77,WS_ms
2026-07-09 13:30:34,6.97,WS_ms
2026-07-09 13:30:36,7.78,WS_ms
2026-07-09 13:30:39,6.99,WS_ms
2026-07-09 13:30:40,6.76,WS_ms
2026-07-09 13:30:42,6.81,WS_ms
2026-07-09 13:30:44,6.6,WS_ms
2026-07-09 13:30:48,7.56,WS_ms
2026-07-09 13:30:50,6.6,WS_ms
2026-07-09 13:30:59,9.03,WS_ms
2026-07-09 13:31:00,7.62,WS_ms
2026-07-09 13:31:01,7.66,WS_ms
2026-07-09 13:31:02,7.18,WS_ms
2026-07-09 13:31:03,7.64,WS_ms
2026-07-09 13:31:07,7.24,WS_ms
2026-07-09 13:31:08,8.59,WS_ms
2026-07-09 13:31:09,8.13,WS_ms
2026-07-09 13:31:10,8.53,WS_ms
2026-07-09 13:31:11,9.08,WS_ms
2026-07-09 13:31:12,8.44,WS_ms
2026-07-09 13:31:13,8.3,WS_ms
2026-07-09 13:31:14,8.4,WS_ms
2026-07-09 13:31:15,7.96,WS_ms
2026-07-09 13:31:16,7.13,WS_ms
2026-07-09 13:31:17,7.07,WS_ms
2026-07-09 13:31:18,7.12,WS_ms
2026-07-09 13:31:19,6.9,WS_ms
2026-07-09 13:31:23,7.15,WS_ms
2026-07-09 13:31:24,7.71,WS_ms
2026-07-09 13:31:25,7.5,WS_ms
2026-07-09 13:31:26,7.04,WS_ms
2026-07-09 13:31:27,7.11,WS_ms
2026-07-09 13:31:28,6.96,WS_ms
2026-07-09 13:31:30,6.63,WS_ms
2026-07-09 13:31:31,8.78,WS_ms
2026-07-09 13:31:32,8.25,WS_ms
2026-07-09 13:31:33,7.23,WS_ms
2026-07-09 13:31:34,8.62,WS_ms
2026-07-09 13:31:35,7.32,WS_ms
2026-07-09 13:31:36,7.3,WS_ms
2026-07-09 13:31:37,6.91,WS_ms
2026-07-09 13:31:38,6.92,WS_ms
2026-07-09 13:31:41,6.71,WS_ms
2026-07-09 13:31:45,6.64,WS_ms
2026-07-09 13:31:46,6.94,WS_ms
2026-07-09 13:31:47,6.95,WS_ms
2026-07-09 13:31:48,6.88,WS_ms
2026-07-09 13:31:49,6.99,WS_ms
2026-07-09 13:31:50,6.78,WS_ms
2026-07-09 13:32:07,7.04,WS_ms
2026-07-09 13:32:18,7.13,WS_ms
2026-07-09 13:32:20,7.14,WS_ms
2026-07-09 13:32:24,7.2,WS_ms
2026-07-09 13:32:25,6.78,WS_ms
2026-07-09 13:33:49,7.53,WS_ms
2026-07-09 13:33:50,8.4,WS_ms
2026-07-09 13:33:52,8.55,WS_ms
2026-07-09 13:33:55,6.84,WS_ms
2026-07-09 13:33:57,6.85,WS_ms
2026-07-09 13:33:59,8.01,WS_ms
2026-07-09 13:34:00,7.48,WS_ms
2026-07-09 13:34:01,7.21,WS_ms
2026-07-09 13:34:18,7.14,WS_ms
2026-07-09 13:34:19,7.92,WS_ms
2026-07-09 13:34:21,7.48,WS_ms
2026-07-09 13:34:22,7.55,WS_ms
2026-07-09 13:34:23,7.79,WS_ms
2026-07-09 13:34:24,7.8,WS_ms
2026-07-09 13:34:25,8.65,WS_ms
2026-07-09 13:34:26,8.93,WS_ms
2026-07-09 13:34:27,8.12,WS_ms
2026-07-09 13:34:28,6.87,WS_ms
2026-07-09 13:34:30,7.48,WS_ms
2026-07-09 13:34:31,7.06,WS_ms
2026-07-09 13:34:32,6.78,WS_ms
2026-07-09 13:34:33,7.25,WS_ms
2026-07-09 13:34:34,7.21,WS_ms
2026-07-09 13:34:35,6.65,WS_ms
2026-07-09 13:34:37,6.65,WS_ms
2026-07-09 13:34:38,6.77,WS_ms
2026-07-09 13:34:39,7.1,WS_ms
2026-07-09 13:35:01,7.66,WS_ms
2026-07-09 13:35:03,7.73,WS_ms
2026-07-09 13:35:04,7.85,WS_ms
2026-07-09 13:35:05,7.44,WS_ms
2026-07-09 13:35:06,6.85,WS_ms
2026-07-09 13:35:08,7.39,WS_ms
2026-07-09 13:35:10,7.0,WS_ms
2026-07-09 13:35:11,7.61,WS_ms
2026-07-09 13:35:12,7.18,WS_ms
2026-07-09 13:35:13,6.59,WS_ms
2026-07-09 13:35:18,7.91,WS_ms
2026-07-09 13:35:23,7.33,WS_ms
2026-07-09 13:35:24,7.55,WS_ms
2026-07-09 13:35:25,7.29,WS_ms
2026-07-09 13:35:26,6.75,WS_ms
2026-07-09 13:35:27,8.32,WS_ms
2026-07-09 13:35:28,8.79,WS_ms
2026-07-09 13:35:29,11.22,WS_ms
2026-07-09 13:35:30,10.91,WS_ms
2026-07-09 13:35:31,10.48,WS_ms
2026-07-09 13:35:32,10.81,WS_ms
2026-07-09 13:35:33,10.9,WS_ms
2026-07-09 13:35:34,10.12,WS_ms
2026-07-09 13:35:35,9.69,WS_ms
2026-07-09 13:35:36,10.13,WS_ms
2026-07-09 13:35:37,9.24,WS_ms
2026-07-09 13:35:38,9.2,WS_ms
2026-07-09 13:35:39,7.76,WS_ms
2026-07-09 13:35:40,7.61,WS_ms
2026-07-09 13:35:41,7.4,WS_ms
2026-07-09 13:35:42,7.51,WS_ms
2026-07-09 13:35:43,6.61,WS_ms
2026-07-09 13:35:44,7.4,WS_ms
2026-07-09 13:35:45,6.72,WS_ms
2026-07-09 13:35:46,6.75,WS_ms
2026-07-09 13:35:47,8.78,WS_ms
2026-07-09 13:35:48,8.26,WS_ms
2026-07-09 13:35:49,7.67,WS_ms
2026-07-09 13:35:50,7.63,WS_ms
2026-07-09 13:35:51,7.64,WS_ms
2026-07-09 13:35:53,7.47,WS_ms
2026-07-09 13:35:54,7.26,WS_ms
2026-07-09 13:35:55,7.07,WS_ms
2026-07-09 13:35:56,7.44,WS_ms
2026-07-09 13:35:57,7.46,WS_ms
2026-07-09 13:35:58,7.69,WS_ms
2026-07-09 13:35:59,7.54,WS_ms
2026-07-09 13:36:00,6.8,WS_ms
2026-07-09 13:36:03,7.41,WS_ms
2026-07-09 13:36:04,7.14,WS_ms
2026-07-09 13:36:05,7.07,WS_ms
2026-07-09 13:36:06,7.42,WS_ms
2026-07-09 13:36:08,6.71,WS_ms
2026-07-09 13:36:09,6.68,WS_ms
2026-07-09 13:36:10,6.95,WS_ms
2026-07-09 13:36:11,7.11,WS_ms
2026-07-09 13:36:13,7.36,WS_ms
2026-07-09 13:36:14,6.58,WS_ms
2026-07-09 13:36:15,6.67,WS_ms
2026-07-09 13:36:17,6.82,WS_ms
2026-07-09 13:36:18,6.64,WS_ms
2026-07-09 13:36:19,6.77,WS_ms
2026-07-09 13:36:20,7.06,WS_ms
2026-07-09 13:36:25,6.72,WS_ms
2026-07-09 13:38:04,7.55,WS_ms
2026-07-09 13:38:05,6.6,WS_ms
2026-07-09 13:38:07,6.58,WS_ms
2026-07-09 13:38:17,7.1,WS_ms
2026-07-09 13:38:18,6.62,WS_ms
2026-07-09 13:38:19,6.91,WS_ms
2026-07-09 13:38:20,7.16,WS_ms
2026-07-09 13:38:21,6.84,WS_ms
2026-07-09 13:38:22,6.87,WS_ms
2026-07-09 13:40:45,6.71,WS_ms
2026-07-09 13:40:49,6.68,WS_ms
2026-07-09 13:42:18,6.8,WS_ms
2026-07-09 13:42:30,6.67,WS_ms
2026-07-09 13:42:41,6.68,WS_ms
2026-07-09 13:42:43,6.9,WS_ms
2026-07-09 13:42:50,6.59,WS_ms
2026-07-09 13:42:53,6.73,WS_ms
2026-07-09 13:43:00,6.65,WS_ms
2026-07-09 13:43:02,7.45,WS_ms
2026-07-09 13:43:03,6.7,WS_ms
2026-07-09 13:43:04,7.1,WS_ms
2026-07-09 13:44:01,7.49,WS_ms
2026-07-09 13:44:02,6.74,WS_ms
2026-07-09 13:44:03,7.39,WS_ms
2026-07-09 13:44:05,7.89,WS_ms
2026-07-09 13:44:07,7.74,WS_ms
2026-07-09 13:44:08,7.23,WS_ms
2026-07-09 13:44:09,7.24,WS_ms
2026-07-09 13:44:10,8.04,WS_ms
2026-07-09 13:44:11,8.77,WS_ms
2026-07-09 13:44:12,6.85,WS_ms
2026-07-09 13:44:13,6.72,WS_ms
2026-07-09 13:44:23,7.05,WS_ms
2026-07-09 13:44:49,7.07,WS_ms
2026-07-09 13:45:16,6.94,WS_ms
2026-07-09 13:45:17,7.09,WS_ms
2026-07-09 13:45:18,6.71,WS_ms
2026-07-09 13:45:19,7.67,WS_ms
2026-07-09 13:45:20,7.93,WS_ms
2026-07-09 13:45:21,7.26,WS_ms
2026-07-09 13:45:22,7.23,WS_ms
2026-07-09 13:45:23,7.17,WS_ms
2026-07-09 13:45:24,6.7,WS_ms
2026-07-09 13:45:25,6.6,WS_ms
2026-07-09 13:45:26,6.62,WS_ms
2026-07-09 13:45:29,7.52,WS_ms
2026-07-09 13:45:30,6.63,WS_ms
2026-07-09 13:46:21,6.7,WS_ms
2026-07-09 13:46:23,6.7,WS_ms
2026-07-09 13:46:24,6.89,WS_ms
2026-07-09 13:46:25,6.81,WS_ms
2026-07-09 13:46:27,7.0,WS_ms
2026-07-09 13:46:33,6.84,WS_ms
2026-07-09 13:46:45,8.79,WS_ms
2026-07-09 13:46:46,8.42,WS_ms
2026-07-09 13:46:47,7.75,WS_ms
2026-07-09 13:46:48,9.73,WS_ms
2026-07-09 13:46:49,8.18,WS_ms
2026-07-09 13:46:50,8.0,WS_ms
2026-07-09 13:46:51,8.44,WS_ms
2026-07-09 13:46:52,7.69,WS_ms
2026-07-09 13:46:53,7.64,WS_ms
2026-07-09 13:46:54,8.81,WS_ms
2026-07-09 13:46:55,9.08,WS_ms
2026-07-09 13:46:56,8.67,WS_ms
2026-07-09 13:46:57,8.9,WS_ms
2026-07-09 13:46:58,7.88,WS_ms
2026-07-09 13:46:59,7.44,WS_ms
2026-07-09 13:47:00,7.06,WS_ms
2026-07-09 13:47:01,7.32,WS_ms
2026-07-09 13:47:24,7.14,WS_ms
2026-07-09 13:47:25,7.69,WS_ms
2026-07-09 13:47:26,7.12,WS_ms
2026-07-09 13:47:27,7.88,WS_ms
2026-07-09 13:47:30,7.48,WS_ms
2026-07-09 13:47:31,7.43,WS_ms
2026-07-09 13:47:38,6.99,WS_ms
2026-07-09 13:47:39,7.69,WS_ms
2026-07-09 13:47:40,6.65,WS_ms
2026-07-09 13:47:43,6.66,WS_ms
2026-07-09 13:47:58,6.94,WS_ms
2026-07-09 13:48:02,7.96,WS_ms
2026-07-09 13:48:06,6.99,WS_ms
2026-07-09 13:48:24,6.61,WS_ms
2026-07-09 13:48:25,8.65,WS_ms
2026-07-09 13:48:26,9.57,WS_ms
2026-07-09 13:48:27,9.55,WS_ms
2026-07-09 13:48:28,9.8,WS_ms
2026-07-09 13:48:29,10.02,WS_ms
2026-07-09 13:48:30,9.29,WS_ms
2026-07-09 13:48:31,9.31,WS_ms
2026-07-09 13:48:32,8.95,WS_ms
2026-07-09 13:48:33,8.02,WS_ms
2026-07-09 13:48:34,7.88,WS_ms
2026-07-09 13:48:35,8.07,WS_ms
2026-07-09 13:48:36,7.34,WS_ms
2026-07-09 13:48:37,7.25,WS_ms
2026-07-09 13:48:38,7.76,WS_ms
2026-07-09 13:48:39,7.72,WS_ms
2026-07-09 13:48:40,8.28,WS_ms
2026-07-09 13:48:41,7.06,WS_ms
2026-07-09 13:48:42,6.63,WS_ms
2026-07-09 13:48:59,7.24,WS_ms
2026-07-09 13:49:00,7.44,WS_ms
2026-07-09 13:49:01,7.06,WS_ms
2026-07-09 13:49:02,6.95,WS_ms
2026-07-09 13:49:03,8.33,WS_ms
2026-07-09 13:49:04,8.01,WS_ms
2026-07-09 13:49:05,9.41,WS_ms
2026-07-09 13:49:06,7.95,WS_ms
2026-07-09 13:49:07,7.96,WS_ms
2026-07-09 13:49:08,7.38,WS_ms
2026-07-09 13:49:09,8.57,WS_ms
2026-07-09 13:49:11,6.69,WS_ms
2026-07-09 13:49:12,7.04,WS_ms
2026-07-09 13:49:13,6.81,WS_ms
2026-07-09 13:49:29,7.0,WS_ms
2026-07-09 13:49:43,8.04,WS_ms
2026-07-09 13:49:44,8.03,WS_ms
2026-07-09 13:49:45,7.39,WS_ms
2026-07-09 13:49:47,7.86,WS_ms
2026-07-09 13:49:48,7.49,WS_ms
2026-07-09 13:49:49,6.7,WS_ms
2026-07-09 13:50:19,9.65,WS_ms
2026-07-09 13:50:23,7.29,WS_ms
2026-07-09 13:50:24,7.28,WS_ms
2026-07-09 13:50:25,6.95,WS_ms
2026-07-09 13:50:26,8.76,WS_ms
2026-07-09 13:50:27,8.55,WS_ms
2026-07-09 13:50:28,8.59,WS_ms
2026-07-09 13:50:29,8.91,WS_ms
2026-07-09 13:50:30,8.39,WS_ms
2026-07-09 13:50:31,8.32,WS_ms
2026-07-09 13:50:32,7.98,WS_ms
2026-07-09 13:50:33,7.7,WS_ms
2026-07-09 13:50:34,7.22,WS_ms
2026-07-09 13:50:36,7.7,WS_ms
2026-07-09 13:50:37,7.77,WS_ms
2026-07-09 13:50:38,8.29,WS_ms
2026-07-09 13:50:40,7.16,WS_ms
2026-07-09 13:50:41,7.21,WS_ms
2026-07-09 13:50:42,7.02,WS_ms
2026-07-09 13:50:44,6.9,WS_ms
2026-07-09 13:50:46,6.86,WS_ms
2026-07-09 13:50:48,7.22,WS_ms
2026-07-09 13:50:49,7.68,WS_ms
2026-07-09 13:50:50,6.85,WS_ms
2026-07-09 13:50:55,6.93,WS_ms
2026-07-09 13:50:56,6.9,WS_ms
2026-07-09 13:51:19,7.3,WS_ms
2026-07-09 13:51:20,7.35,WS_ms
2026-07-09 13:51:21,7.72,WS_ms
2026-07-09 13:51:23,7.36,WS_ms
2026-07-09 13:51:27,6.58,WS_ms
2026-07-09 13:51:28,6.65,WS_ms
2026-07-09 13:53:02,7.86,WS_ms
2026-07-09 13:53:08,7.12,WS_ms
2026-07-09 13:53:09,7.41,WS_ms
2026-07-09 13:53:10,6.63,WS_ms
2026-07-09 13:53:51,6.64,WS_ms
2026-07-09 13:53:59,6.91,WS_ms
2026-07-09 13:54:06,6.9,WS_ms
2026-07-09 13:54:07,6.74,WS_ms
2026-07-09 13:54:08,7.36,WS_ms
2026-07-09 13:54:09,6.83,WS_ms
2026-07-09 13:54:15,6.7,WS_ms
2026-07-09 13:54:16,7.02,WS_ms
2026-07-09 13:54:17,7.67,WS_ms
2026-07-09 13:54:18,7.06,WS_ms
2026-07-09 13:54:19,7.11,WS_ms
2026-07-09 13:54:20,7.86,WS_ms
2026-07-09 13:54:21,8.0,WS_ms
2026-07-09 13:54:22,7.4,WS_ms
2026-07-09 13:54:23,7.2,WS_ms
2026-07-09 13:54:24,7.2,WS_ms
2026-07-09 13:54:25,7.07,WS_ms
2026-07-09 13:54:26,7.36,WS_ms
2026-07-09 13:54:27,6.88,WS_ms
2026-07-09 13:54:28,6.84,WS_ms
2026-07-09 13:54:29,6.83,WS_ms
2026-07-09 13:54:30,7.15,WS_ms
2026-07-09 13:54:31,7.28,WS_ms
2026-07-09 13:54:32,6.68,WS_ms
2026-07-09 13:54:33,7.05,WS_ms
2026-07-09 13:55:04,7.46,WS_ms
2026-07-09 13:55:05,8.04,WS_ms
2026-07-09 13:55:07,7.02,WS_ms
2026-07-09 13:55:08,7.34,WS_ms
2026-07-09 13:55:09,6.84,WS_ms
2026-07-09 13:55:13,7.65,WS_ms
2026-07-09 13:55:27,7.94,WS_ms
2026-07-09 13:55:28,7.88,WS_ms
2026-07-09 13:55:29,6.85,WS_ms
2026-07-09 13:55:30,7.35,WS_ms
2026-07-09 13:55:31,7.55,WS_ms
2026-07-09 13:55:32,7.93,WS_ms
2026-07-09 13:56:21,7.41,WS_ms
2026-07-09 13:56:22,8.77,WS_ms
2026-07-09 13:56:23,8.62,WS_ms
2026-07-09 13:56:24,7.69,WS_ms
2026-07-09 13:56:25,7.34,WS_ms
2026-07-09 13:56:26,6.96,WS_ms
2026-07-09 13:56:28,6.72,WS_ms
2026-07-09 13:56:29,8.32,WS_ms
2026-07-09 13:56:30,7.66,WS_ms
2026-07-09 13:56:31,7.02,WS_ms
2026-07-09 13:56:32,7.31,WS_ms
2026-07-09 13:56:42,6.98,WS_ms
2026-07-09 13:57:09,7.23,WS_ms
2026-07-09 13:57:10,6.58,WS_ms
2026-07-09 13:57:11,7.78,WS_ms
2026-07-09 13:57:12,8.21,WS_ms
2026-07-09 13:57:13,6.64,WS_ms
2026-07-09 13:57:14,7.22,WS_ms
2026-07-09 13:57:16,7.77,WS_ms
2026-07-09 13:57:20,7.07,WS_ms
2026-07-09 13:57:21,7.8,WS_ms
2026-07-09 13:57:22,7.12,WS_ms
2026-07-09 13:57:23,7.76,WS_ms
2026-07-09 13:57:24,8.61,WS_ms
2026-07-09 13:57:25,7.09,WS_ms
2026-07-09 13:57:26,8.21,WS_ms
2026-07-09 13:57:27,7.9,WS_ms
2026-07-09 13:57:28,7.89,WS_ms
2026-07-09 13:57:29,7.45,WS_ms
2026-07-09 13:57:30,7.19,WS_ms
2026-07-09 13:57:31,7.76,WS_ms
2026-07-09 13:57:32,8.03,WS_ms
2026-07-09 13:57:33,7.74,WS_ms
2026-07-09 13:57:36,7.27,WS_ms
2026-07-09 13:57:38,6.8,WS_ms
2026-07-09 13:57:44,6.92,WS_ms
2026-07-09 13:57:45,6.99,WS_ms
2026-07-09 13:57:46,6.78,WS_ms
2026-07-09 13:57:48,7.76,WS_ms
2026-07-09 13:57:49,8.6,WS_ms
2026-07-09 13:57:50,6.91,WS_ms
2026-07-09 13:57:53,6.99,WS_ms
2026-07-09 13:58:02,6.59,WS_ms
2026-07-09 13:58:24,7.08,WS_ms
2026-07-09 14:01:34,6.95,WS_ms
2026-07-09 14:02:27,7.11,WS_ms
2026-07-09 14:02:28,6.76,WS_ms
2026-07-09 14:03:01,6.7,WS_ms
2026-07-09 14:03:03,6.97,WS_ms
2026-07-09 14:04:07,7.11,WS_ms
2026-07-09 14:04:08,7.79,WS_ms
2026-07-09 14:04:09,7.62,WS_ms
2026-07-09 14:04:10,7.76,WS_ms
2026-07-09 14:04:11,7.37,WS_ms
2026-07-09 14:04:12,7.45,WS_ms
2026-07-09 14:04:13,7.59,WS_ms
2026-07-09 14:04:14,7.73,WS_ms
2026-07-09 14:04:15,7.25,WS_ms
2026-07-09 14:04:16,6.92,WS_ms
2026-07-09 14:04:17,6.83,WS_ms
2026-07-09 14:04:19,7.86,WS_ms
2026-07-09 14:04:20,9.15,WS_ms
2026-07-09 14:04:21,7.6,WS_ms
2026-07-09 14:04:22,7.43,WS_ms
2026-07-09 14:04:23,7.02,WS_ms
2026-07-09 14:04:24,6.64,WS_ms
2026-07-09 14:04:25,7.45,WS_ms
2026-07-09 14:04:43,6.8,WS_ms
2026-07-09 14:04:44,6.97,WS_ms
2026-07-09 14:04:52,7.57,WS_ms
2026-07-09 14:05:27,7.97,WS_ms
2026-07-09 14:05:28,6.86,WS_ms
2026-07-09 14:05:29,6.85,WS_ms
2026-07-09 14:05:30,7.04,WS_ms
2026-07-09 14:05:31,8.47,WS_ms
2026-07-09 14:05:32,8.03,WS_ms
2026-07-09 14:05:33,7.6,WS_ms
2026-07-09 14:05:34,7.43,WS_ms
2026-07-09 14:05:36,7.12,WS_ms
2026-07-09 14:05:37,7.45,WS_ms
2026-07-09 14:05:38,6.88,WS_ms
2026-07-09 14:05:43,7.07,WS_ms
2026-07-09 14:05:45,7.78,WS_ms
2026-07-09 14:05:46,7.8,WS_ms
2026-07-09 14:05:47,8.05,WS_ms
2026-07-09 14:05:48,8.04,WS_ms
2026-07-09 14:05:49,7.43,WS_ms
2026-07-09 14:05:50,6.85,WS_ms
2026-07-09 14:05:51,6.96,WS_ms
2026-07-09 14:05:53,6.83,WS_ms
2026-07-09 14:05:54,6.92,WS_ms
2026-07-09 14:05:55,7.37,WS_ms
2026-07-09 14:05:58,9.19,WS_ms
2026-07-09 14:05:59,6.58,WS_ms
2026-07-09 14:06:00,8.59,WS_ms
2026-07-09 14:06:01,8.72,WS_ms
2026-07-09 14:06:02,7.64,WS_ms
2026-07-09 14:06:03,8.36,WS_ms
2026-07-09 14:06:04,7.47,WS_ms
2026-07-09 14:06:05,7.46,WS_ms
2026-07-09 14:06:06,6.67,WS_ms
2026-07-09 14:06:11,6.77,WS_ms
2026-07-09 14:06:12,7.39,WS_ms
2026-07-09 14:06:13,6.87,WS_ms
2026-07-09 14:06:23,7.41,WS_ms
2026-07-09 14:06:24,7.98,WS_ms
2026-07-09 14:06:25,7.74,WS_ms
2026-07-09 14:06:26,7.92,WS_ms
2026-07-09 14:06:27,7.58,WS_ms
2026-07-09 14:06:28,7.6,WS_ms
2026-07-09 14:06:31,6.63,WS_ms
2026-07-09 14:06:35,6.8,WS_ms
2026-07-09 14:06:36,6.67,WS_ms
2026-07-09 14:06:37,6.67,WS_ms
2026-07-09 14:06:38,7.03,WS_ms
2026-07-09 14:06:39,6.9,WS_ms
2026-07-09 14:06:40,7.28,WS_ms
2026-07-09 14:06:41,8.26,WS_ms
2026-07-09 14:06:42,7.8,WS_ms
2026-07-09 14:06:43,8.13,WS_ms
2026-07-09 14:06:44,8.15,WS_ms
2026-07-09 14:06:45,7.79,WS_ms
2026-07-09 14:06:46,7.67,WS_ms
2026-07-09 14:06:47,7.47,WS_ms
2026-07-09 14:06:48,7.21,WS_ms
2026-07-09 14:06:57,7.04,WS_ms
2026-07-09 14:06:58,7.14,WS_ms
2026-07-09 14:07:02,6.65,WS_ms
2026-07-09 14:07:04,6.58,WS_ms
2026-07-09 14:07:06,7.59,WS_ms
2026-07-09 14:07:07,6.67,WS_ms
2026-07-09 14:07:11,7.07,WS_ms
2026-07-09 14:07:12,6.81,WS_ms
2026-07-09 14:07:13,6.6,WS_ms
2026-07-09 14:07:14,7.31,WS_ms
2026-07-09 14:07:15,6.83,WS_ms
2026-07-09 14:14:04,7.48,WS_ms
2026-07-09 14:14:05,6.74,WS_ms
2026-07-09 14:14:06,6.96,WS_ms
2026-07-09 14:14:07,7.44,WS_ms
2026-07-09 14:14:08,8.23,WS_ms
2026-07-09 14:14:09,8.05,WS_ms
2026-07-09 14:14:10,8.41,WS_ms
2026-07-09 14:14:11,8.01,WS_ms
2026-07-09 14:14:12,7.91,WS_ms
2026-07-09 14:14:13,8.07,WS_ms
2026-07-09 14:14:14,7.67,WS_ms
2026-07-09 14:14:16,8.19,WS_ms
2026-07-09 14:14:17,7.64,WS_ms
2026-07-09 14:14:18,7.33,WS_ms
2026-07-09 14:14:20,7.05,WS_ms
2026-07-09 14:14:21,6.66,WS_ms
2026-07-09 14:14:22,7.52,WS_ms
2026-07-09 14:14:23,7.56,WS_ms
2026-07-09 14:14:24,7.51,WS_ms
2026-07-09 14:14:25,7.6,WS_ms
2026-07-09 14:14:26,7.36,WS_ms
2026-07-09 14:14:27,7.2,WS_ms
2026-07-09 14:14:28,6.65,WS_ms
2026-07-09 14:14:29,6.97,WS_ms
2026-07-09 14:14:30,6.89,WS_ms
2026-07-09 14:14:32,6.64,WS_ms
2026-07-09 14:14:33,6.71,WS_ms
2026-07-09 14:14:37,7.03,WS_ms
2026-07-09 14:14:40,6.65,WS_ms
2026-07-09 14:14:44,6.69,WS_ms
2026-07-09 14:16:36,6.64,WS_ms
2026-07-09 14:16:37,8.39,WS_ms
2026-07-09 14:16:38,8.99,WS_ms
2026-07-09 14:16:39,6.62,WS_ms
2026-07-09 14:16:40,7.34,WS_ms
2026-07-09 14:16:41,8.75,WS_ms
2026-07-09 14:16:42,7.73,WS_ms
2026-07-09 14:16:43,8.75,WS_ms
2026-07-09 14:16:44,7.11,WS_ms
2026-07-09 14:16:45,7.98,WS_ms
2026-07-09 14:16:46,7.53,WS_ms
2026-07-09 14:16:47,7.21,WS_ms
2026-07-09 14:16:51,6.76,WS_ms
2026-07-09 14:19:06,6.61,WS_ms
2026-07-09 14:19:07,6.65,WS_ms
2026-07-09 14:19:15,6.61,WS_ms
2026-07-09 14:21:07,6.75,WS_ms
2026-07-09 14:21:25,6.6,WS_ms
2026-07-09 14:21:41,7.75,WS_ms
2026-07-09 14:21:42,6.88,WS_ms
2026-07-09 14:21:43,8.27,WS_ms
2026-07-09 14:21:44,7.17,WS_ms
2026-07-09 14:22:06,7.76,WS_ms
2026-07-09 14:22:07,6.87,WS_ms
2026-07-09 14:22:09,7.97,WS_ms
2026-07-09 14:22:10,7.45,WS_ms
2026-07-09 14:22:11,6.81,WS_ms
2026-07-09 14:22:12,7.56,WS_ms
2026-07-09 14:22:16,7.21,WS_ms
2026-07-09 14:22:17,6.75,WS_ms
2026-07-09 14:22:49,7.01,WS_ms
2026-07-09 14:23:03,6.74,WS_ms
2026-07-09 14:23:04,7.03,WS_ms
2026-07-09 14:23:17,7.38,WS_ms
2026-07-09 14:23:18,7.45,WS_ms
2026-07-09 14:23:19,6.59,WS_ms
2026-07-09 14:23:25,7.44,WS_ms
2026-07-09 14:23:26,7.2,WS_ms
2026-07-09 14:23:27,7.88,WS_ms
2026-07-09 14:23:30,6.86,WS_ms
2026-07-09 14:23:31,6.74,WS_ms
2026-07-09 14:23:35,6.81,WS_ms
2026-07-09 14:23:38,6.79,WS_ms
2026-07-09 14:23:55,7.75,WS_ms
2026-07-09 14:23:56,7.38,WS_ms
2026-07-09 14:23:57,6.85,WS_ms
2026-07-09 14:23:58,7.65,WS_ms
2026-07-09 14:23:59,6.82,WS_ms
2026-07-09 14:25:31,7.55,WS_ms
2026-07-09 14:25:35,7.36,WS_ms
2026-07-09 14:25:36,6.74,WS_ms
2026-07-09 14:25:48,7.11,WS_ms
2026-07-09 14:25:51,7.28,WS_ms
2026-07-09 14:27:04,7.32,WS_ms
2026-07-09 14:27:05,7.34,WS_ms
2026-07-09 14:27:06,7.98,WS_ms
2026-07-09 14:27:07,8.39,WS_ms
2026-07-09 14:27:08,7.93,WS_ms
2026-07-09 14:27:09,7.59,WS_ms
2026-07-09 14:27:10,6.9,WS_ms
2026-07-09 14:27:11,6.91,WS_ms
2026-07-09 14:27:13,7.58,WS_ms
2026-07-09 14:27:14,7.99,WS_ms
2026-07-09 14:27:15,8.16,WS_ms
2026-07-09 14:27:16,8.26,WS_ms
2026-07-09 14:27:17,8.23,WS_ms
2026-07-09 14:27:18,7.81,WS_ms
2026-07-09 14:27:19,7.17,WS_ms
2026-07-09 14:27:20,7.7,WS_ms
2026-07-09 14:27:21,8.33,WS_ms
2026-07-09 14:27:22,8.24,WS_ms
2026-07-09 14:27:23,8.07,WS_ms
2026-07-09 14:27:24,8.18,WS_ms
2026-07-09 14:27:25,8.0,WS_ms
2026-07-09 14:27:26,7.62,WS_ms
2026-07-09 14:27:27,8.19,WS_ms
2026-07-09 14:27:28,8.32,WS_ms
2026-07-09 14:27:29,7.89,WS_ms
2026-07-09 14:27:30,7.72,WS_ms
2026-07-09 14:27:31,7.5,WS_ms
2026-07-09 14:27:40,6.66,WS_ms
2026-07-09 14:28:38,6.58,WS_ms
2026-07-09 14:28:39,6.97,WS_ms
2026-07-09 14:28:40,6.99,WS_ms
2026-07-09 14:28:41,6.77,WS_ms
2026-07-09 14:28:45,7.74,WS_ms
2026-07-09 14:28:46,8.21,WS_ms
2026-07-09 14:28:47,7.43,WS_ms
2026-07-09 14:28:48,6.95,WS_ms
2026-07-09 14:28:49,6.61,WS_ms
2026-07-09 14:28:50,6.9,WS_ms
2026-07-09 14:28:51,6.7,WS_ms
2026-07-09 14:28:52,7.15,WS_ms
2026-07-09 14:32:56,6.86,WS_ms
2026-07-09 14:32:57,7.41,WS_ms
2026-07-09 14:32:58,7.05,WS_ms
2026-07-09 14:32:59,7.06,WS_ms
2026-07-09 14:39:07,7.14,WS_ms
2026-07-09 14:46:10,7.85,WS_ms
2026-07-09 14:46:11,7.06,WS_ms
2026-07-09 14:46:12,7.21,WS_ms
2026-07-09 14:46:35,6.7,WS_ms
2026-07-09 14:46:36,7.18,WS_ms
2026-07-09 14:46:37,7.38,WS_ms
2026-07-09 14:46:38,7.49,WS_ms
2026-07-09 14:46:39,6.99,WS_ms
2026-07-09 14:46:41,6.93,WS_ms
2026-07-09 14:46:42,7.6,WS_ms
2026-07-09 14:46:43,8.2,WS_ms
2026-07-09 14:46:44,7.67,WS_ms
2026-07-09 14:46:45,7.98,WS_ms
2026-07-09 14:46:46,7.86,WS_ms
2026-07-09 14:47:02,6.79,WS_ms
2026-07-09 14:47:06,7.53,WS_ms
2026-07-09 14:47:07,6.78,WS_ms
2026-07-09 14:47:10,6.73,WS_ms
2026-07-09 14:47:11,8.14,WS_ms
2026-07-09 14:47:12,8.02,WS_ms
2026-07-09 14:47:13,8.33,WS_ms
2026-07-09 14:47:14,8.23,WS_ms
2026-07-09 14:47:15,7.46,WS_ms
2026-07-09 14:47:16,7.49,WS_ms
2026-07-09 14:47:17,6.85,WS_ms
2026-07-09 14:47:18,8.1,WS_ms
2026-07-09 14:47:19,8.03,WS_ms
2026-07-09 14:47:20,7.81,WS_ms
2026-07-09 14:47:21,7.6,WS_ms
2026-07-09 14:47:22,7.4,WS_ms
2026-07-09 14:47:26,7.4,WS_ms
2026-07-09 14:47:27,7.13,WS_ms
2026-07-09 14:47:28,8.19,WS_ms
2026-07-09 14:47:29,7.93,WS_ms
2026-07-09 14:47:30,7.63,WS_ms
2026-07-09 14:47:31,7.19,WS_ms
2026-07-09 14:47:37,6.63,WS_ms
2026-07-09 14:47:41,6.95,WS_ms
2026-07-09 14:47:42,6.68,WS_ms
2026-07-09 14:47:48,6.74,WS_ms
2026-07-09 14:47:52,7.19,WS_ms
2026-07-09 14:47:53,7.6,WS_ms
2026-07-09 14:47:54,6.7,WS_ms
2026-07-09 14:47:55,7.36,WS_ms
2026-07-09 14:47:56,7.21,WS_ms
2026-07-09 14:47:57,6.91,WS_ms
2026-07-09 14:48:07,7.15,WS_ms
2026-07-09 14:48:08,7.73,WS_ms
2026-07-09 14:48:09,8.01,WS_ms
2026-07-09 14:48:10,8.23,WS_ms
2026-07-09 14:48:11,7.66,WS_ms
2026-07-09 14:48:12,6.96,WS_ms
2026-07-09 14:48:13,7.16,WS_ms
2026-07-09 14:48:15,6.84,WS_ms
2026-07-09 14:48:16,6.81,WS_ms
2026-07-09 14:48:36,6.78,WS_ms
2026-07-09 14:51:40,6.76,WS_ms
2026-07-09 14:52:33,7.13,WS_ms
2026-07-09 14:52:34,7.19,WS_ms
2026-07-09 14:52:48,6.85,WS_ms
2026-07-09 14:52:49,6.77,WS_ms
2026-07-09 14:55:22,6.86,WS_ms
2026-07-09 14:55:23,6.8,WS_ms
2026-07-09 14:55:24,6.9,WS_ms
2026-07-09 14:55:25,7.09,WS_ms
2026-07-09 14:55:26,6.78,WS_ms
2026-07-09 15:02:26,6.77,WS_ms
2026-07-09 15:02:37,6.68,WS_ms
2026-07-09 15:02:38,6.9,WS_ms
2026-07-09 15:02:39,7.03,WS_ms
2026-07-09 15:02:40,6.59,WS_ms
2026-07-09 15:02:41,7.65,WS_ms
2026-07-09 15:02:42,7.21,WS_ms
2026-07-09 15:02:43,7.53,WS_ms
2026-07-09 15:02:44,6.92,WS_ms
2026-07-09 15:02:45,7.11,WS_ms
2026-07-09 15:02:46,6.66,WS_ms
2026-07-09 15:02:47,6.59,WS_ms
2026-07-09 15:02:50,6.84,WS_ms
2026-07-09 15:02:51,6.88,WS_ms
2026-07-09 15:02:52,7.02,WS_ms
2026-07-09 15:02:55,6.93,WS_ms
2026-07-09 15:03:11,7.13,WS_ms
2026-07-09 15:03:12,7.09,WS_ms
2026-07-09 15:08:10,7.14,WS_ms
2026-07-09 15:08:11,7.13,WS_ms
2026-07-09 15:08:14,7.25,WS_ms
2026-07-09 15:08:15,7.06,WS_ms
2026-07-09 15:08:16,7.02,WS_ms
2026-07-09 15:08:22,6.89,WS_ms
2026-07-09 15:08:23,6.66,WS_ms
2026-07-09 15:09:53,6.68,WS_ms
2026-07-09 15:10:35,6.9,WS_ms
2026-07-09 15:10:44,7.71,WS_ms
2026-07-09 15:10:45,7.96,WS_ms
2026-07-09 15:10:46,7.26,WS_ms
2026-07-09 15:10:47,7.37,WS_ms
2026-07-09 15:10:56,6.65,WS_ms
2026-07-09 15:10:57,7.34,WS_ms
2026-07-09 15:11:00,6.8,WS_ms
2026-07-09 15:11:04,8.55,WS_ms
2026-07-09 15:11:05,7.62,WS_ms
2026-07-09 15:11:06,7.47,WS_ms
2026-07-09 15:11:07,8.17,WS_ms
2026-07-09 15:11:08,7.4,WS_ms
2026-07-09 15:11:09,6.99,WS_ms
2026-07-09 15:11:13,6.8,WS_ms
2026-07-09 15:11:14,7.84,WS_ms
2026-07-09 15:11:17,6.7,WS_ms
2026-07-09 15:11:18,6.71,WS_ms
2026-07-09 15:12:19,6.63,WS_ms
2026-07-09 15:12:20,6.74,WS_ms
2026-07-09 15:12:21,7.04,WS_ms
2026-07-09 15:12:22,7.33,WS_ms
2026-07-09 15:12:23,7.18,WS_ms
2026-07-09 15:12:24,6.98,WS_ms
2026-07-09 15:12:49,6.65,WS_ms
2026-07-09 15:13:03,6.68,WS_ms
2026-07-09 15:13:04,6.71,WS_ms
2026-07-09 15:13:06,6.8,WS_ms
2026-07-09 15:13:07,6.69,WS_ms
2026-07-09 15:13:08,6.77,WS_ms
2026-07-09 15:13:09,7.34,WS_ms
2026-07-09 15:13:10,6.88,WS_ms
2026-07-09 15:13:11,6.95,WS_ms
2026-07-09 15:13:20,6.93,WS_ms
2026-07-09 15:13:28,6.62,WS_ms
2026-07-09 15:13:29,6.95,WS_ms
2026-07-09 15:13:30,6.83,WS_ms
2026-07-09 15:13:31,6.67,WS_ms
2026-07-09 15:13:33,6.67,WS_ms
2026-07-09 15:13:35,6.62,WS_ms
2026-07-09 15:14:19,7.72,WS_ms
2026-07-09 15:14:20,7.48,WS_ms
2026-07-09 15:14:21,8.2,WS_ms
2026-07-09 15:14:23,6.81,WS_ms
2026-07-09 15:14:25,6.61,WS_ms
2026-07-09 15:14:27,6.82,WS_ms
2026-07-09 15:14:28,6.84,WS_ms
2026-07-09 15:14:29,6.79,WS_ms
2026-07-09 15:14:31,6.67,WS_ms
2026-07-09 15:14:42,6.63,WS_ms
2026-07-09 15:14:43,6.69,WS_ms
2026-07-09 15:15:03,7.3,WS_ms
2026-07-09 15:15:04,7.46,WS_ms
2026-07-09 15:15:05,6.75,WS_ms
2026-07-09 15:15:06,7.01,WS_ms
2026-07-09 15:15:07,6.61,WS_ms
2026-07-09 15:15:12,6.8,WS_ms
2026-07-09 15:15:14,6.94,WS_ms
2026-07-09 15:15:15,6.6,WS_ms
2026-07-09 15:15:31,6.78,WS_ms
2026-07-09 15:15:32,6.61,WS_ms
2026-07-09 15:15:33,7.39,WS_ms
2026-07-09 15:15:34,8.2,WS_ms
2026-07-09 15:15:35,7.08,WS_ms
2026-07-09 15:15:36,7.48,WS_ms
2026-07-09 15:15:40,6.58,WS_ms
2026-07-09 15:15:45,6.71,WS_ms
2026-07-09 15:15:50,6.78,WS_ms
2026-07-09 15:15:55,6.67,WS_ms
2026-07-09 15:15:59,7.49,WS_ms
2026-07-09 15:16:00,6.9,WS_ms
2026-07-09 15:16:14,6.85,WS_ms
2026-07-09 15:16:17,8.55,WS_ms
2026-07-09 15:16:18,7.08,WS_ms
2026-07-09 15:16:19,8.05,WS_ms
2026-07-09 15:16:20,7.92,WS_ms
2026-07-09 15:16:21,7.15,WS_ms
2026-07-09 15:16:22,7.68,WS_ms
2026-07-09 15:16:23,6.67,WS_ms
2026-07-09 15:16:25,6.61,WS_ms
2026-07-09 15:16:41,6.68,WS_ms
2026-07-09 15:16:47,6.99,WS_ms
2026-07-09 15:17:02,6.91,WS_ms
2026-07-09 15:18:09,7.14,WS_ms
2026-07-09 15:18:10,6.84,WS_ms
2026-07-09 15:18:16,7.18,WS_ms
2026-07-09 15:18:17,6.85,WS_ms
2026-07-09 15:18:24,6.84,WS_ms
2026-07-09 15:19:06,7.76,WS_ms
2026-07-09 15:19:07,7.29,WS_ms
2026-07-09 15:19:08,7.23,WS_ms
2026-07-09 15:19:11,8.17,WS_ms
2026-07-09 15:19:13,7.53,WS_ms
2026-07-09 15:19:14,8.03,WS_ms
2026-07-09 15:19:15,7.86,WS_ms
2026-07-09 15:19:17,6.91,WS_ms
2026-07-09 15:19:18,7.7,WS_ms
2026-07-09 15:19:19,7.55,WS_ms
2026-07-09 15:19:20,7.65,WS_ms
2026-07-09 15:19:21,8.15,WS_ms
2026-07-09 15:19:22,7.74,WS_ms
2026-07-09 15:19:23,6.93,WS_ms
2026-07-09 15:19:24,8.91,WS_ms
2026-07-09 15:19:25,8.92,WS_ms
2026-07-09 15:19:26,8.67,WS_ms
2026-07-09 15:19:27,8.4,WS_ms
2026-07-09 15:19:28,8.12,WS_ms
2026-07-09 15:19:29,7.95,WS_ms
2026-07-09 15:19:30,7.27,WS_ms
2026-07-09 15:19:31,6.74,WS_ms
2026-07-09 15:19:33,6.96,WS_ms
2026-07-09 15:19:34,9.03,WS_ms
2026-07-09 15:19:35,8.74,WS_ms
2026-07-09 15:19:36,8.11,WS_ms
2026-07-09 15:19:37,7.67,WS_ms
2026-07-09 15:19:38,7.72,WS_ms
2026-07-09 15:19:43,6.91,WS_ms
2026-07-09 15:20:33,6.66,WS_ms
2026-07-09 15:20:34,7.06,WS_ms
2026-07-09 15:22:31,7.0,WS_ms
2026-07-09 15:22:32,7.98,WS_ms
2026-07-09 15:22:33,7.29,WS_ms
2026-07-09 15:22:34,7.67,WS_ms
2026-07-09 15:22:35,7.55,WS_ms
2026-07-09 15:22:36,7.69,WS_ms
2026-07-09 15:22:37,7.21,WS_ms
2026-07-09 15:22:48,7.31,WS_ms
2026-07-09 15:22:55,7.56,WS_ms
2026-07-09 15:22:56,6.78,WS_ms
2026-07-09 15:22:58,6.93,WS_ms
2026-07-09 15:22:59,7.78,WS_ms
2026-07-09 15:23:01,7.71,WS_ms
2026-07-09 15:23:02,6.92,WS_ms
2026-07-09 15:23:09,6.59,WS_ms
2026-07-09 15:23:10,7.11,WS_ms
2026-07-09 15:23:11,6.79,WS_ms
2026-07-09 15:23:12,7.04,WS_ms
2026-07-09 15:23:13,6.89,WS_ms
2026-07-09 15:23:19,7.92,WS_ms
2026-07-09 15:23:20,8.03,WS_ms
2026-07-09 15:23:21,7.19,WS_ms
2026-07-09 15:23:23,7.33,WS_ms
2026-07-09 15:23:24,6.76,WS_ms
2026-07-09 15:23:25,7.39,WS_ms
2026-07-09 15:23:27,7.36,WS_ms
2026-07-09 15:23:28,7.74,WS_ms
2026-07-09 15:23:29,7.56,WS_ms
2026-07-09 15:23:31,7.01,WS_ms
2026-07-09 15:23:36,7.38,WS_ms
2026-07-09 15:23:38,6.98,WS_ms
2026-07-09 15:23:39,6.7,WS_ms
2026-07-09 15:23:40,6.86,WS_ms
2026-07-09 15:23:45,6.8,WS_ms
2026-07-09 15:23:46,6.71,WS_ms
2026-07-09 15:23:48,6.65,WS_ms
2026-07-09 15:23:49,7.09,WS_ms
2026-07-09 15:23:53,6.64,WS_ms
2026-07-09 15:23:54,6.75,WS_ms
2026-07-09 15:23:55,6.82,WS_ms
2026-07-09 15:23:58,6.82,WS_ms
2026-07-09 15:24:27,6.66,WS_ms
2026-07-09 15:24:29,8.67,WS_ms
2026-07-09 15:24:30,8.89,WS_ms
2026-07-09 15:24:31,6.63,WS_ms
2026-07-09 15:24:32,7.64,WS_ms
2026-07-09 15:24:33,8.22,WS_ms
2026-07-09 15:24:34,7.35,WS_ms
2026-07-09 15:24:35,7.39,WS_ms
2026-07-09 15:24:36,6.65,WS_ms
2026-07-09 15:24:38,7.15,WS_ms
2026-07-09 15:24:39,8.03,WS_ms
2026-07-09 15:24:40,7.18,WS_ms
2026-07-09 15:24:41,6.78,WS_ms
2026-07-09 15:24:43,7.35,WS_ms
2026-07-09 15:24:55,7.11,WS_ms
2026-07-09 15:24:56,7.88,WS_ms
2026-07-09 15:24:57,7.18,WS_ms
2026-07-09 15:25:09,7.35,WS_ms
2026-07-09 15:25:10,7.3,WS_ms
2026-07-09 15:25:11,8.77,WS_ms
2026-07-09 15:25:12,8.45,WS_ms
2026-07-09 15:25:13,6.93,WS_ms
2026-07-09 15:25:14,7.03,WS_ms
2026-07-09 15:25:15,7.85,WS_ms
2026-07-09 15:25:17,6.65,WS_ms
2026-07-09 15:25:27,8.03,WS_ms
2026-07-09 15:25:30,7.56,WS_ms
2026-07-09 15:25:31,7.05,WS_ms
2026-07-09 15:25:32,7.36,WS_ms
2026-07-09 15:25:33,7.59,WS_ms
2026-07-09 15:25:34,7.29,WS_ms
2026-07-09 15:25:35,7.32,WS_ms
2026-07-09 15:25:36,6.89,WS_ms
2026-07-09 15:25:53,6.73,WS_ms
2026-07-09 15:25:56,6.82,WS_ms
2026-07-09 15:25:58,7.21,WS_ms
2026-07-09 15:25:59,7.87,WS_ms
2026-07-09 15:26:06,7.12,WS_ms
2026-07-09 15:26:07,7.52,WS_ms
2026-07-09 15:26:08,7.79,WS_ms
2026-07-09 15:26:09,7.37,WS_ms
2026-07-09 15:26:13,6.74,WS_ms
2026-07-09 15:26:34,6.74,WS_ms
2026-07-09 15:26:39,6.8,WS_ms
2026-07-09 15:26:40,6.67,WS_ms
2026-07-09 15:26:41,6.75,WS_ms
2026-07-09 15:26:48,7.46,WS_ms
2026-07-09 15:26:49,6.7,WS_ms
2026-07-09 15:27:00,6.67,WS_ms
2026-07-09 15:27:04,6.68,WS_ms
2026-07-09 15:27:09,6.98,WS_ms
2026-07-09 15:27:16,6.86,WS_ms
2026-07-09 15:27:17,7.29,WS_ms
2026-07-09 15:27:18,7.19,WS_ms
2026-07-09 15:27:19,7.32,WS_ms
2026-07-09 15:27:20,7.2,WS_ms
2026-07-09 15:27:21,6.9,WS_ms
2026-07-09 15:27:22,7.59,WS_ms
2026-07-09 15:27:23,7.49,WS_ms
2026-07-09 15:27:24,7.98,WS_ms
2026-07-09 15:27:25,7.46,WS_ms
2026-07-09 15:27:26,7.74,WS_ms
2026-07-09 15:27:27,7.49,WS_ms
2026-07-09 15:27:28,8.29,WS_ms
2026-07-09 15:27:29,7.04,WS_ms
2026-07-09 15:27:30,8.0,WS_ms
2026-07-09 15:27:31,7.69,WS_ms
2026-07-09 15:27:32,7.4,WS_ms
2026-07-09 15:27:34,6.62,WS_ms
2026-07-09 15:27:35,6.75,WS_ms
2026-07-09 15:27:36,6.6,WS_ms
2026-07-09 15:27:38,6.86,WS_ms
2026-07-09 15:27:40,7.94,WS_ms
2026-07-09 15:27:41,6.97,WS_ms
2026-07-09 15:27:42,6.67,WS_ms
2026-07-09 15:27:44,7.07,WS_ms
2026-07-09 15:27:45,6.88,WS_ms
2026-07-09 15:27:48,7.12,WS_ms
2026-07-09 15:27:59,6.86,WS_ms
2026-07-09 15:28:00,7.27,WS_ms
2026-07-09 15:28:01,6.81,WS_ms
2026-07-09 15:28:02,7.37,WS_ms
2026-07-09 15:28:03,7.28,WS_ms
2026-07-09 15:28:04,7.27,WS_ms
2026-07-09 15:28:05,6.95,WS_ms
2026-07-09 15:28:06,6.85,WS_ms
2026-07-09 15:28:28,6.76,WS_ms
2026-07-09 15:28:34,6.63,WS_ms
2026-07-09 15:28:36,6.89,WS_ms
2026-07-09 15:28:41,6.8,WS_ms
2026-07-09 15:28:42,7.15,WS_ms
2026-07-09 15:28:43,6.59,WS_ms
2026-07-09 15:28:44,6.6,WS_ms
2026-07-09 15:28:54,6.78,WS_ms
2026-07-09 15:28:57,8.24,WS_ms
2026-07-09 15:28:58,6.77,WS_ms
2026-07-09 15:28:59,7.31,WS_ms
2026-07-09 15:29:27,7.73,WS_ms
2026-07-09 15:29:28,7.4,WS_ms
2026-07-09 15:29:29,7.63,WS_ms
2026-07-09 15:29:30,7.79,WS_ms
2026-07-09 15:29:31,7.3,WS_ms
2026-07-09 15:29:32,7.74,WS_ms
2026-07-09 15:29:33,7.17,WS_ms
2026-07-09 15:29:39,6.81,WS_ms
2026-07-09 15:29:40,7.02,WS_ms
2026-07-09 15:29:42,7.22,WS_ms
2026-07-09 15:29:43,7.33,WS_ms
2026-07-09 15:29:44,6.95,WS_ms
2026-07-09 15:29:53,6.89,WS_ms
2026-07-09 15:29:54,7.32,WS_ms
2026-07-09 15:29:57,6.95,WS_ms
2026-07-09 15:29:58,7.37,WS_ms
2026-07-09 15:30:06,6.6,WS_ms
2026-07-09 15:30:07,6.75,WS_ms
2026-07-09 15:30:08,7.8,WS_ms
2026-07-09 15:30:09,7.46,WS_ms
2026-07-09 15:30:10,7.48,WS_ms
2026-07-09 15:30:12,8.33,WS_ms
2026-07-09 15:30:13,7.8,WS_ms
2026-07-09 15:30:14,6.73,WS_ms
2026-07-09 15:30:27,8.05,WS_ms
2026-07-09 15:30:28,7.51,WS_ms
2026-07-09 15:30:29,7.0,WS_ms
2026-07-09 15:30:30,6.98,WS_ms
2026-07-09 15:30:31,7.17,WS_ms
2026-07-09 15:30:33,6.98,WS_ms
2026-07-09 15:30:35,7.5,WS_ms
2026-07-09 15:30:36,7.58,WS_ms
2026-07-09 15:30:37,7.04,WS_ms
2026-07-09 15:30:41,6.95,WS_ms
2026-07-09 15:30:42,6.99,WS_ms
2026-07-09 15:30:44,6.66,WS_ms
2026-07-09 15:30:45,6.76,WS_ms
2026-07-09 15:30:46,6.86,WS_ms
2026-07-09 15:30:53,7.5,WS_ms
2026-07-09 15:30:54,7.72,WS_ms
2026-07-09 15:30:55,7.07,WS_ms
2026-07-09 15:31:03,6.9,WS_ms
2026-07-09 15:31:07,6.86,WS_ms
2026-07-09 15:31:25,6.84,WS_ms
2026-07-09 15:31:28,8.49,WS_ms
2026-07-09 15:31:29,8.07,WS_ms
2026-07-09 15:31:30,8.32,WS_ms
2026-07-09 15:31:31,8.11,WS_ms
2026-07-09 15:31:32,8.12,WS_ms
2026-07-09 15:31:33,8.17,WS_ms
2026-07-09 15:31:34,7.59,WS_ms
2026-07-09 15:31:37,6.59,WS_ms
2026-07-09 15:31:38,7.47,WS_ms
2026-07-09 15:32:08,6.66,WS_ms
2026-07-09 15:32:10,7.21,WS_ms
2026-07-09 15:32:13,6.63,WS_ms
2026-07-09 15:32:16,7.2,WS_ms
2026-07-09 15:32:19,8.42,WS_ms
2026-07-09 15:32:20,6.66,WS_ms
2026-07-09 15:32:21,6.76,WS_ms
2026-07-09 15:32:46,7.5,WS_ms
2026-07-09 15:32:47,6.83,WS_ms
2026-07-09 15:32:48,8.2,WS_ms
2026-07-09 15:32:51,6.64,WS_ms
2026-07-09 15:32:56,6.69,WS_ms
2026-07-09 15:33:07,6.81,WS_ms
2026-07-09 15:33:08,7.3,WS_ms
2026-07-09 15:33:09,8.48,WS_ms
2026-07-09 15:33:10,7.89,WS_ms
2026-07-09 15:33:11,7.58,WS_ms
2026-07-09 15:33:12,7.34,WS_ms
2026-07-09 15:33:13,8.81,WS_ms
2026-07-09 15:33:16,6.81,WS_ms
2026-07-09 15:33:21,6.64,WS_ms
2026-07-09 15:33:38,7.28,WS_ms
2026-07-09 15:33:39,7.21,WS_ms
2026-07-09 15:33:40,7.45,WS_ms
2026-07-09 15:33:42,6.59,WS_ms
2026-07-09 15:33:46,7.18,WS_ms
2026-07-09 15:34:02,6.9,WS_ms
2026-07-09 15:34:04,6.91,WS_ms
2026-07-09 15:34:05,7.25,WS_ms
2026-07-09 15:34:06,8.47,WS_ms
2026-07-09 15:34:07,8.02,WS_ms
2026-07-09 15:34:19,7.68,WS_ms
2026-07-09 15:34:20,7.28,WS_ms
2026-07-09 15:34:21,8.45,WS_ms
2026-07-09 15:34:22,8.1,WS_ms
2026-07-09 15:34:23,6.65,WS_ms
2026-07-09 15:34:24,7.04,WS_ms
2026-07-09 15:34:25,7.67,WS_ms
2026-07-09 15:34:26,6.6,WS_ms
2026-07-09 15:34:27,7.08,WS_ms
2026-07-09 15:34:28,8.54,WS_ms
2026-07-09 15:34:29,9.16,WS_ms
2026-07-09 15:34:30,8.29,WS_ms
2026-07-09 15:34:31,7.16,WS_ms
2026-07-09 15:34:32,7.32,WS_ms
2026-07-09 15:34:42,7.12,WS_ms
2026-07-09 15:34:43,7.19,WS_ms
2026-07-09 15:34:49,7.56,WS_ms
2026-07-09 15:34:53,6.67,WS_ms
2026-07-09 15:35:10,6.59,WS_ms
2026-07-09 15:35:11,7.25,WS_ms
2026-07-09 15:35:12,7.26,WS_ms
2026-07-09 15:35:13,7.37,WS_ms
2026-07-09 15:35:14,6.6,WS_ms
2026-07-09 15:35:15,6.83,WS_ms
2026-07-09 15:35:16,7.72,WS_ms
2026-07-09 15:35:18,8.03,WS_ms
2026-07-09 15:35:19,7.21,WS_ms
2026-07-09 15:35:29,6.58,WS_ms
2026-07-09 15:35:42,7.75,WS_ms
2026-07-09 15:35:43,7.12,WS_ms
2026-07-09 15:35:44,6.66,WS_ms
2026-07-09 15:35:55,7.16,WS_ms
2026-07-09 15:36:24,6.82,WS_ms
2026-07-09 15:36:25,6.95,WS_ms
2026-07-09 15:36:27,7.06,WS_ms
2026-07-09 15:36:28,8.27,WS_ms
2026-07-09 15:36:56,6.95,WS_ms
2026-07-09 15:36:57,7.75,WS_ms
2026-07-09 15:36:58,7.66,WS_ms
2026-07-09 15:36:59,7.75,WS_ms
2026-07-09 15:37:00,7.32,WS_ms
2026-07-09 15:37:15,6.8,WS_ms
2026-07-09 15:37:16,6.85,WS_ms
2026-07-09 15:37:17,7.54,WS_ms
2026-07-09 15:37:18,7.53,WS_ms
2026-07-09 15:37:19,7.47,WS_ms
2026-07-09 15:37:20,7.26,WS_ms
2026-07-09 15:37:23,6.62,WS_ms
2026-07-09 15:37:24,6.96,WS_ms
2026-07-09 15:37:25,7.37,WS_ms
2026-07-09 15:37:26,7.22,WS_ms
2026-07-09 15:37:27,7.31,WS_ms
2026-07-09 15:37:28,7.05,WS_ms
2026-07-09 15:37:33,6.73,WS_ms
2026-07-09 15:38:03,7.02,WS_ms
2026-07-09 15:38:34,6.77,WS_ms
2026-07-09 15:38:35,7.58,WS_ms
2026-07-09 15:38:36,7.77,WS_ms
2026-07-09 15:38:37,8.63,WS_ms
2026-07-09 15:38:38,8.68,WS_ms
2026-07-09 15:38:39,7.5,WS_ms
2026-07-09 15:38:41,7.74,WS_ms
2026-07-09 15:38:42,8.24,WS_ms
2026-07-09 15:38:43,7.25,WS_ms
2026-07-09 15:38:44,8.1,WS_ms
2026-07-09 15:38:45,8.13,WS_ms
2026-07-09 15:38:46,7.05,WS_ms
2026-07-09 15:38:51,7.09,WS_ms
2026-07-09 15:38:52,6.87,WS_ms
2026-07-09 15:38:53,6.73,WS_ms
2026-07-09 15:38:55,7.84,WS_ms
2026-07-09 15:38:56,6.85,WS_ms
2026-07-09 15:38:57,6.91,WS_ms
2026-07-09 15:38:59,6.95,WS_ms
2026-07-09 15:39:00,7.08,WS_ms
2026-07-09 15:39:11,7.05,WS_ms
2026-07-09 15:39:26,8.4,WS_ms
2026-07-09 15:39:27,7.73,WS_ms
2026-07-09 15:39:28,7.09,WS_ms
2026-07-09 15:39:29,7.88,WS_ms
2026-07-09 15:39:30,7.88,WS_ms
2026-07-09 15:39:31,8.37,WS_ms
2026-07-09 15:39:32,6.91,WS_ms
2026-07-09 15:39:33,8.27,WS_ms
2026-07-09 15:39:34,7.91,WS_ms
2026-07-09 15:39:35,7.29,WS_ms
2026-07-09 15:39:36,6.8,WS_ms
2026-07-09 15:39:38,7.49,WS_ms
2026-07-09 15:39:39,7.46,WS_ms
2026-07-09 15:39:40,8.42,WS_ms
2026-07-09 15:39:41,7.22,WS_ms
2026-07-09 15:39:42,7.61,WS_ms
2026-07-09 15:39:43,7.29,WS_ms
2026-07-09 15:39:49,6.9,WS_ms
2026-07-09 15:39:50,6.73,WS_ms
2026-07-09 15:39:52,6.64,WS_ms
2026-07-09 15:40:11,6.69,WS_ms
2026-07-09 15:40:24,6.83,WS_ms
2026-07-09 15:40:25,7.18,WS_ms
2026-07-09 15:41:28,7.09,WS_ms
2026-07-09 15:41:29,7.06,WS_ms
2026-07-09 15:41:30,6.85,WS_ms
2026-07-09 15:41:31,7.08,WS_ms
2026-07-09 15:41:32,7.25,WS_ms
2026-07-09 15:41:33,6.94,WS_ms
2026-07-09 15:41:34,6.93,WS_ms
2026-07-09 15:42:45,6.65,WS_ms
2026-07-09 15:42:46,6.86,WS_ms
2026-07-09 15:42:47,6.97,WS_ms
2026-07-09 15:42:56,6.94,WS_ms
2026-07-09 15:42:57,6.62,WS_ms
2026-07-09 15:43:04,9.16,WS_ms
2026-07-09 15:43:05,8.59,WS_ms
2026-07-09 15:43:07,6.75,WS_ms
2026-07-09 15:43:08,8.09,WS_ms
2026-07-09 15:43:09,8.22,WS_ms
2026-07-09 15:43:10,7.79,WS_ms
2026-07-09 15:43:11,7.39,WS_ms
2026-07-09 15:43:12,6.73,WS_ms
2026-07-09 15:43:14,6.65,WS_ms
2026-07-09 15:43:33,6.66,WS_ms
2026-07-09 15:43:42,7.03,WS_ms
2026-07-09 15:43:43,6.97,WS_ms
2026-07-09 15:43:54,7.7,WS_ms
2026-07-09 15:43:55,6.72,WS_ms
2026-07-09 15:43:56,6.6,WS_ms
2026-07-09 15:43:58,6.92,WS_ms
2026-07-09 15:44:24,7.49,WS_ms
2026-07-09 15:44:30,7.15,WS_ms
2026-07-09 15:44:32,6.87,WS_ms
2026-07-09 15:44:33,6.84,WS_ms
2026-07-09 15:44:47,6.66,WS_ms
2026-07-09 15:45:27,6.71,WS_ms
2026-07-09 15:47:08,6.71,WS_ms
2026-07-09 15:47:09,7.1,WS_ms
2026-07-09 15:47:10,8.3,WS_ms
2026-07-09 15:47:11,8.99,WS_ms
2026-07-09 15:47:12,7.2,WS_ms
2026-07-09 15:47:13,7.02,WS_ms
2026-07-09 15:47:14,7.12,WS_ms
2026-07-09 15:47:15,6.78,WS_ms
2026-07-09 15:47:27,7.05,WS_ms
2026-07-09 15:47:28,6.91,WS_ms
2026-07-09 15:47:32,8.38,WS_ms
2026-07-09 15:47:33,9.15,WS_ms
2026-07-09 15:47:34,7.86,WS_ms
2026-07-09 15:47:35,8.64,WS_ms
2026-07-09 15:47:36,8.57,WS_ms
2026-07-09 15:47:37,8.08,WS_ms
2026-07-09 15:47:38,6.9,WS_ms
2026-07-09 15:47:39,6.73,WS_ms
2026-07-09 15:47:40,7.68,WS_ms
2026-07-09 15:47:41,7.06,WS_ms
2026-07-09 15:47:58,7.21,WS_ms
2026-07-09 15:48:13,7.69,WS_ms
2026-07-09 15:48:14,7.47,WS_ms
2026-07-09 15:48:15,7.18,WS_ms
2026-07-09 15:48:18,7.23,WS_ms
2026-07-09 15:48:19,6.86,WS_ms
2026-07-09 15:48:24,6.61,WS_ms
2026-07-09 15:48:25,6.94,WS_ms
2026-07-09 15:48:26,7.31,WS_ms
2026-07-09 15:48:27,8.42,WS_ms
2026-07-09 15:48:28,7.69,WS_ms
2026-07-09 15:48:29,7.44,WS_ms
2026-07-09 15:48:30,6.59,WS_ms
2026-07-09 15:48:31,7.21,WS_ms
2026-07-09 15:48:32,9.98,WS_ms
2026-07-09 15:48:33,9.31,WS_ms
2026-07-09 15:48:34,10.35,WS_ms
2026-07-09 15:48:35,9.63,WS_ms
2026-07-09 15:48:36,8.5,WS_ms
2026-07-09 15:48:37,8.5,WS_ms
2026-07-09 15:48:38,8.75,WS_ms
2026-07-09 15:48:39,7.45,WS_ms
2026-07-09 15:48:42,6.76,WS_ms
2026-07-09 15:48:43,7.42,WS_ms
2026-07-09 15:48:44,7.08,WS_ms
2026-07-09 15:48:45,7.53,WS_ms
2026-07-09 15:48:46,7.2,WS_ms
2026-07-09 15:48:47,7.42,WS_ms
2026-07-09 15:48:48,8.43,WS_ms
2026-07-09 15:48:49,9.01,WS_ms
2026-07-09 15:48:50,7.28,WS_ms
2026-07-09 15:48:51,7.4,WS_ms
2026-07-09 15:48:52,7.85,WS_ms
2026-07-09 15:48:53,7.32,WS_ms
2026-07-09 15:48:54,6.77,WS_ms
2026-07-09 15:48:56,6.86,WS_ms
2026-07-09 15:48:58,6.81,WS_ms
2026-07-09 15:49:15,6.98,WS_ms
2026-07-09 15:49:16,7.01,WS_ms
2026-07-09 15:49:17,6.79,WS_ms
2026-07-09 15:49:18,7.44,WS_ms
2026-07-09 15:49:19,6.98,WS_ms
2026-07-09 15:49:20,6.93,WS_ms
2026-07-09 15:49:21,7.03,WS_ms
2026-07-09 15:49:25,6.79,WS_ms
2026-07-09 15:49:26,7.82,WS_ms
2026-07-09 15:49:27,7.31,WS_ms
2026-07-09 15:49:28,6.84,WS_ms
2026-07-09 15:49:31,6.91,WS_ms
2026-07-09 15:49:32,8.32,WS_ms
2026-07-09 15:49:33,8.22,WS_ms
2026-07-09 15:49:34,7.5,WS_ms
2026-07-09 15:49:35,7.06,WS_ms
2026-07-09 15:49:39,7.49,WS_ms
2026-07-09 15:49:40,6.69,WS_ms
2026-07-09 15:49:41,7.19,WS_ms
2026-07-09 15:49:42,7.79,WS_ms
2026-07-09 15:49:43,7.26,WS_ms
2026-07-09 15:49:44,7.05,WS_ms
2026-07-09 15:49:45,6.81,WS_ms
2026-07-09 15:49:46,7.07,WS_ms
2026-07-09 15:49:54,7.08,WS_ms
2026-07-09 15:49:55,6.81,WS_ms
2026-07-09 15:50:02,6.95,WS_ms
2026-07-09 15:50:07,6.58,WS_ms
2026-07-09 15:52:24,6.83,WS_ms
2026-07-09 15:52:25,6.84,WS_ms
2026-07-09 15:52:26,6.74,WS_ms
2026-07-09 15:52:27,7.02,WS_ms
2026-07-09 15:52:28,7.76,WS_ms
2026-07-09 15:52:29,7.03,WS_ms
2026-07-09 15:52:30,7.41,WS_ms
2026-07-09 15:52:31,6.82,WS_ms
2026-07-09 15:52:33,7.16,WS_ms
2026-07-09 15:52:34,7.09,WS_ms
2026-07-09 15:52:35,7.3,WS_ms
2026-07-09 15:52:36,8.12,WS_ms
2026-07-09 15:52:37,8.28,WS_ms
2026-07-09 15:52:38,7.53,WS_ms
2026-07-09 15:52:39,7.51,WS_ms
2026-07-09 15:52:40,7.26,WS_ms
2026-07-09 15:52:41,6.99,WS_ms
2026-07-09 15:52:42,7.08,WS_ms
2026-07-09 15:52:43,6.83,WS_ms
2026-07-09 15:52:44,6.64,WS_ms
2026-07-09 15:52:45,6.94,WS_ms
2026-07-09 15:52:48,7.9,WS_ms
2026-07-09 15:52:49,7.15,WS_ms
2026-07-09 15:52:50,6.58,WS_ms
2026-07-09 15:53:15,6.83,WS_ms
2026-07-09 15:53:16,7.41,WS_ms
2026-07-09 15:53:31,6.59,WS_ms
2026-07-09 15:54:28,7.61,WS_ms
2026-07-09 15:54:29,8.0,WS_ms
2026-07-09 15:54:30,8.03,WS_ms
2026-07-09 15:54:31,7.97,WS_ms
2026-07-09 15:54:32,8.19,WS_ms
2026-07-09 15:54:33,8.08,WS_ms
2026-07-09 15:54:34,8.04,WS_ms
2026-07-09 15:54:35,8.28,WS_ms
2026-07-09 15:54:36,8.3,WS_ms
2026-07-09 15:54:37,8.32,WS_ms
2026-07-09 15:54:38,7.32,WS_ms
2026-07-09 15:54:42,7.83,WS_ms
2026-07-09 15:54:43,8.04,WS_ms
2026-07-09 15:54:44,8.12,WS_ms
2026-07-09 15:54:45,8.13,WS_ms
2026-07-09 15:54:47,7.6,WS_ms
2026-07-09 15:54:50,7.64,WS_ms
2026-07-09 15:54:51,8.88,WS_ms
2026-07-09 15:54:52,6.74,WS_ms
2026-07-09 15:54:53,7.53,WS_ms
2026-07-09 15:54:55,6.63,WS_ms
2026-07-09 15:54:56,6.63,WS_ms
2026-07-09 15:54:57,6.73,WS_ms
2026-07-09 15:55:00,6.76,WS_ms
2026-07-09 15:55:02,7.28,WS_ms
2026-07-09 15:55:08,6.69,WS_ms
2026-07-09 15:55:23,6.64,WS_ms
2026-07-09 15:58:15,6.64,WS_ms
2026-07-09 15:58:16,6.67,WS_ms
2026-07-09 15:58:35,7.28,WS_ms
2026-07-09 15:58:42,6.62,WS_ms
2026-07-09 15:59:01,6.84,WS_ms
2026-07-09 15:59:26,6.74,WS_ms
2026-07-09 15:59:42,7.39,WS_ms
2026-07-09 15:59:43,7.05,WS_ms
2026-07-09 15:59:44,7.66,WS_ms
2026-07-09 16:00:25,6.73,WS_ms
2026-07-09 16:00:26,6.66,WS_ms
2026-07-09 16:00:28,6.82,WS_ms
2026-07-09 16:00:29,7.21,WS_ms
2026-07-09 16:00:30,7.34,WS_ms
2026-07-09 16:00:31,7.74,WS_ms
2026-07-09 16:00:32,7.64,WS_ms
2026-07-09 16:00:33,8.24,WS_ms
2026-07-09 16:00:34,8.51,WS_ms
2026-07-09 16:00:35,7.92,WS_ms
2026-07-09 16:00:36,7.16,WS_ms
2026-07-09 16:00:37,7.51,WS_ms
2026-07-09 16:00:38,7.37,WS_ms
2026-07-09 16:00:39,7.6,WS_ms
2026-07-09 16:00:40,7.65,WS_ms
2026-07-09 16:00:41,7.46,WS_ms
2026-07-09 16:00:42,7.5,WS_ms
2026-07-09 16:00:43,7.11,WS_ms
2026-07-09 16:00:44,6.98,WS_ms
2026-07-09 16:00:46,7.11,WS_ms
2026-07-09 16:00:47,6.97,WS_ms
2026-07-09 16:00:48,6.92,WS_ms
2026-07-09 16:00:49,6.9,WS_ms
2026-07-09 16:00:50,7.27,WS_ms
2026-07-09 16:00:53,6.86,WS_ms
2026-07-09 16:00:54,6.73,WS_ms
2026-07-09 16:00:55,6.8,WS_ms
2026-07-09 16:01:17,6.79,WS_ms
2026-07-09 16:01:18,7.48,WS_ms
2026-07-09 16:01:19,6.67,WS_ms
2026-07-09 16:01:20,6.78,WS_ms
2026-07-09 16:01:21,6.9,WS_ms
2026-07-09 16:01:22,6.61,WS_ms
2026-07-09 16:01:23,7.37,WS_ms
2026-07-09 16:01:24,7.34,WS_ms
2026-07-09 16:01:26,6.84,WS_ms
2026-07-09 16:01:27,7.06,WS_ms
2026-07-09 16:01:28,6.71,WS_ms
2026-07-09 16:01:31,6.83,WS_ms
2026-07-09 16:03:14,6.8,WS_ms
2026-07-09 16:03:15,6.88,WS_ms
2026-07-09 16:03:16,6.61,WS_ms
2026-07-09 16:03:17,6.61,WS_ms
2026-07-09 16:03:18,6.83,WS_ms
2026-07-09 16:03:19,6.74,WS_ms
2026-07-09 16:03:31,6.92,WS_ms
2026-07-09 16:03:33,6.73,WS_ms
2026-07-09 16:03:42,6.58,WS_ms
2026-07-09 16:04:03,7.27,WS_ms
2026-07-09 16:04:06,6.99,WS_ms
2026-07-09 16:04:09,6.79,WS_ms
2026-07-09 16:04:10,6.73,WS_ms
2026-07-09 16:04:16,6.97,WS_ms
2026-07-09 16:05:40,7.83,WS_ms
2026-07-09 16:05:41,7.4,WS_ms
2026-07-09 16:05:42,8.15,WS_ms
2026-07-09 16:05:43,8.49,WS_ms
2026-07-09 16:05:44,7.41,WS_ms
2026-07-09 16:05:45,7.9,WS_ms
2026-07-09 16:05:46,6.99,WS_ms
2026-07-09 16:05:47,6.74,WS_ms
2026-07-09 16:05:48,6.63,WS_ms
2026-07-09 16:06:01,8.0,WS_ms
2026-07-09 16:06:02,6.74,WS_ms
2026-07-09 16:06:06,7.06,WS_ms
2026-07-09 16:06:07,7.34,WS_ms
2026-07-09 16:06:18,7.14,WS_ms
2026-07-09 16:06:25,7.21,WS_ms
2026-07-09 16:06:26,7.08,WS_ms
2026-07-09 16:07:00,6.61,WS_ms
2026-07-09 16:07:04,6.79,WS_ms
2026-07-09 16:07:05,8.4,WS_ms
2026-07-09 16:07:06,7.24,WS_ms
2026-07-09 16:07:07,6.67,WS_ms
2026-07-09 16:07:08,6.69,WS_ms
2026-07-09 16:07:10,6.88,WS_ms
2026-07-09 16:07:18,7.02,WS_ms
2026-07-09 16:07:19,7.89,WS_ms
2026-07-09 16:07:20,8.4,WS_ms
2026-07-09 16:07:21,7.65,WS_ms
2026-07-09 16:07:22,7.5,WS_ms
2026-07-09 16:07:23,7.6,WS_ms
2026-07-09 16:07:24,8.24,WS_ms
2026-07-09 16:07:25,7.61,WS_ms
2026-07-09 16:07:26,7.99,WS_ms
2026-07-09 16:07:27,7.5,WS_ms
2026-07-09 16:07:28,6.64,WS_ms
2026-07-09 16:07:44,7.37,WS_ms
2026-07-09 16:07:45,7.27,WS_ms
2026-07-09 16:07:46,7.12,WS_ms
2026-07-09 16:08:39,7.22,WS_ms
2026-07-09 16:08:40,6.6,WS_ms
2026-07-09 16:08:43,7.4,WS_ms
2026-07-09 16:08:44,7.28,WS_ms
2026-07-09 16:08:45,7.4,WS_ms
2026-07-09 16:08:47,7.06,WS_ms
2026-07-09 16:08:48,6.97,WS_ms
2026-07-09 16:08:49,6.76,WS_ms
2026-07-09 16:08:52,6.6,WS_ms
2026-07-09 16:09:09,6.78,WS_ms
2026-07-09 16:09:10,7.34,WS_ms
2026-07-09 16:09:11,6.81,WS_ms
2026-07-09 16:09:12,7.42,WS_ms
2026-07-09 16:09:13,7.14,WS_ms
2026-07-09 16:09:14,7.2,WS_ms
2026-07-09 16:09:16,7.13,WS_ms
2026-07-09 16:09:17,7.21,WS_ms
2026-07-09 16:09:18,7.09,WS_ms
2026-07-09 16:09:19,7.12,WS_ms
2026-07-09 16:09:20,6.73,WS_ms
2026-07-09 16:10:20,6.82,WS_ms
2026-07-09 16:10:54,6.98,WS_ms
2026-07-09 16:10:57,7.39,WS_ms
2026-07-09 16:10:58,7.09,WS_ms
2026-07-09 16:10:59,7.31,WS_ms
2026-07-09 16:11:00,7.16,WS_ms
2026-07-09 16:11:01,6.75,WS_ms
2026-07-09 16:11:36,6.71,WS_ms
2026-07-09 16:11:37,6.76,WS_ms
2026-07-09 16:14:47,7.0,WS_ms
2026-07-09 16:15:33,6.6,WS_ms
2026-07-09 16:16:05,6.61,WS_ms
2026-07-09 16:16:09,7.18,WS_ms
2026-07-09 16:16:11,6.95,WS_ms
2026-07-09 16:16:14,6.6,WS_ms
2026-07-09 16:16:15,6.68,WS_ms
2026-07-09 16:16:18,6.77,WS_ms
2026-07-09 16:16:19,6.68,WS_ms
2026-07-09 16:17:39,7.09,WS_ms
2026-07-09 16:17:40,6.63,WS_ms
2026-07-09 16:17:42,6.88,WS_ms
2026-07-09 16:17:51,6.69,WS_ms
2026-07-09 16:17:52,7.23,WS_ms
2026-07-09 16:17:53,6.89,WS_ms
2026-07-09 16:17:54,7.23,WS_ms
2026-07-09 16:17:55,6.84,WS_ms
2026-07-09 16:24:10,6.94,WS_ms
2026-07-09 16:24:11,7.91,WS_ms
2026-07-09 16:24:12,7.54,WS_ms
2026-07-09 16:24:28,6.6,WS_ms
2026-07-09 16:24:37,6.77,WS_ms
2026-07-09 16:24:38,6.68,WS_ms
2026-07-09 16:24:39,6.66,WS_ms
2026-07-09 16:24:49,7.16,WS_ms
2026-07-09 16:24:50,7.29,WS_ms
2026-07-09 16:24:51,6.73,WS_ms
2026-07-09 16:25:10,6.62,WS_ms
2026-07-09 16:25:12,6.63,WS_ms
2026-07-09 16:25:14,6.65,WS_ms
2026-07-09 16:25:16,6.81,WS_ms
2026-07-09 16:25:17,7.24,WS_ms
2026-07-09 16:25:18,6.99,WS_ms
2026-07-09 16:25:22,6.85,WS_ms
2026-07-09 16:25:26,7.24,WS_ms
2026-07-09 16:25:27,7.8,WS_ms
2026-07-09 16:25:28,7.12,WS_ms
2026-07-09 16:25:29,6.65,WS_ms
2026-07-09 16:25:30,6.79,WS_ms
2026-07-09 16:25:33,6.74,WS_ms
2026-07-09 16:25:34,7.62,WS_ms
2026-07-09 16:25:36,6.8,WS_ms
2026-07-09 16:25:38,7.22,WS_ms
2026-07-09 16:25:49,7.68,WS_ms
2026-07-09 16:25:50,7.63,WS_ms
2026-07-09 16:25:51,7.04,WS_ms
2026-07-09 16:26:00,6.7,WS_ms
2026-07-09 16:26:01,6.83,WS_ms
2026-07-09 16:26:02,6.62,WS_ms
2026-07-09 16:26:05,7.12,WS_ms
2026-07-09 16:27:30,6.83,WS_ms
2026-07-09 16:27:32,7.22,WS_ms
2026-07-09 16:31:29,7.16,WS_ms
2026-07-09 16:31:31,7.51,WS_ms
2026-07-09 16:31:32,7.89,WS_ms
2026-07-09 16:31:33,7.69,WS_ms
2026-07-09 16:31:34,7.33,WS_ms
2026-07-09 16:31:35,7.64,WS_ms
2026-07-09 16:31:47,7.16,WS_ms
2026-07-09 16:31:48,7.53,WS_ms
2026-07-09 16:31:50,6.87,WS_ms
2026-07-09 16:31:51,6.73,WS_ms
2026-07-09 16:32:00,6.6,WS_ms
2026-07-09 16:32:04,6.61,WS_ms
2026-07-09 16:32:06,7.18,WS_ms
2026-07-09 16:32:23,6.62,WS_ms
2026-07-09 16:32:57,6.7,WS_ms
2026-07-09 16:33:07,6.64,WS_ms
2026-07-09 16:33:08,6.58,WS_ms
2026-07-09 16:36:05,7.01,WS_ms
2026-07-09 16:36:07,6.69,WS_ms
2026-07-09 16:36:10,6.75,WS_ms
2026-07-09 16:36:11,6.61,WS_ms
2026-07-09 16:36:45,8.58,WS_ms
2026-07-09 16:36:46,7.84,WS_ms
2026-07-09 16:36:47,7.55,WS_ms
2026-07-09 16:36:48,7.93,WS_ms
2026-07-09 16:36:49,7.46,WS_ms
2026-07-09 16:36:50,7.6,WS_ms
2026-07-09 16:36:51,7.12,WS_ms
2026-07-09 16:36:52,7.5,WS_ms
2026-07-09 16:36:54,6.74,WS_ms
2026-07-09 16:36:55,7.02,WS_ms
2026-07-09 16:37:15,7.18,WS_ms
2026-07-09 16:37:16,6.7,WS_ms
2026-07-09 16:37:29,6.99,WS_ms
2026-07-09 16:37:30,7.09,WS_ms
2026-07-09 16:37:31,6.93,WS_ms
2026-07-09 16:37:32,6.98,WS_ms
2026-07-09 16:37:33,7.08,WS_ms
2026-07-09 16:37:34,6.76,WS_ms
2026-07-09 16:38:08,6.72,WS_ms
2026-07-09 16:38:23,6.69,WS_ms
2026-07-09 16:38:24,7.23,WS_ms
2026-07-09 16:38:25,7.09,WS_ms
2026-07-09 16:38:26,7.46,WS_ms
2026-07-09 16:38:30,6.98,WS_ms
2026-07-09 16:38:31,8.17,WS_ms
2026-07-09 16:38:32,7.18,WS_ms
2026-07-09 16:39:19,6.62,WS_ms
2026-07-09 16:39:22,6.93,WS_ms
2026-07-09 16:39:24,6.78,WS_ms
2026-07-09 16:39:25,6.92,WS_ms
2026-07-09 16:39:29,6.58,WS_ms
2026-07-09 16:39:36,7.5,WS_ms
2026-07-09 16:39:37,7.37,WS_ms
2026-07-09 16:39:38,6.98,WS_ms
2026-07-09 16:39:45,6.61,WS_ms
2026-07-09 16:40:02,6.8,WS_ms
2026-07-09 16:40:17,6.77,WS_ms
2026-07-09 16:40:30,6.7,WS_ms
2026-07-09 16:40:31,6.64,WS_ms
2026-07-09 16:40:32,7.07,WS_ms
2026-07-09 16:40:39,6.62,WS_ms
2026-07-09 16:41:01,6.69,WS_ms
2026-07-09 16:41:02,7.02,WS_ms
2026-07-09 16:41:03,6.99,WS_ms
2026-07-09 16:41:05,6.61,WS_ms
2026-07-09 16:41:06,7.0,WS_ms
2026-07-09 16:41:08,6.7,WS_ms
2026-07-09 16:41:09,7.03,WS_ms
2026-07-09 16:41:10,7.05,WS_ms
2026-07-09 16:41:11,7.09,WS_ms
2026-07-09 16:41:13,6.77,WS_ms
2026-07-09 16:41:26,6.84,WS_ms
2026-07-09 16:41:27,6.83,WS_ms
2026-07-09 16:41:47,7.72,WS_ms
2026-07-09 16:41:48,7.39,WS_ms
2026-07-09 16:42:23,6.69,WS_ms
2026-07-09 16:42:40,7.24,WS_ms
2026-07-09 16:42:41,8.27,WS_ms
2026-07-09 16:42:42,8.46,WS_ms
2026-07-09 16:42:43,8.67,WS_ms
2026-07-09 16:42:44,8.8,WS_ms
2026-07-09 16:42:45,8.62,WS_ms
2026-07-09 16:42:46,8.27,WS_ms
2026-07-09 16:42:47,7.28,WS_ms
2026-07-09 16:42:48,7.86,WS_ms
2026-07-09 16:42:49,7.51,WS_ms
2026-07-09 16:42:50,7.41,WS_ms
2026-07-09 16:42:51,6.77,WS_ms
2026-07-09 16:43:03,7.66,WS_ms
2026-07-09 16:43:04,6.97,WS_ms
2026-07-09 16:43:10,7.9,WS_ms
2026-07-09 16:43:11,6.98,WS_ms
2026-07-09 16:43:12,7.32,WS_ms
2026-07-09 16:43:13,7.77,WS_ms
2026-07-09 16:43:14,7.55,WS_ms
2026-07-09 16:43:15,7.24,WS_ms
2026-07-09 16:43:34,6.61,WS_ms
2026-07-09 16:43:36,7.02,WS_ms
2026-07-09 16:43:38,7.51,WS_ms
2026-07-09 16:43:40,6.68,WS_ms
2026-07-09 16:43:42,7.7,WS_ms
2026-07-09 16:43:44,7.31,WS_ms
2026-07-09 16:43:45,6.64,WS_ms
2026-07-09 16:43:46,6.6,WS_ms
2026-07-09 16:43:48,6.83,WS_ms
2026-07-09 16:43:49,6.66,WS_ms
2026-07-09 16:44:01,6.68,WS_ms
2026-07-09 16:44:04,7.3,WS_ms
2026-07-09 16:44:05,6.95,WS_ms
2026-07-09 16:44:10,7.16,WS_ms
2026-07-09 16:44:11,6.84,WS_ms
2026-07-09 16:44:48,6.64,WS_ms
2026-07-09 16:47:04,6.95,WS_ms
2026-07-09 16:47:05,8.0,WS_ms
2026-07-09 16:47:06,6.7,WS_ms
2026-07-09 16:47:07,7.24,WS_ms
2026-07-09 16:47:09,7.22,WS_ms
2026-07-09 16:47:10,8.02,WS_ms
2026-07-09 16:47:11,7.19,WS_ms
2026-07-09 16:47:12,6.99,WS_ms
2026-07-09 16:47:13,6.77,WS_ms
2026-07-09 16:47:14,7.06,WS_ms
2026-07-09 16:47:15,7.61,WS_ms
2026-07-09 16:47:21,6.62,WS_ms
2026-07-09 16:47:22,7.8,WS_ms
2026-07-09 16:47:23,7.43,WS_ms
2026-07-09 16:47:24,7.16,WS_ms
2026-07-09 16:47:25,6.78,WS_ms
2026-07-09 16:48:06,6.7,WS_ms
2026-07-09 16:48:07,7.95,WS_ms
2026-07-09 16:49:20,7.2,WS_ms
2026-07-09 16:49:21,7.07,WS_ms
2026-07-09 16:49:24,6.63,WS_ms
2026-07-09 16:49:25,6.96,WS_ms
2026-07-09 16:49:34,6.72,WS_ms
2026-07-09 16:49:37,6.8,WS_ms
2026-07-09 16:49:38,8.21,WS_ms
2026-07-09 16:49:39,7.76,WS_ms
2026-07-09 16:49:40,7.5,WS_ms
2026-07-09 16:49:41,8.01,WS_ms
2026-07-09 16:49:42,7.4,WS_ms
2026-07-09 16:49:43,7.87,WS_ms
2026-07-09 16:49:44,8.08,WS_ms
2026-07-09 16:49:45,7.32,WS_ms
2026-07-09 16:49:46,6.89,WS_ms
2026-07-09 16:49:47,6.8,WS_ms
2026-07-09 16:50:19,7.1,WS_ms
2026-07-09 16:50:20,7.58,WS_ms
2026-07-09 16:50:21,7.15,WS_ms
2026-07-09 16:50:26,6.76,WS_ms
2026-07-09 16:50:40,6.61,WS_ms
2026-07-09 16:51:13,7.12,WS_ms
2026-07-09 16:51:14,8.2,WS_ms
2026-07-09 16:51:15,7.19,WS_ms
2026-07-09 16:51:28,7.2,WS_ms
2026-07-09 16:51:33,6.69,WS_ms
2026-07-09 16:51:35,6.65,WS_ms
2026-07-09 17:01:33,6.97,WS_ms
2026-07-09 17:01:35,6.88,WS_ms
2026-07-09 17:01:36,6.63,WS_ms
2026-07-09 17:03:12,6.59,WS_ms
2026-07-09 17:03:14,8.13,WS_ms
2026-07-09 17:03:15,7.35,WS_ms
2026-07-09 17:03:18,7.14,WS_ms
2026-07-09 17:03:33,7.17,WS_ms
2026-07-09 17:03:34,6.75,WS_ms
2026-07-09 17:03:36,7.17,WS_ms
2026-07-09 17:03:38,6.86,WS_ms
2026-07-09 17:03:49,7.4,WS_ms
2026-07-09 17:03:51,6.93,WS_ms
2026-07-09 17:03:52,7.04,WS_ms
2026-07-09 17:03:53,6.78,WS_ms
2026-07-09 17:03:58,6.64,WS_ms
2026-07-09 17:03:59,7.2,WS_ms
2026-07-09 17:04:00,7.08,WS_ms
2026-07-09 17:04:01,7.03,WS_ms
2026-07-09 17:04:02,7.32,WS_ms
2026-07-09 17:04:03,7.55,WS_ms
2026-07-09 17:04:04,7.48,WS_ms
2026-07-09 17:04:05,7.37,WS_ms
2026-07-09 17:04:06,6.69,WS_ms
2026-07-09 17:04:08,6.61,WS_ms
2026-07-09 17:04:56,7.03,WS_ms
2026-07-09 17:04:57,7.1,WS_ms
2026-07-09 17:04:58,7.71,WS_ms
2026-07-09 17:04:59,6.79,WS_ms
2026-07-09 17:05:00,6.74,WS_ms
2026-07-09 17:05:01,6.75,WS_ms
2026-07-09 17:05:03,6.94,WS_ms
2026-07-09 17:05:05,6.82,WS_ms
2026-07-09 17:06:29,7.16,WS_ms
2026-07-09 17:06:30,7.18,WS_ms
2026-07-09 17:06:32,6.6,WS_ms
2026-07-09 17:06:33,6.66,WS_ms
2026-07-09 17:08:41,6.66,WS_ms
2026-07-09 17:10:26,6.65,WS_ms
2026-07-09 17:10:42,6.64,WS_ms
2026-07-09 17:11:01,6.69,WS_ms
2026-07-09 17:11:02,6.91,WS_ms
2026-07-09 17:11:07,6.59,WS_ms
2026-07-09 17:11:08,6.72,WS_ms
2026-07-09 17:11:10,6.6,WS_ms
2026-07-09 17:12:26,6.81,WS_ms
2026-07-09 17:18:54,6.94,WS_ms
2026-07-09 17:19:52,6.7,WS_ms
2026-07-09 17:20:08,6.76,WS_ms
2026-07-09 17:20:09,6.84,WS_ms
2026-07-09 17:20:18,7.89,WS_ms
2026-07-09 17:20:19,7.06,WS_ms
2026-07-09 17:20:24,7.58,WS_ms
2026-07-09 17:20:25,6.97,WS_ms
2026-07-09 17:20:26,7.01,WS_ms
2026-07-09 17:20:37,6.86,WS_ms
2026-07-09 17:21:05,6.76,WS_ms
2026-07-09 17:21:06,7.48,WS_ms
2026-07-09 17:21:07,7.51,WS_ms
2026-07-09 17:21:08,7.45,WS_ms
2026-07-09 17:21:09,6.69,WS_ms
2026-07-09 17:21:10,7.05,WS_ms
2026-07-09 17:21:12,7.89,WS_ms
2026-07-09 17:21:13,7.53,WS_ms
2026-07-09 17:21:14,7.23,WS_ms
2026-07-09 17:21:15,6.83,WS_ms
2026-07-09 17:21:16,7.15,WS_ms
2026-07-09 17:21:17,7.03,WS_ms
2026-07-09 17:29:55,6.74,WS_ms
2026-07-09 17:29:56,6.78,WS_ms
2026-07-09 17:29:57,7.3,WS_ms
2026-07-09 17:29:58,7.45,WS_ms
2026-07-09 17:29:59,7.04,WS_ms
2026-07-09 17:30:00,6.86,WS_ms
2026-07-09 17:30:01,6.81,WS_ms
2026-07-09 17:30:02,7.2,WS_ms
2026-07-09 17:30:03,6.97,WS_ms
2026-07-09 17:30:05,7.17,WS_ms
2026-07-09 17:30:06,7.48,WS_ms
2026-07-09 17:30:07,7.85,WS_ms
2026-07-09 17:30:08,7.12,WS_ms
2026-07-09 17:30:10,6.83,WS_ms
2026-07-09 17:30:11,7.36,WS_ms
2026-07-09 17:30:12,7.13,WS_ms
2026-07-09 17:30:13,7.71,WS_ms
2026-07-09 17:30:14,8.13,WS_ms
2026-07-09 17:30:15,6.93,WS_ms
2026-07-09 17:30:16,7.09,WS_ms
2026-07-09 17:30:17,7.18,WS_ms
2026-07-09 17:30:24,7.0,WS_ms
2026-07-09 17:30:25,6.83,WS_ms
2026-07-09 17:30:26,7.02,WS_ms
2026-07-09 17:30:36,6.79,WS_ms
2026-07-09 17:30:41,7.2,WS_ms
2026-07-09 17:30:42,7.84,WS_ms
2026-07-09 17:30:43,7.65,WS_ms
2026-07-09 17:30:44,7.19,WS_ms
2026-07-09 17:31:58,6.98,WS_ms
2026-07-09 17:32:09,6.66,WS_ms
2026-07-09 17:32:10,6.92,WS_ms
2026-07-09 17:33:03,6.69,WS_ms
2026-07-09 17:33:08,6.66,WS_ms
2026-07-09 17:33:38,6.58,WS_ms
2026-07-09 17:33:39,7.41,WS_ms
2026-07-09 17:33:40,7.4,WS_ms
2026-07-09 17:33:42,7.97,WS_ms
2026-07-09 17:33:43,7.86,WS_ms
2026-07-09 17:33:44,7.35,WS_ms
2026-07-09 17:33:45,6.66,WS_ms
2026-07-09 17:33:46,6.71,WS_ms
2026-07-09 17:33:47,6.9,WS_ms
2026-07-09 17:33:52,6.59,WS_ms
2026-07-09 17:34:09,6.9,WS_ms
2026-07-09 17:35:55,6.93,WS_ms
2026-07-09 17:36:35,6.62,WS_ms
2026-07-09 17:50:22,7.2,WS_ms
2026-07-09 17:50:23,6.88,WS_ms
2026-07-09 17:50:32,6.69,WS_ms
2026-07-09 17:50:33,6.93,WS_ms
2026-07-09 17:50:34,7.06,WS_ms
2026-07-09 17:50:36,6.67,WS_ms
2026-07-09 17:50:37,6.98,WS_ms
2026-07-09 17:50:40,7.02,WS_ms
2026-07-09 17:51:43,6.64,WS_ms
2026-07-09 17:51:44,6.96,WS_ms
2026-07-09 17:51:45,6.88,WS_ms
2026-07-09 17:51:51,6.8,WS_ms
2026-07-09 17:51:52,6.58,WS_ms
2026-07-09 17:54:53,6.81,WS_ms
2026-07-09 17:55:00,7.06,WS_ms
2026-07-09 17:55:01,7.51,WS_ms
2026-07-09 17:55:02,7.76,WS_ms
2026-07-09 17:55:03,7.31,WS_ms
2026-07-09 17:55:04,6.66,WS_ms
2026-07-09 17:57:57,6.65,WS_ms
2026-07-09 17:57:58,6.69,WS_ms
2026-07-09 18:02:35,6.75,WS_ms
2026-07-09 18:05:44,6.58,WS_ms
2026-07-09 18:05:45,7.09,WS_ms
2026-07-10 10:44:32,6.77,WS_ms
2026-07-10 10:44:36,6.65,WS_ms
2026-07-10 10:44:50,6.74,WS_ms
2026-07-10 10:45:26,6.7,WS_ms
2026-07-10 11:51:03,6.83,WS_ms
2026-07-10 11:54:00,6.97,WS_ms
2026-07-10 11:54:02,7.12,WS_ms
2026-07-10 11:54:03,8.49,WS_ms
2026-07-10 11:54:04,8.36,WS_ms
2026-07-10 11:54:05,7.9,WS_ms
2026-07-10 11:54:06,7.64,WS_ms
2026-07-10 11:54:25,6.81,WS_ms
2026-07-10 11:54:27,7.65,WS_ms
2026-07-10 11:54:28,6.77,WS_ms
2026-07-10 11:54:29,6.84,WS_ms
2026-07-10 11:54:30,7.03,WS_ms
2026-07-10 11:54:31,7.48,WS_ms
2026-07-10 11:54:32,6.82,WS_ms
2026-07-10 11:54:33,6.99,WS_ms
2026-07-10 11:54:34,8.07,WS_ms
2026-07-10 11:54:35,7.0,WS_ms
2026-07-10 11:54:37,8.44,WS_ms
2026-07-10 11:54:38,7.99,WS_ms
2026-07-10 11:54:40,6.99,WS_ms
2026-07-10 11:54:42,8.03,WS_ms
2026-07-10 11:54:43,8.56,WS_ms
2026-07-10 11:54:44,8.94,WS_ms
2026-07-10 11:54:45,9.35,WS_ms
2026-07-10 11:54:46,8.24,WS_ms
2026-07-10 11:54:47,9.43,WS_ms
2026-07-10 11:54:48,9.21,WS_ms
2026-07-10 11:54:49,9.9,WS_ms
2026-07-10 11:54:50,8.46,WS_ms
2026-07-10 11:54:51,9.71,WS_ms
2026-07-10 11:54:52,9.76,WS_ms
2026-07-10 11:54:53,10.52,WS_ms
2026-07-10 11:54:54,9.0,WS_ms
2026-07-10 11:54:55,9.67,WS_ms
2026-07-10 11:54:56,8.56,WS_ms
2026-07-10 11:54:57,8.58,WS_ms
2026-07-10 11:54:58,9.26,WS_ms
2026-07-10 11:54:59,7.89,WS_ms
2026-07-10 11:55:00,8.97,WS_ms
2026-07-10 11:55:01,8.28,WS_ms
2026-07-10 11:55:02,8.18,WS_ms
2026-07-10 11:55:03,8.32,WS_ms
2026-07-10 11:55:04,8.3,WS_ms
2026-07-10 11:55:05,8.25,WS_ms
2026-07-10 11:55:06,9.5,WS_ms
2026-07-10 11:55:07,6.99,WS_ms
2026-07-10 11:55:10,9.53,WS_ms
2026-07-10 11:55:11,9.4,WS_ms
2026-07-10 11:55:12,10.5,WS_ms
2026-07-10 11:55:13,10.44,WS_ms
2026-07-10 11:55:14,10.53,WS_ms
2026-07-10 11:55:15,10.33,WS_ms
2026-07-10 11:55:16,10.12,WS_ms
2026-07-10 11:55:17,9.85,WS_ms
2026-07-10 11:55:18,9.01,WS_ms
2026-07-10 11:55:19,9.56,WS_ms
2026-07-10 11:55:20,8.67,WS_ms
2026-07-10 11:55:21,9.02,WS_ms
2026-07-10 11:55:22,9.08,WS_ms
2026-07-10 11:55:23,8.57,WS_ms
2026-07-10 11:55:24,8.23,WS_ms
2026-07-10 11:55:25,9.69,WS_ms
2026-07-10 11:55:26,9.75,WS_ms
2026-07-10 11:55:27,9.03,WS_ms
2026-07-10 11:55:28,8.57,WS_ms
2026-07-10 11:55:29,8.53,WS_ms
2026-07-10 11:55:30,7.43,WS_ms
2026-07-10 11:55:31,8.32,WS_ms
2026-07-10 11:55:32,7.45,WS_ms
2026-07-10 11:55:33,8.44,WS_ms
2026-07-10 11:55:34,9.34,WS_ms
2026-07-10 11:55:35,7.61,WS_ms
2026-07-10 11:55:36,9.01,WS_ms
2026-07-10 11:55:37,9.28,WS_ms
2026-07-10 11:55:38,8.93,WS_ms
2026-07-10 11:55:39,8.17,WS_ms
2026-07-10 11:55:40,7.87,WS_ms
2026-07-10 11:55:41,7.35,WS_ms
2026-07-10 11:55:42,7.08,WS_ms
2026-07-10 11:55:43,7.22,WS_ms
2026-07-10 11:55:44,7.35,WS_ms
2026-07-10 11:55:46,6.98,WS_ms
2026-07-10 11:55:47,7.14,WS_ms
2026-07-10 11:55:48,7.03,WS_ms
2026-07-10 11:55:49,7.22,WS_ms
2026-07-10 11:55:50,6.86,WS_ms
2026-07-10 11:55:52,6.63,WS_ms
2026-07-10 11:58:25,6.58,WS_ms
2026-07-10 11:58:29,6.95,WS_ms
2026-07-10 11:58:36,7.23,WS_ms
2026-07-10 11:58:41,6.73,WS_ms
2026-07-10 11:58:42,7.89,WS_ms
2026-07-10 11:58:56,7.38,WS_ms
2026-07-10 11:59:01,7.05,WS_ms
2026-07-10 11:59:03,6.76,WS_ms
2026-07-10 11:59:05,6.72,WS_ms
2026-07-10 11:59:13,6.67,WS_ms
2026-07-10 11:59:14,7.87,WS_ms
2026-07-10 12:06:49,8.23,WS_ms
2026-07-10 12:06:50,9.28,WS_ms
2026-07-10 12:06:51,6.77,WS_ms
2026-07-10 12:06:53,8.16,WS_ms
2026-07-10 12:06:54,7.95,WS_ms
2026-07-10 12:06:55,7.43,WS_ms
2026-07-10 12:08:42,6.95,WS_ms
2026-07-10 12:08:43,6.58,WS_ms
2026-07-10 12:08:44,7.28,WS_ms
2026-07-10 12:08:45,6.72,WS_ms
2026-07-10 12:08:49,7.08,WS_ms
2026-07-10 12:08:50,7.02,WS_ms
2026-07-10 12:08:51,6.59,WS_ms
2026-07-10 12:08:53,6.66,WS_ms
2026-07-10 12:08:54,6.6,WS_ms
2026-07-10 12:18:02,6.72,WS_ms
2026-07-10 12:18:06,6.7,WS_ms
2026-07-10 12:18:07,6.71,WS_ms
2026-07-10 12:19:53,6.97,WS_ms
2026-07-10 12:29:26,6.75,WS_ms
2026-07-10 12:30:19,7.78,WS_ms
2026-07-10 12:30:23,7.97,WS_ms
2026-07-10 12:30:24,7.46,WS_ms
2026-07-10 12:30:25,7.68,WS_ms
2026-07-10 12:31:08,6.64,WS_ms
2026-07-10 12:31:13,6.86,WS_ms
2026-07-10 12:31:49,6.9,WS_ms
