Instrument Name,Optical Particle Sizer
Model Number,3330
Serial Number,3330210304
Firmware Version,1.4
Calibration Date,2021/01/14
Protocol Name_Number,TEST_015
Test Start Time,06:40:45
Test Start Date,2026/07/10
Test Length [D:H:M:S],0:3:17:30
Sample Interval [H:M:S],0:0:5
Number Channels Enabled,16
Bin 1 Cut Point (um),0.300
Bin 2 Cut Point (um),0.374
Bin 3 Cut Point (um),0.465
Bin 4 Cut Point (um),0.579
Bin 5 Cut Point (um),0.721
Bin 6 Cut Point (um),0.897
Bin 7 Cut Point (um),1.117
Bin 8 Cut Point (um),1.391
Bin 9 Cut Point (um),1.732
Bin 10 Cut Point (um),2.156
Bin 11 Cut Point (um),2.685
Bin 12 Cut Point (um),3.343
Bin 13 Cut Point (um),4.162
Bin 14 Cut Point (um),5.182
Bin 15 Cut Point (um),6.451
Bin 16 Cut Point (um),7.705
Bin 17 Cut Point (um),10.000
Alarm,0.000 #/cm3
Density,1.600
Refractive Index,0.000-0.000j
Size Correction Factor,0.000
FlowCal,1.000
DeadTime Correction Factor,1.000
Errors,
Number of Samples,2370
,
Elapsed Time [s],Bin 1,Bin 2,Bin 3,Bin 4,Bin 5,Bin 6,Bin 7,Bin 8,Bin 9,Bin 10,Bin 11,Bin 12,Bin 13,Bin 14,Bin 15,Bin 16,Bin 17,Deadtime (s),Temperature (C),Humidity (%),Ambient Pressure (kPa),Alarms,Errors,
5,2469,648,281,130,66,67,23,29,17,8,10,3,4,2,2,2,0,0.025645,28.484,0.000,98.860,,,
10,2514,717,304,108,48,45,29,40,23,11,6,6,0,0,1,1,0,0.026540,28.558,0.000,98.841,,,
15,2489,714,291,111,57,57,21,22,18,8,2,4,5,1,1,0,1,0.026433,28.593,0.000,98.847,,,
20,2398,687,305,102,63,59,27,26,27,8,3,5,2,2,0,2,0,0.026023,28.625,0.000,98.847,,,
25,2492,757,283,100,65,55,30,21,22,10,6,2,1,1,2,1,0,0.026777,28.653,0.000,98.841,,,
30,2473,654,286,105,50,49,33,27,23,7,3,4,0,0,0,1,2,0.026008,28.677,0.000,98.841,,,
35,2318,639,288,107,59,57,20,23,19,7,4,3,1,1,0,2,0,0.025051,28.698,0.000,98.841,,,
40,2327,662,331,97,51,54,20,29,18,11,3,0,3,1,2,0,0,0.025549,28.723,0.000,98.841,,,
45,2484,707,296,104,62,73,29,41,21,13,4,6,1,0,2,1,2,0.027149,28.737,0.000,98.841,,,
50,2333,707,304,111,61,60,27,36,13,2,6,6,2,0,1,0,0,0.026411,28.765,0.000,98.847,,,
55,2472,704,314,125,59,61,22,30,16,11,2,2,3,0,1,0,0,0.027422,28.782,0.000,98.841,,,
60,2607,700,316,121,59,56,28,25,23,11,4,3,1,0,0,1,1,0.028171,28.796,0.000,98.841,,,
65,2633,725,309,122,66,62,27,32,16,10,9,7,2,3,0,0,0,0.028688,28.825,0.000,98.841,,,
70,2531,693,339,118,73,65,26,27,18,3,5,6,2,0,0,0,0,0.028002,28.842,0.000,98.841,,,
75,2575,704,299,111,73,47,24,40,26,10,5,1,2,0,0,1,0,0.027672,28.863,0.000,98.841,,,
80,2471,707,325,121,60,74,25,34,27,8,7,3,3,2,0,0,0,0.027871,28.888,0.000,98.847,,,
85,2415,675,294,118,60,54,25,22,17,13,5,4,3,2,0,0,0,0.026326,28.902,0.000,98.841,,,
90,2437,746,294,122,64,52,38,31,15,11,5,1,2,2,1,0,0,0.027418,28.930,0.000,98.841,,,
95,2431,689,269,105,59,42,32,28,16,14,3,2,2,2,1,0,1,0.026035,28.944,0.000,98.854,,,
100,2614,731,321,118,51,57,25,37,16,6,5,7,1,5,2,0,0,0.028032,28.975,0.000,98.841,,,
105,2569,705,291,117,45,66,29,34,24,7,7,5,5,2,2,0,0,0.027480,28.989,0.000,98.866,,,
110,2531,749,264,119,47,43,26,28,31,6,6,7,2,0,1,1,2,0.027187,29.000,0.000,98.854,,,
115,2546,705,277,118,49,61,29,25,16,9,8,4,4,1,0,1,0,0.027161,29.028,0.000,98.841,,,
120,2591,709,307,117,75,57,22,28,25,10,7,6,1,4,3,1,1,0.028107,29.049,0.000,98.847,,,
125,2323,634,261,81,54,46,20,32,20,15,9,1,1,1,0,2,0,0.024529,29.070,0.000,98.854,,,
130,2506,691,324,108,44,48,21,23,23,10,6,2,4,3,0,0,1,0.026670,29.088,0.000,98.854,,,
135,2467,686,278,96,52,59,31,29,24,7,8,6,6,0,1,0,1,0.026269,29.123,0.000,98.866,,,
140,2471,751,303,110,58,51,27,29,23,16,3,9,1,0,2,0,1,0.027105,29.133,0.000,98.841,,,
145,2459,705,264,88,43,52,24,35,25,3,6,5,6,4,0,0,0,0.025770,29.147,0.000,98.847,,,
150,2475,672,260,111,55,59,25,23,21,5,5,4,4,3,1,0,0,0.026073,29.175,0.000,98.847,,,
155,2500,695,265,111,49,63,24,37,18,9,5,7,1,1,1,0,2,0.026540,29.193,0.000,98.860,,,
160,2495,684,268,94,62,42,17,28,22,6,6,6,0,3,2,0,0,0.026013,29.214,0.000,98.841,,,
165,2449,679,303,99,60,57,22,28,25,8,8,3,2,4,1,2,1,0.026507,29.235,0.000,98.847,,,
170,2491,649,255,81,66,72,23,28,16,9,2,5,3,2,2,1,0,0.025711,29.246,0.000,98.854,,,
175,2303,673,258,107,50,40,19,22,33,7,8,2,2,0,3,2,0,0.024692,29.281,0.000,98.860,,,
180,2433,603,280,85,59,44,23,31,22,13,6,3,3,2,0,0,0,0.024976,29.295,0.000,98.854,,,
185,2402,642,288,103,60,60,32,37,19,17,5,3,3,1,1,3,0,0.025783,29.312,0.000,98.866,,,
190,2461,692,274,85,50,59,24,24,17,12,6,4,4,0,2,1,0,0.026003,29.337,0.000,98.860,,,
195,2375,655,273,93,61,56,27,30,20,9,6,7,7,3,2,1,0,0.025403,29.351,0.000,98.860,,,
200,2406,675,271,98,61,45,20,34,14,10,5,4,6,2,1,1,0,0.025355,29.379,0.000,98.872,,,
205,2404,688,287,104,46,48,27,24,19,11,1,5,2,2,1,2,1,0.025644,29.396,0.000,98.854,,,
210,2400,734,265,94,49,69,33,24,17,8,6,5,3,0,1,1,0,0.026055,29.411,0.000,98.866,,,
215,2194,592,280,73,50,51,25,20,19,8,5,8,2,2,0,2,0,0.023167,29.439,0.000,98.860,,,
220,2370,643,269,93,44,25,31,29,17,13,7,8,3,6,3,2,0,0.024785,29.449,0.000,98.872,,,
225,2218,624,264,93,71,46,29,31,19,7,7,6,3,0,1,2,0,0.023922,29.463,0.000,98.860,,,
230,2306,654,255,89,46,58,22,23,18,13,7,6,2,0,1,1,1,0.024291,29.491,0.000,98.866,,,
235,2387,659,277,109,44,55,21,31,13,6,5,2,3,1,0,0,2,0.024964,29.509,0.000,98.872,,,
240,2387,641,290,109,55,52,20,33,22,10,5,4,3,1,1,1,0,0.025201,29.530,0.000,98.866,,,
245,2417,640,264,109,53,47,29,26,20,10,2,5,3,1,1,0,0,0.024881,29.558,0.000,98.866,,,
250,2457,672,237,100,60,47,27,29,17,8,9,6,3,1,2,1,0,0.025547,29.579,0.000,98.866,,,
255,2427,693,263,90,57,54,30,29,18,11,3,2,3,0,0,0,0,0.025435,29.596,0.000,98.866,,,
260,2401,647,294,91,51,63,24,19,17,14,4,8,6,5,0,0,0,0.025233,29.625,0.000,98.872,,,
265,2389,685,258,96,55,40,19,33,16,10,7,6,1,0,2,1,1,0.025093,29.635,0.000,98.872,,,
270,2384,660,260,111,53,57,27,38,20,15,9,6,4,2,1,0,1,0.025425,29.656,0.000,98.872,,,
275,2407,660,277,100,56,55,29,21,37,10,7,7,1,2,0,2,0,0.025606,29.684,0.000,98.872,,,
280,2394,606,294,100,58,47,24,33,24,18,2,2,2,3,1,2,0,0.025093,29.702,0.000,98.866,,,
285,2444,644,285,98,61,46,17,28,28,13,5,5,0,1,1,1,2,0.025618,29.723,0.000,98.866,,,
290,2315,654,271,119,43,63,24,25,22,10,4,5,2,1,1,1,1,0.024756,29.737,0.000,98.872,,,
295,2323,632,268,90,54,34,28,30,25,6,5,4,3,0,2,3,2,0.024486,29.754,0.000,98.872,,,
300,2433,682,291,97,48,61,20,32,16,8,3,5,6,3,2,0,1,0.025679,29.789,0.000,98.872,,,
305,2524,727,265,93,73,46,20,18,20,20,4,4,2,4,1,1,1,0.026450,29.800,0.000,98.872,,,
310,2461,695,266,108,61,72,27,32,27,10,4,5,1,3,1,0,0,0.026462,29.821,0.000,98.872,,,
315,2450,680,269,87,65,41,24,29,22,11,7,2,2,0,1,4,0,0.025601,29.842,0.000,98.866,,,
320,2376,693,249,105,40,50,24,32,19,8,7,1,3,1,3,0,3,0.025079,29.860,0.000,98.872,,,
325,2486,680,302,112,64,49,25,26,27,16,7,5,2,1,0,1,0,0.026285,29.881,0.000,98.872,,,
330,2385,641,291,113,66,43,27,17,16,11,3,2,1,0,1,0,0,0.025128,29.898,0.000,98.872,,,
335,2564,689,294,79,53,62,24,35,24,9,7,1,2,2,0,0,0,0.026349,29.912,0.000,98.872,,,
340,2452,668,291,105,56,43,21,29,19,3,6,7,3,0,3,1,1,0.025497,29.947,0.000,98.872,,,
345,2403,679,269,93,44,51,24,30,25,16,7,3,2,1,1,0,0,0.025190,29.961,0.000,98.879,,,
350,2405,615,277,99,59,46,17,35,21,16,1,3,2,1,1,0,0,0.024918,29.979,0.000,98.872,,,
355,2482,627,277,99,61,53,31,20,25,9,7,3,3,1,2,0,0,0.025214,30.000,0.000,98.866,,,
360,2337,612,230,92,45,56,22,36,17,8,8,4,2,2,0,1,0,0.023627,30.018,0.000,98.872,,,
365,2298,616,232,111,58,50,31,29,18,9,7,6,2,0,1,3,0,0.023610,30.033,0.000,98.891,,,
370,2395,725,285,89,53,56,19,22,12,10,6,2,4,1,1,0,0,0.025390,30.055,0.000,98.885,,,
375,2470,679,267,110,50,44,28,34,22,9,6,4,1,3,0,0,2,0.025512,30.091,0.000,98.872,,,
380,2537,641,282,93,58,65,30,32,25,11,6,4,4,1,0,2,0,0.025979,30.098,0.000,98.885,,,
385,2548,684,292,106,55,60,29,22,23,10,6,5,1,3,1,0,0,0.026466,30.116,0.000,98.879,,,
390,2369,640,287,105,44,58,24,38,16,15,6,3,5,1,2,1,0,0.025052,30.145,0.000,98.879,,,
395,2479,688,275,102,49,52,22,28,19,7,4,3,3,0,0,2,1,0.025534,30.156,0.000,98.885,,,
400,2511,665,271,104,59,43,25,29,21,12,6,4,1,0,0,2,0,0.025652,30.171,0.000,98.885,,,
405,2407,653,298,98,49,42,24,23,21,8,3,5,2,6,0,0,0,0.024857,30.200,0.000,98.885,,,
410,2387,649,279,97,51,48,25,25,22,12,3,3,2,1,0,1,1,0.024904,30.215,0.000,98.879,,,
415,2353,684,297,97,57,37,26,38,22,9,10,4,4,1,0,0,0,0.025286,30.233,0.000,98.891,,,
420,2502,677,316,110,59,48,35,36,26,8,4,4,4,3,1,2,1,0.026477,30.255,0.000,98.885,,,
425,2472,678,272,103,51,55,41,29,20,14,7,2,3,0,1,1,0,0.025816,30.269,0.000,98.885,,,
430,2542,690,279,92,56,47,23,25,14,9,5,1,2,0,3,2,0,0.026056,30.295,0.000,98.891,,,
435,2561,709,311,95,60,56,26,36,28,11,2,4,1,1,2,0,0,0.026928,30.309,0.000,98.891,,,
440,2484,671,267,101,61,52,11,40,22,16,4,2,8,5,1,0,0,0.025775,30.320,0.000,98.879,,,
445,2495,731,268,97,53,35,30,35,25,12,9,3,5,0,1,1,2,0.026203,30.335,0.000,98.891,,,
450,2559,666,295,109,70,69,26,26,15,16,10,7,3,1,0,2,0,0.026622,30.364,0.000,98.891,,,
455,2529,689,271,109,52,59,25,36,20,8,5,7,1,2,1,1,0,0.026257,30.375,0.000,98.885,,,
460,2549,673,301,120,48,61,37,35,21,10,5,3,3,1,1,1,0,0.026757,30.382,0.000,98.897,,,
465,2560,718,278,95,67,46,24,34,21,4,4,4,3,3,1,1,1,0.026401,30.418,0.000,98.879,,,
470,2574,717,266,85,62,68,24,28,18,12,6,2,1,2,2,1,0,0.026599,30.429,0.000,98.885,,,
475,2838,787,340,120,51,51,49,24,22,12,6,3,1,0,1,0,0,0.029614,30.444,0.000,98.891,,,
480,2902,815,299,102,51,50,14,43,29,6,9,3,1,1,1,2,1,0.029598,30.473,0.000,98.885,,,
485,2467,706,301,100,48,49,29,23,13,8,7,3,2,0,3,2,3,0.026010,30.480,0.000,98.897,,,
490,2441,695,317,100,52,47,31,28,19,10,4,3,3,3,1,1,0,0.025992,30.498,0.000,98.903,,,
495,2438,662,281,108,66,59,27,35,21,13,7,5,1,1,0,2,2,0.025786,30.527,0.000,98.879,,,
500,2403,691,272,113,49,56,22,36,18,10,7,6,3,2,1,0,1,0.025421,30.542,0.000,98.891,,,
505,2541,760,308,107,52,47,36,28,29,13,6,1,1,3,1,0,0,0.027191,30.545,0.000,98.897,,,
510,2638,748,306,102,49,62,27,31,18,14,6,3,1,0,0,0,0,0.027349,30.582,0.000,98.891,,,
515,2548,730,292,109,53,62,21,27,16,6,4,2,5,3,1,2,0,0.026514,30.611,0.000,98.897,,,
520,2512,658,300,91,52,67,21,28,17,10,7,4,2,1,1,1,0,0.025529,30.629,0.000,98.891,,,
525,2690,701,301,114,66,50,22,34,19,9,4,5,1,2,0,0,0,0.027590,30.636,0.000,98.885,,,
530,2677,787,270,97,46,59,24,36,26,12,5,2,2,1,0,1,0,0.027595,30.665,0.000,98.897,,,
535,2578,794,298,115,37,38,26,29,13,6,4,2,2,3,1,2,1,0.026942,30.676,0.000,98.891,,,
540,2592,711,271,95,51,48,24,28,12,10,8,5,3,1,1,2,1,0.026460,30.691,0.000,98.903,,,
545,2591,666,272,87,59,70,35,30,15,12,11,3,1,0,0,2,1,0.026273,30.713,0.000,98.897,,,
550,2524,706,350,77,45,55,30,32,20,14,6,4,2,0,1,2,0,0.026595,30.731,0.000,98.897,,,
555,2633,760,290,99,64,62,27,29,24,4,4,4,2,2,1,1,0,0.027354,30.745,0.000,98.897,,,
560,2427,738,292,86,53,49,26,39,15,8,2,4,2,2,0,0,0,0.025858,30.760,0.000,98.885,,,
565,2577,729,286,113,62,50,26,26,30,11,3,4,3,1,0,0,1,0.026905,30.782,0.000,98.897,,,
570,2662,734,289,98,53,54,27,27,15,11,6,3,1,1,2,1,1,0.026925,30.793,0.000,98.891,,,
575,2684,760,291,125,48,55,23,27,20,15,5,1,1,2,0,2,1,0.027935,30.800,0.000,98.891,,,
580,2799,814,301,110,55,43,30,41,18,14,6,7,1,2,2,2,0,0.029015,30.829,0.000,98.897,,,
585,2715,762,302,115,46,57,24,35,17,7,8,3,2,2,0,0,0,0.028043,30.844,0.000,98.897,,,
590,2723,795,352,118,58,53,30,32,17,8,7,8,3,2,3,1,0,0.029089,30.855,0.000,98.897,,,
595,3039,944,390,130,49,57,27,22,22,12,4,3,1,2,0,2,0,0.032157,30.876,0.000,98.903,,,
600,3024,922,377,111,65,51,24,33,20,18,8,1,2,1,1,1,0,0.032002,30.898,0.000,98.891,,,
605,2799,830,343,119,53,70,31,33,20,11,8,3,1,2,0,1,0,0.029728,30.909,0.000,98.897,,,
610,2735,785,348,91,57,49,27,37,24,12,5,3,3,2,1,0,2,0.028824,30.931,0.000,98.903,,,
615,2550,746,318,115,52,54,37,21,24,9,8,3,2,0,0,1,1,0.027159,30.949,0.000,98.891,,,
620,2507,677,284,115,50,43,30,32,19,8,7,6,5,1,3,3,1,0.025941,30.964,0.000,98.903,,,
625,2410,673,281,103,54,58,33,26,23,3,2,2,2,2,1,0,1,0.025188,30.985,0.000,98.903,,,
630,2479,716,323,86,57,50,23,37,19,3,4,5,1,4,0,0,0,0.026107,31.004,0.000,98.897,,,
635,2619,633,282,92,38,45,27,23,16,11,5,3,1,0,0,0,1,0.025666,31.014,0.000,98.903,,,
640,2465,621,297,107,42,64,23,28,26,5,7,0,4,2,0,1,0,0.024979,31.025,0.000,98.891,,,
645,2461,645,286,102,50,47,20,37,16,9,4,5,2,1,0,1,0,0.025127,31.054,0.000,98.903,,,
650,2406,667,246,103,53,48,18,21,24,15,3,1,3,3,2,0,0,0.024676,31.064,0.000,98.903,,,
655,2429,714,289,108,55,52,25,24,16,11,5,4,4,2,1,2,0,0.025626,31.071,0.000,98.903,,,
660,2490,720,302,102,52,66,21,33,18,7,8,5,1,1,0,1,3,0.026403,31.093,0.000,98.891,,,
665,2455,665,288,89,52,50,26,27,24,8,6,2,2,1,1,0,0,0.025210,31.114,0.000,98.903,,,
670,2410,613,280,104,58,64,34,36,24,11,6,1,2,2,0,1,2,0.025122,31.143,0.000,98.897,,,
675,2474,621,250,90,49,45,26,22,27,11,2,0,2,1,0,2,0,0.024342,31.150,0.000,98.891,,,
680,2426,661,266,107,64,43,37,25,19,6,3,1,4,2,0,0,0,0.024907,31.168,0.000,98.903,,,
685,2448,684,292,85,62,44,22,35,15,7,9,3,4,3,0,1,0,0.025240,31.189,0.000,98.903,,,
690,2483,660,297,92,39,52,38,27,17,9,3,2,1,2,1,1,0,0.025428,31.196,0.000,98.903,,,
695,2507,631,285,94,46,40,15,33,20,7,7,6,1,1,3,2,3,0.025098,31.211,0.000,98.903,,,
700,2453,678,271,88,56,44,33,20,18,6,5,3,3,3,0,0,1,0.024846,31.214,0.000,98.897,,,
705,2399,654,260,96,53,47,23,25,18,10,3,3,3,1,0,2,0,0.024389,31.243,0.000,98.891,,,
710,2450,627,278,108,57,42,23,21,14,5,4,5,4,3,1,1,0,0.024615,31.254,0.000,98.903,,,
715,2338,695,265,84,58,51,25,37,30,6,2,1,3,2,1,3,0,0.024648,31.268,0.000,98.897,,,
720,2395,654,277,95,53,43,22,19,14,13,5,3,2,3,2,0,1,0.024391,31.289,0.000,98.903,,,
725,2405,634,274,96,51,54,20,25,15,6,4,4,5,0,0,0,0,0.024339,31.304,0.000,98.903,,,
730,2405,678,240,106,57,55,28,31,14,11,5,4,3,0,1,0,0,0.024600,31.318,0.000,98.903,,,
735,2429,669,269,96,54,37,24,26,20,7,4,4,1,2,0,1,0,0.024646,31.329,0.000,98.903,,,
740,2459,683,291,91,53,56,28,24,23,8,3,3,1,1,1,2,1,0.025273,31.357,0.000,98.903,,,
745,2392,667,258,110,51,46,27,29,16,17,8,4,3,2,3,0,0,0.025064,31.364,0.000,98.903,,,
750,2447,677,250,100,42,56,19,27,14,11,6,3,2,2,2,1,0,0.024780,31.375,0.000,98.897,,,
755,2474,657,298,102,47,53,28,28,26,10,4,0,3,1,1,1,0,0.025344,31.411,0.000,98.903,,,
760,2417,665,278,101,62,46,20,22,20,6,3,2,3,0,1,2,0,0.024805,31.414,0.000,98.903,,,
765,2369,656,268,95,62,49,16,23,23,9,8,4,3,2,1,0,1,0.024426,31.429,0.000,98.903,,,
770,2270,622,234,84,52,39,21,24,19,13,10,3,3,1,0,0,0,0.023087,31.443,0.000,98.903,,,
775,2382,638,242,108,41,49,20,30,19,6,7,2,2,1,0,0,0,0.023774,31.464,0.000,98.903,,,
780,2302,665,280,80,45,45,23,24,20,9,3,3,1,5,0,0,0,0.024030,31.475,0.000,98.903,,,
785,2279,690,280,86,57,49,18,35,24,9,8,4,1,1,0,1,0,0.024306,31.489,0.000,98.910,,,
790,2286,607,248,116,67,56,17,26,11,7,5,6,0,1,2,2,1,0.023668,31.511,0.000,98.903,,,
795,2260,622,254,92,31,52,22,29,17,9,3,5,4,5,1,0,0,0.023069,31.525,0.000,98.903,,,
800,2388,622,261,99,42,62,13,32,17,4,7,8,1,4,0,2,0,0.024259,31.536,0.000,98.903,,,
805,2243,635,273,96,57,44,27,27,16,12,5,4,4,1,0,0,1,0.023702,31.557,0.000,98.903,,,
810,2386,630,237,92,51,53,20,36,15,7,7,4,2,3,2,2,0,0.023883,31.579,0.000,98.903,,,
815,2283,576,258,71,56,48,37,26,22,13,3,7,4,2,1,1,0,0.023172,31.589,0.000,98.903,,,
820,2380,596,282,59,54,51,24,27,12,14,9,3,1,1,0,1,0,0.023597,31.611,0.000,98.903,,,
825,2321,639,253,93,57,51,26,26,10,8,7,5,5,2,2,2,1,0.023860,31.625,0.000,98.897,,,
830,2472,723,240,102,62,44,19,29,18,11,5,4,2,1,2,4,1,0.025513,31.646,0.000,98.903,,,
835,2498,703,264,100,46,49,23,22,25,13,2,7,1,3,2,3,2,0.025642,31.661,0.000,98.916,,,
840,2509,623,248,103,64,44,26,28,19,4,3,5,2,4,0,1,0,0.025012,31.675,0.000,98.903,,,
845,2539,645,271,89,63,48,25,34,23,16,5,4,1,0,1,0,0,0.025463,31.686,0.000,98.910,,,
850,2434,660,256,92,44,43,19,33,17,10,8,4,3,0,0,0,0,0.024794,31.714,0.000,98.910,,,
855,2395,617,286,88,52,56,22,32,17,5,3,6,1,1,1,1,0,0.024357,31.725,0.000,98.903,,,
860,2458,679,270,116,50,53,33,26,20,13,5,4,3,0,0,0,0,0.025426,31.732,0.000,98.910,,,
865,2417,631,303,110,67,49,19,32,18,8,8,1,0,2,1,2,0,0.025163,31.754,0.000,98.903,,,
870,2523,649,297,91,54,52,36,23,23,17,8,5,8,0,3,1,4,0.025733,31.771,0.000,98.903,,,
875,2512,670,279,105,53,53,27,34,32,16,9,5,4,2,4,0,5,0.025960,31.782,0.000,98.903,,,
880,2441,626,286,96,58,49,19,40,15,12,6,3,3,0,0,0,0,0.024826,31.786,0.000,98.903,,,
885,2442,644,251,101,53,50,22,28,18,12,5,6,2,0,1,1,0,0.024837,31.821,0.000,98.910,,,
890,2478,664,274,115,37,61,41,27,15,13,7,4,3,0,2,1,0,0.025389,31.825,0.000,98.903,,,
895,2477,697,261,100,56,41,30,24,20,9,2,3,0,0,0,1,1,0.025033,31.839,0.000,98.903,,,
900,2535,658,257,112,50,55,23,29,25,16,4,4,6,1,1,0,2,0.025786,31.846,0.000,98.910,,,
905,2460,674,279,112,51,55,31,27,22,13,6,1,2,0,1,2,0,0.025450,31.875,0.000,98.903,,,
910,2491,647,248,105,54,53,16,24,14,8,5,2,2,0,1,2,0,0.024680,31.882,0.000,98.903,,,
915,2470,649,266,107,55,49,26,21,23,11,5,3,5,3,1,2,1,0.025342,31.893,0.000,98.910,,,
920,2497,664,269,79,55,52,35,34,13,11,11,2,2,2,1,0,0,0.025303,31.921,0.000,98.910,,,
925,2474,673,298,90,53,58,29,38,24,9,6,1,3,3,1,0,0,0.025588,31.929,0.000,98.903,,,
930,2496,747,306,106,48,77,35,24,14,18,8,3,3,2,0,1,0,0.026992,31.946,0.000,98.916,,,
935,2519,749,291,100,50,47,30,45,20,12,3,7,5,2,1,0,0,0.026539,31.954,0.000,98.910,,,
940,2659,749,312,118,66,54,35,30,16,12,4,4,1,0,1,2,0,0.027717,31.982,0.000,98.922,,,
945,2727,708,305,92,65,63,33,33,24,8,4,3,1,0,1,1,2,0.027679,31.993,0.000,98.910,,,
950,2583,780,287,101,59,56,28,32,28,13,7,8,2,2,0,0,0,0.027470,32.000,0.000,98.903,,,
955,2602,733,286,94,62,57,28,31,24,10,10,4,2,2,2,2,1,0.027230,32.022,0.000,98.916,,,
960,2527,724,306,109,55,55,23,42,21,6,8,2,2,2,0,0,0,0.026515,32.037,0.000,98.922,,,
965,2522,693,270,108,52,66,24,26,19,7,5,7,2,4,1,2,2,0.026119,32.052,0.000,98.910,,,
970,2546,675,269,103,57,54,29,24,15,10,4,6,2,0,0,0,0,0.025689,32.056,0.000,98.916,,,
975,2440,633,255,112,53,52,19,29,20,10,6,3,3,1,1,1,0,0.024856,32.070,0.000,98.910,,,
980,2469,652,276,88,46,51,21,31,16,4,1,2,3,1,2,0,1,0.024764,32.093,0.000,98.910,,,
985,2460,639,296,99,56,63,31,27,21,13,6,5,4,3,1,2,0,0.025494,32.096,0.000,98.903,,,
990,2496,663,257,78,49,47,25,38,17,15,7,7,0,2,0,1,0,0.025064,32.111,0.000,98.903,,,
995,2554,651,264,82,53,50,19,35,19,11,8,6,3,2,0,0,0,0.025247,32.126,0.000,98.922,,,
1000,2520,659,269,90,67,55,20,32,23,11,7,1,3,2,2,1,0,0.025275,32.148,0.000,98.922,,,
1005,2440,679,277,91,45,49,29,32,16,12,6,3,1,3,1,1,1,0.025091,32.156,0.000,98.910,,,
1010,2509,695,309,107,50,50,25,28,20,9,6,5,2,2,0,0,1,0.026069,32.185,0.000,98.910,,,
1015,2439,710,254,104,45,50,27,30,20,12,3,2,2,3,1,2,0,0.025481,32.189,0.000,98.910,,,
1020,2413,627,273,104,64,45,26,24,17,12,4,6,4,1,0,0,0,0.024523,32.204,0.000,98.910,,,
1025,2357,715,246,85,41,48,28,19,17,11,8,1,4,4,1,0,1,0.024349,32.211,0.000,98.922,,,
1030,2499,717,276,109,58,46,20,38,16,8,6,4,7,5,3,0,0,0.025901,32.241,0.000,98.916,,,
1035,2544,709,290,94,53,43,30,35,27,9,1,2,1,1,0,1,0,0.026100,32.248,0.000,98.916,,,
1040,2387,601,254,112,46,42,26,41,24,7,6,3,1,0,1,0,0,0.024002,32.259,0.000,98.910,,,
1045,2489,706,261,115,50,56,30,32,7,7,3,4,1,2,0,0,0,0.025416,32.281,0.000,98.916,,,
1050,2481,644,285,92,64,52,31,18,29,11,6,6,4,2,2,2,0,0.025355,32.296,0.000,98.910,,,
1055,2530,660,280,93,55,64,21,34,17,7,7,5,2,0,0,0,2,0.025471,32.315,0.000,98.910,,,
1060,2382,714,278,92,48,50,35,36,23,9,1,3,4,0,0,0,1,0.025037,32.315,0.000,98.922,,,
1065,2608,678,295,103,56,47,24,35,20,4,4,5,2,2,2,0,1,0.026482,32.330,0.000,98.910,,,
1070,2617,706,310,131,59,63,27,31,17,10,3,1,3,2,1,1,1,0.027184,32.352,0.000,98.916,,,
1075,2529,729,310,100,80,57,30,29,20,12,7,5,6,3,4,0,0,0.026938,32.363,0.000,98.910,,,
1080,2527,705,274,114,61,52,24,26,23,9,7,4,4,3,2,1,0,0.026279,32.370,0.000,98.922,,,
1085,2549,693,304,107,50,59,31,22,16,13,6,6,0,4,0,0,1,0.026260,32.400,0.000,98.922,,,
1090,2534,661,303,118,64,51,25,38,23,14,2,4,2,1,1,0,1,0.026392,32.407,0.000,98.916,,,
1095,2554,661,317,90,47,59,20,32,24,11,6,3,4,0,1,1,1,0.026287,32.419,0.000,98.910,,,
1100,2508,720,286,104,55,63,29,24,20,9,5,6,3,4,2,3,1,0.025979,32.426,0.000,98.922,,,
1105,2245,589,263,94,42,48,29,24,22,12,6,8,4,1,3,1,3,0.023430,32.456,0.000,98.922,,,
1110,2637,689,289,99,57,52,36,31,18,16,7,6,3,2,0,3,0,0.026811,32.463,0.000,98.916,,,
1115,2423,702,250,125,57,61,27,18,13,7,12,2,3,2,1,1,0,0.025219,32.470,0.000,98.903,,,
1120,2430,665,295,92,51,50,34,30,18,11,4,4,3,2,0,1,1,0.025051,32.481,0.000,98.922,,,
1125,2540,720,273,111,65,50,26,26,15,13,4,7,1,0,1,2,0,0.026310,32.504,0.000,98.928,,,
1130,2414,710,279,92,46,53,25,24,15,9,4,3,6,3,1,2,0,0.025112,32.519,0.000,98.935,,,
1135,2543,669,286,96,47,54,30,29,19,10,4,9,1,2,0,0,1,0.025634,32.530,0.000,98.916,,,
1140,2445,730,269,104,57,46,23,27,23,12,7,8,6,1,1,0,2,0.025628,32.537,0.000,98.910,,,
1145,2490,651,300,90,44,42,25,23,21,8,10,3,0,0,2,0,0,0.025189,32.552,0.000,98.916,,,
1150,2546,716,292,106,62,54,26,30,12,6,7,5,4,3,4,1,0,0.026166,32.574,0.000,98.903,,,
1155,2525,675,305,99,46,60,33,24,23,11,6,3,6,0,0,0,1,0.026158,32.578,0.000,98.922,,,
1160,2551,667,284,109,55,44,26,36,23,7,9,3,2,0,0,3,1,0.025865,32.593,0.000,98.910,,,
1165,2530,726,293,107,73,63,14,30,17,12,6,3,4,2,1,0,1,0.026683,32.607,0.000,98.928,,,
1170,2556,697,273,108,52,53,18,23,24,9,4,5,2,1,0,2,1,0.026006,32.630,0.000,98.903,,,
1175,2435,721,275,97,59,43,27,36,16,13,5,4,1,0,1,1,0,0.025340,32.641,0.000,98.916,,,
1180,2565,683,283,124,57,49,28,26,25,9,6,6,8,4,1,0,0,0.026334,32.648,0.000,98.916,,,
1185,2610,673,283,92,59,52,25,29,23,12,11,4,0,2,1,0,1,0.026289,32.663,0.000,98.922,,,
1190,2552,731,275,99,49,48,29,30,17,14,10,6,2,1,1,0,0,0.026211,32.685,0.000,98.922,,,
1195,2660,722,294,108,51,68,30,34,23,13,5,6,3,3,2,1,0,0.027609,32.693,0.000,98.935,,,
1200,2578,726,309,118,64,44,36,32,15,9,2,4,4,0,1,0,0,0.026762,32.722,0.000,98.928,,,
1205,2585,747,353,122,68,66,23,28,21,7,9,2,2,3,0,1,2,0.027758,32.722,0.000,98.916,,,
1210,2666,706,300,108,70,62,31,25,26,14,4,2,2,2,2,2,1,0.027436,32.741,0.000,98.935,,,
1215,2683,713,267,113,60,59,24,33,29,9,7,5,3,0,2,2,0,0.026969,32.741,0.000,98.922,,,
1220,2546,711,295,104,61,55,40,24,18,12,4,3,4,1,0,0,1,0.026415,32.770,0.000,98.910,,,
1225,2666,687,284,112,36,61,25,26,24,11,12,2,2,1,2,2,0,0.026822,32.778,0.000,98.928,,,
1230,2542,733,312,80,51,52,28,37,18,9,7,3,2,3,2,2,0,0.026586,32.789,0.000,98.910,,,
1235,2795,800,293,108,59,56,29,24,20,12,5,2,2,5,2,3,0,0.028616,32.796,0.000,98.928,,,
1240,3025,857,356,107,60,41,25,25,17,10,6,3,3,2,1,0,0,0.030705,32.804,0.000,98.922,,,
1245,2963,911,323,104,54,51,29,22,18,6,7,4,4,4,0,2,0,0.030375,32.833,0.000,98.928,,,
1250,3106,932,327,125,54,54,26,29,16,8,8,3,4,2,3,4,0,0.031743,32.841,0.000,98.916,,,
1255,2859,845,338,110,62,61,22,42,26,13,6,2,2,3,1,0,0,0.029865,32.852,0.000,98.928,,,
1260,2945,840,296,120,47,57,27,24,16,7,8,4,4,3,1,1,0,0.029687,32.859,0.000,98.928,,,
1265,2760,810,291,120,73,67,29,28,28,10,6,3,4,1,1,2,0,0.028836,32.889,0.000,98.922,,,
1270,2745,752,291,114,67,68,31,28,11,10,5,3,3,1,2,0,0,0.027946,32.889,0.000,98.922,,,
1275,2809,755,315,124,58,43,23,29,20,11,11,4,2,1,2,1,1,0.028450,32.900,0.000,98.922,,,
1280,3027,831,337,120,55,52,29,29,14,5,4,3,1,2,1,0,0,0.030105,32.907,0.000,98.928,,,
1285,3117,1001,357,116,67,52,28,31,20,9,13,5,3,4,0,1,0,0.032777,32.915,0.000,98.922,,,
1290,3027,943,369,111,59,45,35,24,17,8,8,6,7,0,2,0,0,0.031630,32.944,0.000,98.928,,,
1295,2912,895,313,121,72,49,33,37,23,8,1,9,3,1,1,0,1,0.030469,32.948,0.000,98.935,,,
1300,2545,798,330,108,52,54,29,31,26,20,8,4,4,1,0,2,1,0.027632,32.963,0.000,98.922,,,
1305,2672,755,314,107,53,52,31,25,34,10,8,4,4,0,1,1,0,0.027748,32.963,0.000,98.928,,,
1310,2789,708,298,111,55,52,16,31,20,18,8,6,1,4,3,1,0,0.027487,32.985,0.000,98.928,,,
1315,2706,784,290,112,50,42,18,38,34,13,5,6,2,4,1,2,1,0.027894,33.000,0.000,98.935,,,
1320,2779,758,301,110,63,39,31,35,25,10,4,6,4,2,2,1,0,0.028001,33.000,0.000,98.922,,,
1325,2759,769,345,98,52,51,28,34,27,9,8,4,4,2,1,1,1,0.028471,33.019,0.000,98.928,,,
1330,2747,735,297,112,58,54,25,35,25,12,4,7,1,4,5,2,4,0.028007,33.019,0.000,98.935,,,
1335,2671,795,299,121,68,60,25,31,33,7,5,2,1,2,2,1,0,0.027884,33.048,0.000,98.910,,,
1340,2690,770,305,117,48,49,28,38,22,5,10,2,5,4,1,3,0,0.027913,33.056,0.000,98.928,,,
1345,2610,756,291,108,43,51,25,28,28,12,8,3,4,3,1,1,0,0.027026,33.074,0.000,98.928,,,
1350,2582,706,294,108,61,51,27,35,21,9,6,3,5,3,2,1,4,0.026805,33.074,0.000,98.922,,,
1355,2552,711,273,100,62,42,25,31,20,7,6,5,6,2,0,0,1,0.026032,33.089,0.000,98.935,,,
1360,2596,719,283,106,51,47,25,28,21,9,5,1,2,2,2,0,0,0.026498,33.111,0.000,98.922,,,
1365,2592,730,325,107,56,55,25,28,24,11,6,6,2,2,3,0,2,0.027041,33.122,0.000,98.935,,,
1370,2604,687,297,115,42,61,28,42,18,8,3,4,2,2,3,1,0,0.026502,33.130,0.000,98.935,,,
1375,2561,742,321,118,61,60,19,28,15,12,7,6,4,0,0,1,1,0.027137,33.152,0.000,98.922,,,
1380,2642,732,318,97,60,52,16,32,16,13,8,3,7,0,2,2,0,0.027087,33.167,0.000,98.928,,,
1385,2642,769,270,110,63,53,21,34,21,18,4,1,2,1,2,1,0,0.027093,33.174,0.000,98.928,,,
1390,2810,779,336,110,62,61,25,43,30,10,7,3,3,2,1,1,2,0.029057,33.185,0.000,98.922,,,
1395,2751,759,290,97,49,61,23,27,22,6,6,6,4,2,0,2,1,0.028015,33.200,0.000,98.922,,,
1400,2748,753,296,122,60,48,27,25,18,10,5,5,2,0,0,1,1,0.027750,33.222,0.000,98.928,,,
1405,2709,725,294,115,67,57,29,24,27,10,3,4,3,3,1,0,2,0.027709,33.230,0.000,98.928,,,
1410,2746,718,328,99,56,61,33,31,21,16,12,4,6,4,0,3,0,0.027905,33.259,0.000,98.922,,,
1415,2683,711,304,115,70,58,39,32,20,14,4,6,1,1,0,2,0,0.027302,33.259,0.000,98.928,,,
1420,2656,799,316,113,54,57,23,33,30,9,6,4,2,5,1,1,1,0.027879,33.274,0.000,98.935,,,
1425,2688,740,324,115,58,61,27,25,23,5,4,7,1,3,4,1,0,0.027687,33.278,0.000,98.928,,,
1430,2716,790,333,101,55,54,26,26,12,10,8,4,2,0,0,3,1,0.028174,33.307,0.000,98.928,,,
1435,2740,721,308,125,58,59,35,36,21,7,1,2,4,1,0,2,1,0.027808,33.315,0.000,98.935,,,
1440,2633,780,290,103,55,43,22,30,19,10,2,1,3,2,0,0,0,0.027242,33.322,0.000,98.935,,,
1445,2646,792,350,126,60,61,28,26,13,16,9,5,3,1,0,0,0,0.028376,33.333,0.000,98.935,,,
1450,2758,796,331,131,61,56,33,23,22,11,12,5,3,4,1,0,0,0.029004,33.333,0.000,98.928,,,
1455,2574,724,299,118,52,62,23,33,15,15,8,4,5,1,1,1,0,0.026889,33.356,0.000,98.928,,,
1460,2671,700,305,104,48,55,23,31,24,10,5,8,3,2,1,3,0,0.026797,33.370,0.000,98.916,,,
1465,2655,771,340,111,62,45,20,31,22,7,7,2,1,4,2,1,1,0.027854,33.374,0.000,98.910,,,
1470,2602,688,324,120,42,68,29,34,18,10,8,6,2,2,0,3,0,0.027135,33.385,0.000,98.916,,,
1475,2736,724,294,112,54,58,28,29,21,15,2,4,2,3,1,0,0,0.027369,33.389,0.000,98.935,,,
1480,2691,763,335,102,60,66,34,24,24,12,6,4,2,2,3,0,0,0.028156,33.396,0.000,98.935,,,
1485,2597,744,313,100,47,58,37,31,20,5,6,9,0,1,2,2,0,0.026840,33.426,0.000,98.935,,,
1490,2686,744,298,99,51,50,22,23,17,10,5,5,2,4,2,1,0,0.027170,33.426,0.000,98.922,,,
1495,2620,721,269,98,66,50,34,29,20,12,7,2,6,2,1,1,0,0.026516,33.444,0.000,98.935,,,
1500,2722,706,285,94,48,65,34,41,21,7,6,4,5,3,2,2,1,0.027328,33.444,0.000,98.916,,,
1505,2710,680,269,110,55,60,26,27,24,7,5,5,3,2,0,1,0,0.026904,33.459,0.000,98.922,,,
1510,2680,733,261,125,58,42,17,20,19,11,5,6,4,4,1,1,1,0.026738,33.481,0.000,98.928,,,
1515,2594,717,288,106,50,51,26,31,29,11,3,4,5,2,2,1,0,0.026528,33.481,0.000,98.928,,,
1520,2697,708,305,104,55,52,21,21,25,7,6,7,3,2,4,0,0,0.027174,33.500,0.000,98.935,,,
1525,2607,676,283,101,60,44,25,42,12,5,7,3,3,3,5,1,0,0.026203,33.500,0.000,98.935,,,
1530,2674,788,292,109,43,61,27,31,27,12,7,3,2,1,1,3,1,0.027510,33.522,0.000,98.935,,,
1535,2802,753,298,104,53,58,28,41,14,8,8,3,7,2,3,0,0,0.027898,33.537,0.000,98.928,,,
1540,2696,738,308,119,49,55,32,36,28,8,9,5,3,3,1,1,3,0.027963,33.541,0.000,98.928,,,
1545,2654,733,283,105,75,56,25,35,14,15,2,5,6,3,2,0,2,0.027098,33.556,0.000,98.935,,,
1550,2583,756,267,95,60,58,29,36,22,8,5,4,3,3,1,0,0,0.026593,33.556,0.000,98.935,,,
1555,2698,748,261,91,62,46,23,29,15,11,3,1,1,1,2,0,0,0.026636,33.593,0.000,98.928,,,
1560,2554,684,258,103,56,54,23,35,16,7,5,3,2,1,0,3,0,0.025596,33.593,0.000,98.935,,,
1565,2689,721,294,91,55,56,35,27,15,13,3,3,1,4,2,0,0,0.026992,33.596,0.000,98.922,,,
1570,2547,697,319,88,50,54,31,33,19,4,8,2,1,2,2,0,1,0.026215,33.611,0.000,98.935,,,
1575,2501,686,307,106,49,57,33,29,24,10,9,2,2,6,0,2,1,0.025903,33.611,0.000,98.935,,,
1580,2479,624,288,100,49,47,28,28,14,11,2,6,2,1,0,1,1,0.024771,33.641,0.000,98.935,,,
1585,2563,690,266,81,60,41,26,29,16,7,4,5,1,3,3,0,2,0.025537,33.648,0.000,98.935,,,
1590,2455,665,304,104,62,43,25,32,12,13,7,5,5,1,1,0,0,0.025306,33.659,0.000,98.935,,,
1595,2485,691,278,113,46,42,21,36,18,11,10,2,2,3,1,2,1,0.025561,33.667,0.000,98.935,,,
1600,2458,698,293,109,57,53,19,31,17,8,3,4,1,2,1,1,0,0.025467,33.674,0.000,98.935,,,
1605,2648,741,244,88,56,34,22,31,19,10,6,6,2,4,0,1,0,0.026202,33.704,0.000,98.935,,,
1610,2680,735,293,123,58,55,22,36,22,15,11,1,5,2,1,1,3,0.027689,33.704,0.000,98.935,,,
1615,2509,728,303,85,45,33,28,31,21,10,4,6,4,3,0,1,0,0.025777,33.722,0.000,98.935,,,
1620,2591,748,312,98,55,45,16,27,18,9,7,5,3,2,4,1,0,0.026651,33.722,0.000,98.935,,,
1625,2834,796,330,113,66,54,32,39,23,11,7,7,1,3,0,1,2,0.029292,33.752,0.000,98.935,,,
1630,2882,863,327,114,59,56,37,28,31,12,3,7,2,4,1,2,0,0.030082,33.759,0.000,98.941,,,
1635,2791,804,292,100,52,56,37,35,18,18,3,6,3,2,0,1,1,0.028558,33.767,0.000,98.935,,,
1640,2697,755,294,122,53,59,31,30,19,14,12,6,3,5,1,0,0,0.027888,33.796,0.000,98.941,,,
1645,2654,748,291,99,60,43,32,27,17,19,5,5,5,2,0,1,0,0.027271,33.796,0.000,98.941,,,
1650,2684,731,249,101,79,58,27,23,25,10,8,7,4,5,0,2,0,0.027040,33.796,0.000,98.928,,,
1655,2632,742,275,101,53,51,26,36,25,7,6,3,1,4,0,0,0,0.026712,33.811,0.000,98.941,,,
1660,2424,644,293,82,58,43,29,39,16,14,4,5,5,1,1,4,1,0.024749,33.815,0.000,98.941,,,
1665,2630,710,297,97,58,46,29,28,22,9,6,4,2,3,0,1,1,0.026445,33.837,0.000,98.941,,,
1670,2644,755,268,99,47,40,33,28,19,15,4,4,1,2,3,2,0,0.026797,33.852,0.000,98.935,,,
1675,2664,802,290,124,61,54,29,32,20,12,13,10,4,4,0,5,2,0.028132,33.856,0.000,98.935,,,
1680,2746,759,299,106,51,58,26,26,15,10,11,6,3,2,1,1,0,0.027729,33.870,0.000,98.935,,,
1685,2624,730,278,104,56,47,27,28,27,11,7,8,2,3,4,2,1,0.026945,33.870,0.000,98.928,,,
1690,2586,752,271,101,45,46,23,33,28,16,10,5,4,2,0,2,0,0.026537,33.885,0.000,98.935,,,
1695,2647,707,289,116,61,53,34,33,21,9,9,6,4,2,3,1,0,0.026932,33.907,0.000,98.935,,,
1700,2686,715,294,102,53,54,24,33,27,9,12,4,3,3,0,3,0,0.027207,33.907,0.000,98.935,,,
1705,2686,722,302,104,52,52,31,33,20,18,10,3,5,6,1,0,0,0.027236,33.922,0.000,98.953,,,
1710,2636,713,311,114,48,57,23,28,20,15,5,6,5,3,3,1,0,0.026980,33.926,0.000,98.941,,,
1715,2687,809,302,117,51,53,35,31,22,14,1,4,5,5,0,0,0,0.028093,33.941,0.000,98.941,,,
1720,2604,778,282,97,67,50,24,27,22,17,4,4,1,2,1,2,1,0.027151,33.963,0.000,98.935,,,
1725,2601,739,286,112,56,45,34,22,18,9,5,3,4,2,3,1,2,0.026728,33.963,0.000,98.941,,,
1730,2643,717,295,109,57,52,24,24,21,10,6,3,1,2,1,1,1,0.026998,33.981,0.000,98.935,,,
1735,2666,759,258,108,43,47,21,27,14,20,10,3,5,3,0,1,1,0.026780,33.981,0.000,98.947,,,
1740,2623,680,240,87,40,60,37,30,17,11,3,4,3,1,0,2,0,0.025568,34.004,0.000,98.966,,,
1745,2628,708,291,104,55,52,20,25,19,12,4,5,5,0,1,2,0,0.026489,34.019,0.000,98.947,,,
1750,2536,649,254,96,51,46,24,36,23,10,11,7,4,2,1,0,1,0.025315,34.019,0.000,98.941,,,
1755,2433,674,272,101,54,43,28,23,10,17,2,6,2,4,1,2,0,0.025119,34.038,0.000,98.935,,,
1760,2514,644,237,105,50,47,27,27,20,11,5,4,2,1,4,0,0,0.024698,34.038,0.000,98.941,,,
1765,2504,644,276,91,58,38,32,30,17,11,0,4,4,6,0,0,1,0.024935,34.062,0.000,98.941,,,
1770,2565,643,250,108,58,50,27,31,23,8,6,5,1,2,1,0,1,0.025340,34.077,0.000,98.935,,,
1775,2451,645,258,83,57,54,32,27,15,17,8,6,4,1,0,1,0,0.024545,34.077,0.000,98.947,,,
1780,2496,649,271,85,39,47,29,30,24,6,0,6,4,2,0,1,0,0.024563,34.085,0.000,98.941,,,
1785,2517,671,281,94,65,48,28,34,20,14,5,3,2,1,2,0,0,0.025475,34.096,0.000,98.947,,,
1790,2471,676,264,95,40,60,28,29,23,7,7,6,2,1,1,1,0,0.024869,34.096,0.000,98.947,,,
1795,2556,647,259,103,52,50,34,20,23,10,6,3,2,1,0,0,0,0.025332,34.135,0.000,98.935,,,
1800,2477,650,253,96,61,52,23,35,15,3,2,3,4,2,0,0,0,0.024567,34.135,0.000,98.947,,,
1805,2484,682,248,96,42,43,16,21,19,9,3,6,2,2,1,0,0,0.024460,34.135,0.000,98.941,,,
1810,2460,674,260,92,40,51,28,26,25,4,5,4,3,1,5,0,0,0.024671,34.154,0.000,98.953,,,
1815,2455,673,286,87,60,47,26,43,13,5,0,4,2,1,1,1,0,0.024675,34.154,0.000,98.947,,,
1820,2462,692,246,98,50,55,23,25,20,10,5,5,4,1,1,2,0,0.024823,34.162,0.000,98.935,,,
1825,2456,627,251,114,34,55,23,25,14,6,5,7,2,0,1,2,1,0.024188,34.192,0.000,98.947,,,
1830,2505,632,253,87,53,46,28,21,15,12,4,6,2,2,1,2,1,0.024566,34.192,0.000,98.935,,,
1835,2425,675,257,75,44,52,28,19,17,8,6,2,2,3,1,1,0,0.024200,34.196,0.000,98.953,,,
1840,2467,620,274,92,45,59,26,22,21,12,9,1,3,1,0,3,0,0.024445,34.212,0.000,98.947,,,
1845,2448,648,264,105,46,56,36,39,18,7,7,4,4,1,1,1,0,0.024772,34.212,0.000,98.960,,,
1850,2498,689,265,102,67,49,28,28,28,8,3,0,4,1,0,1,0,0.025556,34.219,0.000,98.941,,,
1855,2413,678,256,92,48,42,24,31,25,12,5,6,1,1,0,1,0,0.024465,34.250,0.000,98.935,,,
1860,2495,658,274,98,44,53,24,25,8,8,9,6,2,3,2,0,1,0.025005,34.250,0.000,98.947,,,
1865,2482,656,249,91,37,48,29,33,24,13,5,9,4,4,1,0,0,0.024582,34.269,0.000,98.941,,,
1870,2434,666,227,80,47,53,20,21,18,6,6,4,5,2,2,1,0,0.024148,34.269,0.000,98.941,,,
1875,2428,652,262,85,62,50,29,27,22,6,1,1,2,1,0,1,0,0.024598,34.277,0.000,98.947,,,
1880,2467,647,239,83,49,47,26,21,25,12,5,5,0,0,1,1,0,0.024265,34.308,0.000,98.935,,,
1885,2311,647,261,94,39,37,22,28,19,10,0,2,5,1,0,1,0,0.023361,34.308,0.000,98.960,,,
1890,2371,692,245,86,48,40,26,31,18,9,3,4,1,0,3,2,0,0.024071,34.323,0.000,98.935,,,
1895,2327,644,252,96,55,44,21,22,22,13,4,1,2,1,1,0,0,0.023384,34.346,0.000,98.953,,,
1900,2500,671,266,97,55,57,16,30,17,3,6,2,4,1,0,1,1,0.024955,34.346,0.000,98.947,,,
1905,2444,694,224,104,59,43,29,22,22,11,6,8,4,1,1,0,0,0.024881,34.358,0.000,98.947,,,
1910,2385,658,234,86,58,53,23,29,17,12,8,1,3,2,0,3,0,0.023989,34.365,0.000,98.941,,,
1915,2358,626,252,101,48,53,24,30,18,10,8,6,3,3,1,1,2,0.023838,34.365,0.000,98.935,,,
1920,2466,613,248,84,48,39,11,27,23,8,2,2,4,2,0,0,0,0.023706,34.396,0.000,98.935,,,
1925,2395,635,253,101,48,48,16,34,16,12,8,5,2,2,3,0,0,0.024208,34.404,0.000,98.953,,,
1930,2474,617,271,85,41,47,17,29,18,4,5,5,2,3,2,0,1,0.024240,34.404,0.000,98.947,,,
1935,2386,657,258,80,45,56,22,28,20,13,3,1,1,3,1,0,0,0.023883,34.419,0.000,98.960,,,
1940,2486,690,274,88,53,68,18,30,17,15,6,2,2,1,1,0,0,0.025257,34.423,0.000,98.947,,,
1945,2542,675,251,110,52,48,21,21,17,10,4,6,2,4,1,0,0,0.025366,34.423,0.000,98.947,,,
1950,2528,688,251,103,46,38,24,26,16,8,8,2,2,0,0,1,0,0.024908,34.454,0.000,98.947,,,
1955,2490,674,279,100,52,36,34,22,24,10,3,3,1,0,1,1,0,0.024862,34.462,0.000,98.953,,,
1960,2480,648,274,90,44,40,24,28,21,11,5,3,3,2,1,1,1,0.024660,34.462,0.000,98.960,,,
1965,2512,698,256,83,49,45,26,24,13,8,4,4,3,2,2,0,0,0.024922,34.473,0.000,98.960,,,
1970,2430,677,288,86,52,46,24,22,22,7,7,3,4,2,3,3,0,0.024677,34.481,0.000,98.953,,,
1975,2534,682,260,106,55,58,29,33,17,10,6,3,3,2,2,2,0,0.025438,34.481,0.000,98.953,,,
1980,2550,687,260,87,54,52,24,25,21,13,7,4,1,6,1,1,0,0.025270,34.496,0.000,98.947,,,
1985,2524,658,273,90,56,59,22,28,17,7,7,1,4,1,1,2,0,0.025160,34.519,0.000,98.960,,,
1990,2505,656,275,94,48,52,21,29,19,11,9,8,1,5,1,2,1,0.025270,34.519,0.000,98.960,,,
1995,2421,639,252,94,52,55,17,29,8,15,3,4,1,0,3,1,0,0.024280,34.523,0.000,98.966,,,
2000,2583,679,252,72,62,42,23,19,17,5,5,5,2,1,1,1,2,0.025229,34.538,0.000,98.953,,,
2005,2465,619,279,83,50,56,24,33,24,5,3,4,2,2,1,1,0,0.024450,34.538,0.000,98.953,,,
2010,2442,621,251,80,64,49,20,28,19,18,8,5,2,0,0,0,0,0.024177,34.546,0.000,98.941,,,
2015,2386,635,255,75,43,46,27,27,25,6,8,6,4,2,3,0,0,0.023964,34.577,0.000,98.947,,,
2020,2446,607,256,109,52,42,22,32,14,4,3,5,1,0,1,1,1,0.024097,34.577,0.000,98.947,,,
2025,2410,655,220,83,52,49,21,27,20,10,4,1,4,4,1,0,0,0.024005,34.577,0.000,98.953,,,
2030,2448,629,250,87,47,43,17,30,15,11,4,4,4,1,1,0,0,0.023882,34.596,0.000,98.953,,,
2035,2511,649,253,81,54,46,23,36,19,9,2,8,4,1,0,0,0,0.024856,34.596,0.000,98.953,,,
2040,2499,672,264,83,64,49,22,27,19,9,3,2,2,2,1,1,1,0.024754,34.596,0.000,98.960,,,
2045,2444,609,259,73,55,46,31,29,18,10,6,3,2,1,0,0,0,0.023936,34.635,0.000,98.953,,,
2050,2421,632,271,91,50,54,22,33,16,4,9,4,2,1,0,1,1,0.024426,34.635,0.000,98.960,,,
2055,2450,679,269,92,47,41,23,30,16,9,5,2,1,3,0,0,1,0.024704,34.635,0.000,98.947,,,
2060,2386,672,280,99,39,61,17,19,15,14,9,2,2,3,0,1,1,0.024725,34.654,0.000,98.953,,,
2065,2453,636,256,82,34,44,24,18,15,10,4,1,4,1,0,0,0,0.024100,34.654,0.000,98.953,,,
2070,2476,656,254,90,55,48,22,26,16,4,2,3,1,2,0,0,1,0.024408,34.677,0.000,98.953,,,
2075,2433,658,231,103,50,45,27,29,20,9,5,4,3,1,1,0,0,0.024408,34.692,0.000,98.947,,,
2080,2481,709,246,111,58,41,25,23,18,13,11,4,2,1,0,0,0,0.025143,34.692,0.000,98.960,,,
2085,2638,682,251,96,43,55,26,26,18,13,10,1,4,0,1,1,1,0.025783,34.704,0.000,98.947,,,
2090,2572,667,256,98,65,45,29,28,24,9,1,5,3,3,0,1,0,0.025534,34.712,0.000,98.947,,,
2095,2510,694,261,95,43,52,22,25,15,3,9,7,7,2,0,4,1,0.025143,34.712,0.000,98.947,,,
2100,2536,702,237,84,54,53,38,29,14,12,6,2,2,2,3,0,0,0.025258,34.727,0.000,98.953,,,
2105,2447,677,258,104,57,37,23,35,24,10,4,7,1,3,2,0,0,0.024794,34.750,0.000,98.953,,,
2110,2508,703,263,85,58,54,29,23,15,7,5,4,1,1,2,2,1,0.025359,34.750,0.000,98.960,,,
2115,2487,672,261,112,64,65,21,17,14,10,3,2,1,1,2,2,1,0.025400,34.758,0.000,98.960,,,
2120,2466,676,261,98,48,52,25,29,16,9,6,5,7,2,0,3,0,0.024973,34.769,0.000,98.953,,,
2125,2578,654,282,105,47,31,24,26,20,15,4,2,5,5,1,0,0,0.025454,34.769,0.000,98.953,,,
2130,2438,677,251,88,60,47,28,31,18,6,11,2,7,1,0,0,1,0.024691,34.785,0.000,98.953,,,
2135,2487,625,281,72,55,39,19,23,19,9,6,5,0,2,0,1,0,0.024245,34.808,0.000,98.947,,,
2140,2447,704,266,99,47,51,20,25,27,13,9,6,3,1,3,1,1,0.025202,34.808,0.000,98.953,,,
2145,2487,680,252,94,65,61,20,32,13,8,11,5,5,3,2,1,1,0.025142,34.812,0.000,98.966,,,
2150,2489,700,267,102,53,40,27,27,24,10,7,3,9,2,2,1,1,0.025361,34.827,0.000,98.966,,,
2155,2492,701,264,92,62,60,20,26,18,7,4,7,2,2,1,0,1,0.025342,34.827,0.000,98.960,,,
2160,2416,697,234,88,54,49,16,26,20,12,5,5,3,3,0,0,0,0.024541,34.827,0.000,98.960,,,
2165,2493,657,253,91,45,44,23,38,22,6,7,8,1,8,4,2,3,0.024730,34.865,0.000,98.953,,,
2170,2377,689,253,109,41,39,29,27,17,8,4,3,1,1,0,0,0,0.024281,34.865,0.000,98.960,,,
2175,2462,661,242,95,34,49,19,24,23,15,6,5,9,2,3,5,1,0.024479,34.873,0.000,98.953,,,
2180,2481,667,250,85,39,51,24,31,21,9,3,3,1,2,1,1,0,0.024560,34.896,0.000,98.953,,,
2185,2463,632,233,93,49,47,22,15,22,9,3,4,1,3,1,2,1,0.024018,34.904,0.000,98.953,,,
2190,2519,649,251,72,45,51,23,28,20,8,8,2,1,2,0,2,0,0.024550,34.904,0.000,98.960,,,
2195,2531,655,242,83,51,54,34,28,12,9,7,8,1,2,2,1,0,0.024818,34.919,0.000,98.960,,,
2200,2590,670,260,82,57,57,24,14,11,15,8,4,4,3,0,0,0,0.025420,34.923,0.000,98.960,,,
2205,2514,653,244,86,43,58,28,29,13,7,2,5,1,1,2,0,0,0.024476,34.923,0.000,98.953,,,
2210,2457,643,225,89,57,47,28,32,20,6,3,6,3,2,1,0,0,0.024236,34.954,0.000,98.953,,,
2215,2567,690,252,88,43,38,25,21,26,15,8,3,0,0,0,0,2,0.025305,34.962,0.000,98.953,,,
2220,2549,677,272,86,51,51,19,32,17,5,7,7,4,0,1,1,1,0.025445,34.962,0.000,98.966,,,
2225,2488,650,286,89,53,43,16,33,14,15,6,7,3,4,2,0,0,0.024994,34.973,0.000,98.953,,,
2230,2444,657,236,91,45,54,21,23,24,9,7,2,2,2,0,0,1,0.024501,34.981,0.000,98.953,,,
2235,2523,651,279,84,56,52,29,30,16,5,7,9,0,3,0,1,0,0.025047,34.988,0.000,98.960,,,
2240,2433,711,264,90,58,50,27,27,13,6,8,1,2,1,3,1,0,0.024801,34.996,0.000,98.960,,,
2245,2419,644,251,96,61,49,23,23,19,14,9,4,6,1,2,0,1,0.024564,35.019,0.000,98.966,,,
2250,2441,641,256,80,38,58,21,26,24,6,3,3,1,0,1,0,0,0.024070,35.019,0.000,98.953,,,
2255,2487,654,242,64,45,52,17,26,23,10,6,3,3,1,1,2,0,0.024435,35.030,0.000,98.960,,,
2260,2373,657,248,80,49,53,24,32,15,10,4,3,1,4,0,0,0,0.023859,35.034,0.000,98.947,,,
2265,2373,646,254,91,39,51,16,19,16,7,3,7,1,3,0,1,1,0.023673,35.038,0.000,98.960,,,
2270,2499,637,253,87,40,38,20,18,21,9,4,5,3,0,1,0,0,0.024136,35.045,0.000,98.966,,,
2275,2458,636,246,75,44,40,22,27,14,11,5,3,2,1,2,0,0,0.023853,35.075,0.000,98.966,,,
2280,2391,639,251,91,54,56,23,23,26,4,5,2,3,5,1,0,1,0.023822,35.075,0.000,98.966,,,
2285,2373,633,250,81,57,46,28,32,19,11,4,6,3,5,1,0,0,0.024005,35.083,0.000,98.966,,,
2290,2493,639,246,91,43,36,17,26,16,10,7,2,7,2,2,0,2,0.024301,35.094,0.000,98.960,,,
2295,2445,652,254,75,48,45,18,29,13,7,4,4,3,2,0,1,0,0.023926,35.094,0.000,98.960,,,
2300,2468,592,269,87,35,49,29,33,21,12,11,2,1,2,1,1,1,0.024180,35.094,0.000,98.966,,,
2305,2533,651,219,89,50,60,17,32,16,15,7,2,5,0,0,1,0,0.024442,35.117,0.000,98.966,,,
2310,2343,630,245,71,47,61,22,35,21,6,9,3,7,2,1,2,0,0.023423,35.132,0.000,98.960,,,
2315,2359,589,216,71,60,57,19,25,14,9,5,2,2,1,4,1,0,0.022895,35.136,0.000,98.966,,,
2320,2375,584,236,83,42,45,18,34,16,14,2,2,3,3,3,1,0,0.022980,35.147,0.000,98.960,,,
2325,2327,637,260,85,36,43,21,28,15,5,3,6,2,1,0,2,0,0.023169,35.151,0.000,98.960,,,
2330,2303,589,226,94,52,47,27,23,15,13,3,5,1,2,2,2,0,0.022701,35.151,0.000,98.966,,,
2335,2378,668,249,106,62,41,26,28,20,9,4,6,4,4,3,2,0,0.024314,35.174,0.000,98.966,,,
2340,2392,651,264,74,48,43,19,21,12,10,2,5,0,1,0,2,0,0.023659,35.189,0.000,98.966,,,
2345,2412,587,249,100,38,36,32,26,13,9,5,5,1,2,0,0,1,0.023470,35.189,0.000,98.960,,,
2350,2333,636,216,91,36,45,18,27,21,6,3,2,5,0,0,3,0,0.022764,35.200,0.000,98.966,,,
2355,2452,621,243,71,43,39,22,30,15,14,7,2,3,1,0,1,1,0.023633,35.208,0.000,98.960,,,
2360,2366,624,221,99,41,49,35,26,18,6,7,6,2,2,0,0,1,0.023495,35.208,0.000,98.966,,,
2365,2398,579,217,96,35,42,15,28,16,6,5,1,3,2,0,0,3,0.022779,35.223,0.000,98.972,,,
2370,2318,601,231,74,50,38,20,28,18,11,6,5,5,4,1,3,0,0.022682,35.238,0.000,98.966,,,
2375,2355,608,231,83,50,44,19,16,24,8,4,5,4,3,1,1,1,0.022996,35.245,0.000,98.966,,,
2380,2474,613,249,98,46,51,24,26,17,9,5,4,5,1,0,0,0,0.024225,35.245,0.000,98.960,,,
2385,2355,621,230,92,49,25,19,34,17,9,7,4,6,1,2,0,0,0.023073,35.253,0.000,98.966,,,
2390,2495,617,221,89,43,51,17,29,31,9,5,6,1,4,1,0,0,0.023982,35.264,0.000,98.966,,,
2395,2404,662,251,87,53,44,13,26,19,15,5,3,1,1,0,0,0,0.023962,35.264,0.000,98.966,,,
2400,2366,598,231,79,46,40,20,22,11,9,5,3,3,1,0,1,0,0.022904,35.264,0.000,98.966,,,
2405,2328,577,240,81,36,37,21,35,16,12,3,3,4,2,1,2,2,0.022541,35.287,0.000,98.966,,,
2410,2432,581,240,69,44,42,28,30,18,9,5,3,3,2,0,1,0,0.023208,35.302,0.000,98.966,,,
2415,2353,638,251,89,50,46,21,28,20,12,8,4,4,1,1,0,0,0.023654,35.302,0.000,98.960,,,
2420,2341,605,232,74,49,49,26,23,24,6,4,7,3,1,3,1,0,0.023078,35.309,0.000,98.966,,,
2425,2403,598,266,78,40,44,28,26,23,9,2,3,3,3,0,0,0,0.023327,35.321,0.000,98.966,,,
2430,2405,597,249,91,43,44,20,31,14,10,4,8,2,0,0,0,1,0.023453,35.321,0.000,98.966,,,
2435,2384,603,207,88,47,60,25,23,14,8,8,3,4,2,1,1,0,0.022914,35.328,0.000,98.966,,,
2440,2345,592,256,80,46,49,29,30,18,12,6,4,1,2,1,0,0,0.023041,35.358,0.000,98.966,,,
2445,2405,618,247,89,55,44,27,25,28,10,7,6,5,3,0,1,0,0.023947,35.358,0.000,98.966,,,
2450,2370,630,250,105,32,57,25,20,17,14,7,9,1,3,1,0,2,0.023520,35.358,0.000,98.960,,,
2455,2394,620,253,78,39,34,22,23,24,7,5,4,5,3,3,3,0,0.023486,35.362,0.000,98.960,,,
2460,2380,630,222,103,53,39,29,30,20,11,5,5,2,1,2,2,1,0.023561,35.377,0.000,98.966,,,
2465,2377,615,256,81,49,43,24,23,14,10,2,2,1,2,1,1,1,0.023248,35.377,0.000,98.966,,,
2470,2335,582,249,80,43,49,13,28,11,14,8,3,2,2,0,1,0,0.022709,35.377,0.000,98.966,,,
2475,2316,585,259,76,47,47,32,24,12,9,5,5,6,1,1,1,3,0.022968,35.415,0.000,98.966,,,
2480,2337,604,199,87,40,53,17,32,18,7,5,4,3,3,1,1,2,0.022512,35.415,0.000,98.966,,,
2485,2377,590,232,78,39,47,31,33,7,9,2,0,1,2,0,1,0,0.022809,35.415,0.000,98.966,,,
2490,2368,609,218,62,45,53,21,35,22,7,8,3,3,1,0,3,0,0.023051,35.423,0.000,98.966,,,
2495,2397,566,234,101,55,41,17,30,16,8,8,4,0,1,3,1,0,0.023099,35.453,0.000,98.966,,,
2500,2328,585,225,79,50,37,23,27,14,12,9,3,3,2,0,0,1,0.022647,35.453,0.000,98.966,,,
2505,2291,661,225,77,43,38,26,19,20,11,4,3,3,0,2,2,2,0.022790,35.453,0.000,98.966,,,
2510,2343,618,263,98,35,37,13,22,11,10,6,6,1,0,1,0,1,0.023113,35.468,0.000,98.960,,,
2515,2411,641,252,86,44,51,12,30,23,12,5,2,2,0,1,1,0,0.023809,35.472,0.000,98.966,,,
2520,2322,639,233,75,56,41,19,27,18,9,8,4,4,2,3,1,1,0.023189,35.472,0.000,98.960,,,
2525,2391,599,221,89,48,33,24,24,20,6,5,3,4,1,0,0,0,0.023006,35.487,0.000,98.966,,,
2530,2314,599,223,81,53,47,24,29,14,8,9,3,2,5,3,1,0,0.022780,35.509,0.000,98.966,,,
2535,2490,609,235,80,53,47,24,18,23,13,1,2,4,4,2,2,0,0.023805,35.509,0.000,98.960,,,
2540,2266,563,209,82,45,49,21,27,9,6,5,3,4,2,0,0,0,0.021745,35.521,0.000,98.972,,,
2545,2261,598,249,74,44,37,22,29,20,8,7,6,2,5,0,0,1,0.022409,35.528,0.000,98.972,,,
2550,2247,567,238,86,48,37,25,15,15,12,10,5,3,4,1,1,0,0.022102,35.528,0.000,98.966,,,
2555,2401,621,208,86,42,54,21,29,20,8,6,4,3,1,1,1,0,0.023399,35.536,0.000,98.972,,,
2560,2331,596,223,90,33,54,25,12,15,10,5,5,4,3,0,0,0,0.022530,35.566,0.000,98.972,,,
2565,2405,623,226,72,48,45,22,21,18,13,9,4,1,2,1,1,0,0.023154,35.566,0.000,98.972,,,
2570,2315,587,210,101,36,46,22,26,18,11,8,4,1,1,0,0,0,0.022497,35.566,0.000,98.966,,,
2575,2243,630,241,70,51,36,19,32,9,5,5,3,4,4,1,0,1,0.022285,35.585,0.000,98.966,,,
2580,2236,615,235,94,42,34,11,23,23,12,7,4,2,0,2,0,0,0.022204,35.585,0.000,98.966,,,
2585,2319,617,193,70,36,34,21,23,18,3,5,5,3,1,0,0,0,0.022071,35.592,0.000,98.966,,,
2590,2316,616,227,80,53,57,11,29,16,9,4,1,3,4,1,4,1,0.022902,35.623,0.000,98.966,,,
2595,2321,620,223,82,38,46,30,14,23,8,7,3,0,0,1,1,0,0.022821,35.623,0.000,98.966,,,
2600,2306,586,219,106,42,53,27,24,21,6,6,2,3,1,1,2,0,0.022786,35.623,0.000,98.972,,,
2605,2248,600,238,82,41,47,24,23,19,11,3,3,7,1,0,0,1,0.022376,35.634,0.000,98.972,,,
2610,2230,560,237,83,37,36,31,33,14,8,5,6,3,3,0,1,0,0.022043,35.642,0.000,98.960,,,
2615,2287,568,228,91,42,51,22,22,18,3,6,4,4,7,1,1,0,0.022262,35.642,0.000,98.972,,,
2620,2211,602,207,78,39,43,19,21,10,14,10,2,4,1,0,1,0,0.021803,35.672,0.000,98.966,,,
2625,2261,588,216,83,44,47,15,24,13,7,3,1,1,1,0,0,1,0.021812,35.672,0.000,98.966,,,
2630,2216,596,243,88,46,37,16,24,14,11,8,4,4,2,1,2,2,0.022269,35.679,0.000,98.966,,,
2635,2197,587,210,83,57,36,30,18,13,13,4,2,2,2,1,0,0,0.021762,35.687,0.000,98.966,,,
2640,2243,577,224,99,45,47,21,20,14,18,6,5,2,3,2,0,0,0.022215,35.698,0.000,98.972,,,
2645,2335,575,239,68,44,47,18,18,17,8,5,1,2,1,0,3,0,0.022514,35.698,0.000,98.966,,,
2650,2240,577,214,90,48,48,19,29,11,8,7,5,0,4,0,0,0,0.021900,35.728,0.000,98.972,,,
2655,2303,594,201,88,42,50,17,33,14,9,4,2,2,2,1,1,0,0.022308,35.736,0.000,98.966,,,
2660,2254,574,210,83,41,43,23,23,26,12,6,4,0,4,0,3,0,0.022086,35.736,0.000,98.966,,,
2665,2218,583,225,83,38,34,14,29,15,8,4,4,4,1,0,0,1,0.021570,35.736,0.000,98.966,,,
2670,2197,581,209,94,49,52,35,27,13,10,1,1,3,1,1,0,0,0.021907,35.747,0.000,98.978,,,
2675,2253,604,233,78,44,46,24,20,19,3,7,3,4,2,0,3,1,0.022268,35.755,0.000,98.966,,,
2680,2180,596,215,88,36,38,24,31,17,6,7,3,4,0,0,0,0,0.021602,35.755,0.000,98.966,,,
2685,2182,597,213,86,38,37,16,21,16,6,6,5,2,3,0,0,0,0.021617,35.755,0.000,98.972,,,
2690,2215,616,236,86,44,36,25,23,18,11,4,5,7,1,3,1,0,0.022160,35.785,0.000,98.966,,,
2695,2271,557,233,85,50,50,20,17,20,11,5,5,3,2,1,3,1,0.022194,35.792,0.000,98.966,,,
2700,2259,579,234,81,49,43,16,27,17,13,7,3,1,3,0,0,0,0.022216,35.792,0.000,98.972,,,
2705,2187,587,209,82,41,34,16,22,23,5,6,4,2,1,1,0,0,0.021155,35.800,0.000,98.966,,,
2710,2158,606,236,81,37,46,17,23,17,8,2,3,6,1,1,0,0,0.021869,35.811,0.000,98.966,,,
2715,2243,601,209,79,50,39,21,24,15,10,5,2,2,0,0,3,0,0.021849,35.811,0.000,98.966,,,
2720,2267,570,208,71,36,34,17,27,12,7,6,6,3,1,1,1,0,0.021811,35.819,0.000,98.966,,,
2725,2257,557,237,87,56,47,22,34,22,3,7,6,4,1,0,0,0,0.022324,35.849,0.000,98.972,,,
2730,2227,553,237,81,36,45,22,20,15,12,5,3,3,5,2,2,1,0.021892,35.849,0.000,98.972,,,
2735,2144,557,198,69,52,46,22,23,17,5,6,3,2,0,0,1,0,0.020851,35.849,0.000,98.966,,,
2740,2177,566,195,73,46,44,20,20,22,9,8,4,2,6,0,0,0,0.021429,35.864,0.000,98.966,,,
2745,2226,560,212,94,45,37,22,10,23,5,3,3,3,1,0,0,1,0.021530,35.868,0.000,98.972,,,
2750,2151,543,224,68,54,49,25,20,23,3,9,3,3,0,2,1,0,0.021382,35.868,0.000,98.966,,,
2755,2150,504,226,59,38,34,20,23,19,9,6,4,3,4,0,0,0,0.020543,35.898,0.000,98.972,,,
2760,2144,568,230,73,34,33,28,19,17,10,6,3,4,3,1,2,3,0.021096,35.906,0.000,98.978,,,
2765,2212,562,230,91,48,44,26,25,17,7,8,0,2,2,1,1,0,0.021977,35.906,0.000,98.978,,,
2770,2216,580,209,69,53,31,24,27,18,9,5,2,2,0,2,3,0,0.021626,35.909,0.000,98.966,,,
2775,2161,559,211,69,41,38,21,27,16,10,4,0,1,1,1,2,2,0.021000,35.925,0.000,98.972,,,
2780,2265,595,220,74,37,50,26,21,13,14,5,4,2,1,1,0,1,0.022131,35.925,0.000,98.966,,,
2785,2136,581,193,96,47,48,20,26,22,13,7,4,3,3,4,3,2,0.021540,35.932,0.000,98.972,,,
2790,2173,577,257,76,44,40,19,27,19,15,6,2,1,4,1,0,0,0.021836,35.955,0.000,98.966,,,
2795,2294,541,206,96,42,35,15,27,18,6,1,4,4,3,1,1,0,0.021930,35.962,0.000,98.972,,,
2800,2361,584,231,83,39,46,25,20,15,8,6,3,5,3,0,0,0,0.022891,35.962,0.000,98.972,,,
2805,2259,599,206,85,35,51,22,21,15,17,5,1,1,1,2,0,2,0.022259,35.970,0.000,98.966,,,
2810,2224,633,220,80,43,41,18,27,21,13,7,2,1,0,1,2,1,0.022255,36.000,0.000,98.972,,,
2815,2246,571,244,89,35,44,18,29,20,10,5,3,0,3,2,0,0,0.022371,36.000,0.000,98.972,,,
2820,2154,611,224,81,43,49,19,18,19,6,6,1,0,1,1,0,0,0.021578,36.000,0.000,98.966,,,
2825,2300,581,245,63,54,40,24,24,13,11,5,4,1,1,3,0,1,0.022453,36.020,0.000,98.966,,,
2830,2259,602,216,83,40,33,26,22,18,10,6,6,1,3,0,0,0,0.022267,36.020,0.000,98.972,,,
2835,2253,575,239,75,47,46,20,31,22,10,5,7,4,2,2,1,1,0.022375,36.020,0.000,98.966,,,
2840,2280,565,216,78,49,36,23,30,19,10,8,4,4,2,1,1,0,0.022016,36.027,0.000,98.966,,,
2845,2291,565,243,95,44,51,26,36,20,9,8,3,3,1,1,3,0,0.022561,36.059,0.000,98.972,,,
2850,2189,551,211,66,43,41,24,28,21,6,7,7,3,0,0,0,0,0.021156,36.059,0.000,98.978,,,
2855,2146,596,223,89,55,46,29,26,28,10,8,5,3,2,3,2,0,0.022207,36.059,0.000,98.972,,,
2860,2161,579,219,81,44,38,23,31,16,9,9,3,2,1,2,0,0,0.021446,36.063,0.000,98.978,,,
2865,2209,560,210,78,43,44,27,36,11,6,4,7,4,3,2,1,1,0.021714,36.078,0.000,98.978,,,
2870,2232,571,206,85,27,33,33,27,16,5,8,1,1,3,0,1,1,0.021503,36.078,0.000,98.972,,,
2875,2276,622,219,75,46,54,21,30,16,6,3,5,4,1,0,1,0,0.022383,36.078,0.000,98.972,,,
2880,2248,614,236,81,46,35,18,20,13,9,5,2,1,0,0,0,0,0.022100,36.118,0.000,98.966,,,
2885,2274,600,203,86,49,51,18,24,17,9,4,1,4,0,2,2,1,0.022176,36.118,0.000,98.972,,,
2890,2212,612,227,76,41,48,30,25,23,6,6,6,1,2,0,1,0,0.021801,36.118,0.000,98.966,,,
2895,2174,595,221,82,48,48,28,21,18,9,6,4,0,2,0,1,0,0.021782,36.122,0.000,98.972,,,
2900,2221,583,215,74,50,42,26,26,22,10,5,4,4,2,0,0,3,0.021894,36.137,0.000,98.978,,,
2905,2267,554,240,72,30,45,18,23,15,7,5,6,2,1,2,3,1,0.021840,36.137,0.000,98.966,,,
2910,2197,531,208,77,42,33,19,19,12,8,3,7,3,1,0,0,0,0.020801,36.137,0.000,98.978,,,
2915,2193,550,219,69,60,38,20,24,7,9,5,6,6,0,2,2,0,0.021371,36.169,0.000,98.972,,,
2920,2184,586,216,75,49,39,17,22,15,8,10,3,3,2,1,1,0,0.021528,36.176,0.000,98.978,,,
2925,2252,578,249,78,39,27,19,24,11,13,3,8,2,1,0,0,1,0.021767,36.176,0.000,98.966,,,
2930,2250,554,220,72,42,46,18,28,13,11,6,2,2,5,1,2,2,0.021842,36.192,0.000,98.966,,,
2935,2127,578,224,72,47,50,26,29,17,6,8,7,3,0,1,0,3,0.021472,36.196,0.000,98.972,,,
2940,2229,548,215,74,40,39,20,23,18,5,9,1,3,3,2,2,0,0.021341,36.196,0.000,98.978,,,
2945,2109,602,219,83,48,41,26,23,15,5,4,4,1,2,0,1,2,0.021413,36.196,0.000,98.972,,,
2950,2109,589,228,75,36,44,23,21,15,7,9,5,4,1,0,0,0,0.021073,36.204,0.000,98.978,,,
2955,2194,601,223,78,50,43,17,25,22,10,9,6,6,0,2,1,1,0.021883,36.235,0.000,98.985,,,
2960,2217,574,224,92,45,43,22,20,15,4,2,2,3,0,1,1,1,0.021712,36.235,0.000,98.966,,,
2965,2118,571,223,67,46,43,23,28,20,7,8,4,2,1,0,1,1,0.021214,36.235,0.000,98.972,,,
2970,2186,571,231,79,42,47,19,25,22,11,1,2,3,3,1,0,0,0.021683,36.239,0.000,98.978,,,
2975,2279,629,213,97,39,50,13,27,11,6,8,4,1,1,0,0,1,0.022527,36.255,0.000,98.972,,,
2980,2173,546,234,75,47,37,27,22,12,7,4,4,2,2,2,1,0,0.021190,36.255,0.000,98.985,,,
2985,2142,578,218,72,45,50,13,29,16,14,3,4,1,1,0,1,2,0.021484,36.255,0.000,98.966,,,
2990,2076,554,206,54,29,38,23,25,9,8,4,3,0,2,1,1,2,0.020022,36.271,0.000,98.985,,,
2995,2154,577,192,74,39,46,19,28,20,9,4,9,2,2,1,0,0,0.021216,36.294,0.000,98.972,,,
3000,2172,578,215,78,44,41,16,29,15,8,2,4,0,2,3,2,1,0.021315,36.294,0.000,98.985,,,
3005,2151,576,214,87,49,46,24,22,15,8,10,4,2,5,2,4,1,0.021755,36.294,0.000,98.972,,,
3010,2203,572,205,67,41,38,22,20,16,7,4,6,4,3,1,0,0,0.021183,36.306,0.000,98.978,,,
3015,2187,539,206,72,44,47,27,25,10,16,4,8,8,2,0,0,0,0.021230,36.314,0.000,98.978,,,
3020,2206,557,209,75,47,34,27,25,15,9,7,1,2,2,1,1,0,0.021407,36.314,0.000,98.978,,,
3025,2177,599,206,86,35,51,20,18,16,5,6,4,0,1,1,3,1,0.021526,36.314,0.000,98.985,,,
3030,2212,584,206,75,41,45,19,33,6,8,4,5,5,0,0,2,0,0.021368,36.322,0.000,98.985,,,
3035,2152,585,204,84,39,40,17,21,19,7,5,6,5,0,1,0,0,0.021047,36.353,0.000,98.985,,,
3040,2080,553,198,79,62,31,17,29,13,8,3,1,1,4,2,1,1,0.020403,36.353,0.000,98.978,,,
3045,2193,562,212,78,40,49,22,23,16,8,7,4,1,2,1,0,0,0.021360,36.353,0.000,98.972,,,
3050,2085,624,248,72,44,51,19,24,17,11,5,2,2,1,3,2,0,0.021639,36.369,0.000,98.978,,,
3055,2168,553,199,72,45,49,21,27,20,6,3,6,3,1,1,1,1,0.020917,36.373,0.000,98.978,,,
3060,2094,552,200,78,43,41,24,16,15,12,7,4,1,2,1,1,1,0.020499,36.373,0.000,98.985,,,
3065,2204,555,232,71,41,38,21,22,10,14,7,2,3,0,1,1,0,0.021307,36.396,0.000,98.985,,,
3070,2159,561,188,85,43,41,25,25,14,8,5,6,2,0,0,2,0,0.020825,36.412,0.000,98.978,,,
3075,2101,593,198,77,34,39,20,20,15,10,4,1,4,0,0,1,0,0.020747,36.412,0.000,98.985,,,
3080,2108,526,220,74,33,35,20,22,18,7,3,2,0,0,1,0,0,0.020358,36.420,0.000,98.978,,,
3085,2093,542,206,71,41,33,22,20,21,9,3,4,2,0,0,1,0,0.020427,36.431,0.000,98.991,,,
3090,2211,530,215,75,43,51,24,23,12,4,5,6,4,3,1,2,2,0.021433,36.431,0.000,98.985,,,
3095,2223,575,216,86,38,41,17,19,12,8,8,5,3,1,0,0,1,0.021574,36.431,0.000,98.985,,,
3100,2211,575,215,82,50,46,28,21,17,7,3,2,3,3,3,1,1,0.021724,36.447,0.000,98.985,,,
3105,2204,564,201,75,39,44,23,27,15,8,3,8,2,1,0,2,0,0.021491,36.463,0.000,98.985,,,
3110,2232,567,198,70,46,47,22,19,18,12,7,5,2,2,0,2,0,0.021470,36.471,0.000,98.978,,,
3115,2132,549,223,81,38,43,24,23,28,12,3,1,2,1,1,0,0,0.021174,36.471,0.000,98.972,,,
3120,2199,555,206,83,39,35,18,28,13,6,5,4,1,1,0,0,0,0.021174,36.486,0.000,98.978,,,
3125,2210,559,213,72,47,31,19,17,14,10,4,2,2,0,1,0,1,0.021165,36.486,0.000,98.972,,,
3130,2195,581,178,67,50,48,20,24,15,7,5,3,2,2,1,1,1,0.021069,36.490,0.000,98.985,,,
3135,2126,533,211,63,43,31,18,31,13,9,7,3,2,1,0,3,2,0.020515,36.490,0.000,98.985,,,
3140,2264,586,209,85,31,39,18,22,18,8,3,2,2,2,1,0,2,0.021749,36.529,0.000,98.978,,,
3145,2070,564,245,76,36,43,17,27,16,9,6,4,3,2,3,0,0,0.020913,36.529,0.000,98.978,,,
3150,2151,533,170,82,39,39,11,24,15,11,5,1,5,1,1,0,0,0.020284,36.529,0.000,98.985,,,
3155,2161,568,206,70,47,42,32,31,16,7,3,4,3,1,1,1,0,0.021345,36.545,0.000,98.978,,,
3160,2183,529,204,54,33,28,24,24,19,5,5,3,4,3,1,0,0,0.020580,36.549,0.000,98.972,,,
3165,2187,564,200,102,48,39,16,30,15,8,4,6,1,1,0,2,0,0.021526,36.549,0.000,98.972,,,
3170,2090,562,191,78,42,39,11,24,15,15,4,5,1,0,1,1,0,0.020584,36.549,0.000,98.991,,,
3175,1978,519,210,87,51,55,22,15,12,13,6,2,2,2,0,2,0,0.020018,36.588,0.000,98.978,,,
3180,2066,548,223,69,46,39,22,26,20,5,3,5,2,1,0,1,0,0.020576,36.588,0.000,98.978,,,
3185,2183,532,190,71,35,31,24,33,23,5,6,4,6,2,0,1,3,0.020714,36.596,0.000,98.985,,,
3190,2243,557,250,74,45,41,9,26,7,10,7,2,3,2,0,0,0,0.021753,36.627,0.000,98.997,,,
3195,2317,623,215,89,38,41,19,23,18,12,8,5,2,0,0,2,1,0.022616,36.627,0.000,98.972,,,
3200,2347,632,223,62,48,47,20,16,14,8,11,3,2,2,3,3,1,0.022977,36.627,0.000,98.972,,,
3205,2100,580,194,91,38,47,21,19,17,8,6,7,3,0,0,1,1,0.020778,36.639,0.000,98.972,,,
3210,2183,576,249,75,37,51,25,27,17,7,2,5,4,3,0,0,0,0.021775,36.647,0.000,98.978,,,
3215,2382,645,233,85,45,38,22,16,21,6,4,3,3,2,1,1,1,0.023263,36.647,0.000,98.991,,,
3220,2519,577,221,76,42,55,28,32,16,3,10,3,4,1,1,0,0,0.023443,36.663,0.000,98.972,,,
3225,2333,596,207,78,41,37,24,20,16,6,5,3,2,2,1,0,3,0.022202,36.686,0.000,98.985,,,
3230,2332,596,191,92,37,35,25,28,15,9,5,0,1,2,0,1,1,0.022275,36.686,0.000,98.972,,,
3235,2157,579,192,75,40,43,22,27,7,5,4,5,2,1,2,1,1,0.020982,36.686,0.000,98.972,,,
3240,2145,501,190,76,46,38,16,32,23,6,5,6,1,2,2,0,2,0.020327,36.690,0.000,98.985,,,
3245,2085,548,182,63,37,30,15,20,13,8,4,3,3,1,0,1,1,0.019931,36.698,0.000,98.978,,,
3250,2044,546,195,76,42,42,20,20,20,9,7,3,3,1,0,1,0,0.020133,36.702,0.000,98.991,,,
3255,2109,530,200,84,46,37,17,25,12,11,5,4,3,2,1,0,0,0.020585,36.706,0.000,98.991,,,
3260,2081,537,206,73,33,40,24,17,17,4,2,2,3,3,2,1,0,0.020238,36.706,0.000,98.978,,,
3265,2138,535,199,63,38,50,17,21,18,5,4,2,1,1,2,1,0,0.020502,36.706,0.000,98.978,,,
3270,2113,571,206,60,36,37,16,24,17,7,6,2,3,3,0,3,0,0.020556,36.729,0.000,98.991,,,
3275,2071,506,206,60,39,41,23,29,8,11,5,3,2,1,0,0,0,0.019900,36.745,0.000,98.991,,,
3280,2076,523,185,60,40,40,13,26,17,7,5,3,1,0,0,0,0,0.019793,36.745,0.000,98.997,,,
3285,2127,551,195,70,34,35,23,20,12,9,5,4,1,1,1,1,0,0.020347,36.753,0.000,98.991,,,
3290,2075,567,202,85,45,36,23,30,16,10,5,5,2,0,1,2,2,0.020910,36.765,0.000,98.991,,,
3295,2070,513,176,75,36,35,17,21,19,6,6,3,2,0,0,1,1,0.019578,36.765,0.000,98.991,,,
3300,2068,557,186,70,35,44,24,19,13,8,4,3,2,3,0,3,0,0.020049,36.765,0.000,98.978,,,
3305,2094,566,193,60,38,45,23,31,15,5,11,3,2,0,1,0,3,0.020365,36.773,0.000,98.985,,,
3310,2111,542,208,79,44,34,19,29,9,9,2,9,5,1,1,0,0,0.020646,36.804,0.000,98.972,,,
3315,2148,544,212,72,35,35,11,16,11,4,5,4,5,1,0,1,1,0.020532,36.804,0.000,98.978,,,
3320,2420,612,199,78,38,41,18,20,15,9,6,5,4,2,1,1,1,0.022704,36.804,0.000,98.985,,,
3325,2470,570,178,68,50,34,18,19,18,12,9,6,3,0,0,1,0,0.022760,36.812,0.000,98.997,,,
3330,2369,570,204,73,32,32,21,26,22,11,6,2,2,3,1,0,1,0.022227,36.824,0.000,98.991,,,
3335,2256,575,197,96,38,37,17,35,16,5,4,6,3,1,1,1,1,0.021931,36.824,0.000,98.997,,,
3340,2179,540,185,61,34,39,22,29,7,5,5,1,0,2,0,2,1,0.020279,36.824,0.000,98.985,,,
3345,2199,560,191,68,30,38,16,25,10,8,7,3,6,1,0,2,0,0.020867,36.824,0.000,98.991,,,
3350,2197,591,223,74,46,35,20,18,12,1,4,3,7,3,0,1,0,0.021503,36.863,0.000,98.991,,,
3355,2724,736,256,71,45,32,24,20,13,7,5,3,0,1,1,1,0,0.025852,36.863,0.000,98.997,,,
3360,2584,697,205,86,34,34,23,28,13,4,5,3,3,1,0,0,1,0.024536,36.863,0.000,98.985,,,
3365,2668,713,196,90,40,30,17,28,19,8,6,2,2,4,2,0,0,0.025015,36.863,0.000,98.991,,,
3370,2477,693,227,71,39,28,25,18,14,9,3,3,3,2,0,1,3,0.023979,36.875,0.000,98.985,,,
3375,2782,811,263,72,59,42,17,26,13,7,3,4,4,1,1,3,0,0.027288,36.882,0.000,98.985,,,
3380,2679,777,268,77,49,28,19,23,10,9,5,1,3,4,1,2,2,0.026424,36.882,0.000,98.985,,,
3385,2769,796,256,71,52,39,25,18,17,3,5,7,0,2,0,0,1,0.026750,36.898,0.000,98.972,,,
3390,2682,734,258,62,35,37,11,22,13,9,3,3,2,3,0,4,1,0.025604,36.922,0.000,98.997,,,
3395,2702,760,255,71,41,47,16,20,20,5,4,7,4,3,1,0,3,0.026315,36.922,0.000,98.991,,,
3400,2432,705,197,75,51,39,28,18,17,7,6,7,5,1,0,2,0,0.023911,36.922,0.000,98.991,,,
3405,2240,597,240,69,42,34,21,25,18,7,3,5,3,0,1,0,0,0.021927,36.933,0.000,98.991,,,
3410,2248,561,184,79,28,38,25,14,14,4,2,3,4,1,2,1,0,0.021010,36.941,0.000,98.997,,,
3415,2341,603,223,68,53,38,17,19,12,10,8,5,1,1,1,0,0,0.022420,36.941,0.000,98.985,,,
3420,2191,545,209,73,33,35,21,17,21,4,7,2,3,0,0,0,0,0.020807,36.941,0.000,98.978,,,
3425,2122,576,209,60,35,40,15,20,17,5,5,4,5,1,0,0,0,0.020479,36.973,0.000,98.991,,,
3430,2108,551,190,69,34,28,25,25,19,7,8,6,1,1,1,0,0,0.020493,36.980,0.000,98.985,,,
3435,2105,514,201,68,52,35,21,23,9,9,5,3,6,1,0,0,0,0.020154,36.980,0.000,98.985,,,
3440,2060,502,186,86,26,34,17,16,14,12,3,3,2,3,1,1,0,0.019553,36.980,0.000,98.991,,,
3445,2020,549,177,70,39,31,17,18,21,11,4,4,2,4,0,0,0,0.019642,36.984,0.000,98.985,,,
3450,2051,526,192,75,51,49,21,29,15,14,4,5,1,3,1,0,0,0.020284,37.000,0.000,98.985,,,
3455,2040,534,195,71,32,44,17,27,13,10,4,6,0,1,1,0,0,0.019652,36.996,0.000,98.985,,,
3460,2082,515,206,72,39,38,18,20,19,10,5,2,4,3,1,2,2,0.020085,37.000,0.000,98.985,,,
3465,2004,564,197,58,41,46,16,34,10,4,4,4,1,2,1,1,1,0.019918,37.016,0.000,98.991,,,
3470,2046,541,210,62,40,42,21,26,15,14,2,3,1,5,2,1,1,0.020087,37.040,0.000,98.985,,,
3475,2010,514,190,63,34,41,12,23,13,10,3,3,2,1,3,1,0,0.019332,37.040,0.000,98.985,,,
3480,2004,505,182,60,38,42,17,13,13,11,5,1,3,2,1,3,1,0.019099,37.040,0.000,98.966,,,
3485,2073,568,193,72,42,32,26,27,14,5,4,5,0,2,4,0,0,0.020625,37.052,0.000,98.997,,,
3490,2330,589,192,65,39,38,26,16,14,9,4,3,2,5,3,0,0,0.021898,37.060,0.000,98.991,,,
3495,2286,583,169,61,40,32,13,17,14,8,7,2,1,3,0,0,0,0.021132,37.060,0.000,98.997,,,
3500,2199,585,195,60,33,42,18,18,16,11,3,5,1,1,2,2,0,0.021017,37.060,0.000,98.997,,,
3505,2185,540,173,61,31,28,17,24,17,8,4,3,3,3,1,0,0,0.020394,37.076,0.000,98.978,,,
3510,2179,548,198,76,37,36,24,23,15,10,4,3,2,3,1,0,0,0.020819,37.100,0.000,98.978,,,
3515,2101,537,181,72,35,33,27,22,13,11,6,2,5,1,1,0,0,0.020259,37.100,0.000,98.991,,,
3520,2104,554,173,60,36,33,18,30,9,7,11,2,0,1,3,0,0,0.019746,37.100,0.000,98.966,,,
3525,2021,483,201,78,37,34,11,21,18,5,3,5,7,0,1,3,1,0.019495,37.112,0.000,98.966,,,
3530,2002,518,187,68,52,31,21,19,15,5,3,2,3,0,0,0,0,0.019163,37.120,0.000,98.972,,,
3535,2000,480,184,60,38,30,19,25,11,6,6,6,2,1,3,0,0,0.018985,37.120,0.000,98.991,,,
3540,2046,521,201,68,37,29,14,20,15,8,0,2,3,0,0,1,0,0.019467,37.128,0.000,98.991,,,
3545,2019,516,178,80,42,32,24,25,12,5,4,0,0,0,1,3,0,0.019296,37.136,0.000,98.966,,,
3550,2090,503,188,61,40,39,20,16,15,9,3,0,2,1,2,1,0,0.019881,37.160,0.000,98.985,,,
3555,2070,535,198,65,39,43,16,30,10,12,6,4,2,2,0,5,0,0.020018,37.160,0.000,98.985,,,
3560,2077,514,196,67,37,53,21,18,12,10,3,3,2,0,0,2,0,0.019899,37.168,0.000,98.985,,,
3565,2112,534,172,65,35,29,20,28,14,10,3,4,2,1,0,1,1,0.019877,37.192,0.000,98.978,,,
3570,2076,508,226,75,34,30,16,25,23,8,6,4,4,1,2,1,1,0.020037,37.200,0.000,98.997,,,
3575,2085,502,187,78,38,49,13,27,9,5,5,5,2,1,0,3,1,0.019738,37.200,0.000,98.978,,,
3580,2038,547,193,65,35,28,14,24,19,12,9,4,2,1,0,0,0,0.019740,37.204,0.000,98.997,,,
3585,2068,506,208,67,47,36,22,26,15,6,5,2,2,1,1,1,0,0.019978,37.220,0.000,98.966,,,
3590,2055,477,181,60,47,34,22,29,16,11,6,3,0,2,2,1,0,0.019484,37.220,0.000,98.966,,,
3595,2039,584,182,78,32,43,14,29,19,15,8,1,2,1,2,0,0,0.020216,37.220,0.000,98.997,,,
3600,2069,499,187,72,41,45,20,25,13,13,7,4,6,2,0,2,0,0.019900,37.220,0.000,98.985,,,
3605,2072,578,182,68,36,38,14,17,21,13,5,3,3,0,1,1,2,0.020279,37.228,0.000,98.985,,,
3610,2131,516,202,72,42,45,17,30,28,14,11,7,11,7,6,2,2,0.021370,37.244,0.000,98.972,,,
3615,1991,468,189,82,43,41,15,22,25,17,7,4,4,7,5,0,0,0.019475,37.260,0.000,98.991,,,
3620,2028,546,183,72,36,36,18,22,17,9,6,4,6,2,1,1,0,0.019815,37.260,0.000,98.991,,,
3625,2074,545,171,70,33,34,21,23,13,8,5,2,2,1,1,1,0,0.019708,37.260,0.000,98.997,,,
3630,2051,487,187,57,28,37,21,20,13,5,3,1,2,1,0,0,0,0.019087,37.260,0.000,98.985,,,
3635,1998,522,170,56,42,41,12,30,11,7,8,2,3,1,1,0,0,0.019022,37.272,0.000,98.985,,,
3640,2139,478,194,78,30,25,14,20,19,11,6,5,1,2,4,2,0,0.019883,37.280,0.000,98.978,,,
3645,2128,509,193,65,25,42,18,27,15,11,3,6,1,2,3,0,0,0.020076,37.280,0.000,98.985,,,
3650,2091,532,179,75,25,37,17,21,12,9,8,4,0,0,0,0,0,0.019983,37.280,0.000,98.985,,,
3655,2066,521,163,71,50,27,14,25,17,5,4,6,1,1,0,1,1,0.019388,37.280,0.000,98.985,,,
3660,2054,523,188,71,34,30,24,20,21,9,6,3,3,3,0,1,2,0.019798,37.312,0.000,98.997,,,
3665,2082,548,203,68,35,44,16,19,17,10,9,5,3,2,2,1,0,0.020382,37.320,0.000,98.985,,,
3670,2003,512,158,63,45,40,21,23,10,6,5,6,4,0,1,2,0,0.019179,37.320,0.000,98.985,,,
3675,2113,495,195,72,23,36,13,18,11,9,5,2,1,0,2,0,0,0.019527,37.320,0.000,98.991,,,
3680,2049,525,196,65,38,46,12,19,10,9,4,6,2,1,1,1,0,0.019575,37.320,0.000,98.991,,,
3685,2065,488,191,69,37,29,23,18,16,11,5,6,0,3,1,1,0,0.019556,37.320,0.000,98.997,,,
3690,2005,500,162,52,35,29,18,22,13,4,2,3,4,3,0,2,0,0.018668,37.332,0.000,98.997,,,
3695,2017,499,175,74,34,41,19,22,19,14,2,1,2,1,2,2,1,0.019245,37.340,0.000,98.997,,,
3700,2027,542,190,75,44,27,16,18,14,6,3,5,4,2,2,1,3,0.019867,37.340,0.000,98.985,,,
3705,1995,503,184,65,37,33,32,26,22,13,5,2,6,1,1,4,0,0.019352,37.340,0.000,98.997,,,
3710,1968,484,185,61,41,36,12,26,14,10,4,4,2,1,1,0,0,0.018728,37.348,0.000,98.991,,,
3715,2097,494,209,73,35,43,17,29,13,10,6,5,1,3,3,1,0,0.019975,37.372,0.000,98.991,,,
3720,2105,480,197,61,37,47,14,33,10,8,10,6,1,2,2,3,2,0.019830,37.380,0.000,98.985,,,
3725,2129,560,199,74,44,45,23,26,19,6,6,3,7,2,0,1,1,0.020782,37.380,0.000,98.991,,,
3730,2048,490,167,80,38,35,22,29,18,11,9,4,4,2,3,0,0,0.019627,37.380,0.000,98.985,,,
3735,2112,526,192,67,37,33,18,22,19,13,3,1,0,3,0,1,0,0.020084,37.380,0.000,98.997,,,
3740,2157,532,189,62,34,27,22,17,14,11,4,2,2,1,2,3,1,0.020185,37.380,0.000,98.991,,,
3745,2046,491,173,67,27,31,17,24,12,4,6,3,0,0,1,0,0,0.019002,37.392,0.000,98.972,,,
3750,2135,541,192,47,33,45,20,13,23,10,4,2,1,0,0,0,0,0.020083,37.400,0.000,98.991,,,
3755,2327,543,183,67,37,28,17,21,16,8,4,4,2,0,0,0,1,0.021388,37.400,0.000,98.991,,,
3760,2104,508,204,52,38,32,15,21,16,12,4,4,4,1,0,1,0,0.019735,37.400,0.000,98.985,,,
3765,2160,526,191,59,21,40,15,15,16,4,4,6,2,1,0,1,0,0.020056,37.400,0.000,98.991,,,
3770,2201,538,182,81,36,35,16,23,15,5,5,2,1,0,0,1,0,0.020480,37.400,0.000,98.997,,,
3775,2241,545,194,81,35,44,24,13,15,5,6,4,2,2,2,1,0,0.021012,37.416,0.000,98.978,,,
3780,2203,554,156,66,31,33,19,20,11,4,3,3,5,2,2,0,1,0.020274,37.432,0.000,98.991,,,
3785,2217,561,171,67,39,33,22,27,14,17,5,5,0,1,0,0,0,0.020910,37.440,0.000,98.985,,,
3790,2060,553,204,71,46,29,17,22,15,11,4,3,4,0,0,1,0,0.020097,37.440,0.000,98.991,,,
3795,2192,570,187,55,33,43,20,24,13,10,7,2,2,1,0,1,0,0.020660,37.440,0.000,98.991,,,
3800,2468,681,193,58,29,35,28,24,16,5,4,3,2,3,2,1,1,0.023299,37.440,0.000,98.991,,,
3805,2394,571,173,63,36,39,16,22,12,6,4,3,3,2,1,1,0,0.021843,37.440,0.000,98.985,,,
3810,2119,540,184,63,42,41,23,15,18,5,0,2,0,3,0,0,0,0.020140,37.444,0.000,98.991,,,
3815,2099,554,166,50,27,32,25,14,13,6,5,2,8,4,0,1,0,0.019610,37.460,0.000,98.991,,,
3820,2037,509,160,58,40,26,9,28,11,3,7,5,3,1,0,0,0,0.018792,37.460,0.000,98.991,,,
3825,1994,505,171,55,35,33,15,12,12,9,3,4,2,1,0,1,0,0.018738,37.460,0.000,98.991,,,
3830,1999,528,222,73,36,35,21,19,19,6,0,2,3,1,4,2,0,0.019879,37.460,0.000,98.991,,,
3835,2043,493,177,64,31,36,12,25,18,12,3,5,2,3,2,0,2,0.019304,37.460,0.000,98.997,,,
3840,1999,510,156,72,33,40,18,20,10,9,1,4,3,0,0,1,1,0.018819,37.460,0.000,98.991,,,
3845,2021,537,193,52,30,32,17,24,16,0,9,1,3,0,0,0,0,0.019408,37.484,0.000,98.991,,,
3850,2117,523,164,57,31,37,25,25,17,7,5,1,3,1,1,1,0,0.019813,37.500,0.000,98.991,,,
3855,2084,508,186,57,39,34,18,19,16,10,8,1,0,1,0,2,0,0.019587,37.500,0.000,98.991,,,
3860,2120,492,202,60,39,41,12,22,16,4,5,3,0,9,1,1,0,0.019877,37.500,0.000,98.991,,,
3865,2029,482,200,64,30,41,13,21,10,9,5,6,2,1,2,1,0,0.019133,37.500,0.000,98.991,,,
3870,2156,496,187,71,44,34,24,23,14,7,4,4,2,1,2,1,2,0.020169,37.504,0.000,98.991,,,
3875,1995,517,158,71,40,34,24,15,10,11,3,1,1,2,0,3,0,0.018972,37.520,0.000,98.991,,,
3880,1981,492,167,72,39,38,19,11,20,6,5,6,4,6,0,0,0,0.018822,37.520,0.000,98.991,,,
3885,2127,567,182,77,33,39,22,16,25,12,7,3,1,3,0,3,1,0.020619,37.520,0.000,98.991,,,
3890,2092,480,183,72,39,34,18,18,18,9,3,3,3,3,1,1,0,0.019645,37.520,0.000,98.991,,,
3895,2146,519,202,71,29,40,14,20,23,7,9,4,1,1,1,2,1,0.020286,37.520,0.000,98.991,,,
3900,2308,607,170,67,49,37,17,19,17,3,4,3,3,2,0,0,0,0.021503,37.552,0.000,98.991,,,
3905,2364,540,164,71,45,35,15,21,13,8,10,6,1,1,0,0,0,0.021349,37.560,0.000,98.991,,,
3910,2210,570,200,72,32,26,21,27,18,15,6,3,3,2,1,2,0,0.021062,37.560,0.000,98.985,,,
3915,2015,508,158,61,30,46,20,14,14,7,2,7,3,2,1,0,2,0.018959,37.560,0.000,98.985,,,
3920,2113,478,171,76,36,42,18,18,15,6,5,6,4,1,0,0,0,0.019559,37.564,0.000,98.985,,,
3925,2062,526,176,58,37,40,24,21,17,7,5,4,4,1,1,0,0,0.019499,37.580,0.000,98.985,,,
3930,2132,553,179,49,40,33,15,22,22,11,7,2,2,1,2,0,0,0.020027,37.580,0.000,98.991,,,
3935,2027,529,183,73,35,28,21,16,7,3,6,2,1,4,2,1,0,0.019257,37.580,0.000,98.985,,,
3940,1974,498,218,63,37,33,11,17,18,6,3,0,2,0,1,0,1,0.018987,37.580,0.000,98.991,,,
3945,2204,621,202,71,36,35,13,19,16,12,2,4,2,0,0,1,0,0.021514,37.580,0.000,98.991,,,
3950,2352,670,209,68,31,35,15,27,14,10,5,3,1,3,0,3,0,0.022553,37.620,0.000,98.991,,,
3955,2304,658,214,63,40,35,15,21,15,9,2,2,0,1,0,1,0,0.022158,37.620,0.000,98.997,,,
3960,2821,867,230,84,33,37,18,21,17,14,4,3,5,1,0,0,0,0.027435,37.620,0.000,98.985,,,
3965,2417,637,227,83,35,41,16,27,14,11,5,3,7,1,1,1,1,0.023414,37.620,0.000,98.985,,,
3970,2218,634,199,61,33,42,16,24,10,4,7,3,3,1,0,2,1,0.021550,37.624,0.000,98.997,,,
3975,2220,548,192,57,34,40,18,22,15,10,2,4,1,4,0,1,0,0.020924,37.632,0.000,98.997,,,
3980,2192,598,196,68,27,28,17,25,16,6,2,6,3,2,0,1,1,0.020780,37.640,0.000,98.997,,,
3985,2146,562,205,69,37,41,18,24,10,8,7,5,2,3,2,2,2,0.020634,37.640,0.000,98.991,,,
3990,2174,551,211,58,30,25,18,24,12,8,5,2,3,2,1,1,1,0.020480,37.640,0.000,98.997,,,
3995,2043,501,196,52,21,40,14,20,9,4,6,4,3,2,1,0,0,0.019265,37.640,0.000,98.997,,,
4000,2081,533,186,68,38,36,27,27,15,8,7,2,2,1,0,1,0,0.019902,37.640,0.000,98.997,,,
4005,2034,532,202,76,30,21,17,15,12,12,4,4,2,1,0,0,1,0.019610,37.664,0.000,98.991,,,
4010,2070,481,167,58,43,35,22,20,21,7,4,4,0,2,0,0,0,0.019029,37.680,0.000,98.991,,,
4015,2001,517,150,63,36,38,14,19,21,9,3,4,0,1,1,2,0,0.018943,37.680,0.000,98.997,,,
4020,2013,446,171,61,45,32,15,27,17,6,10,3,3,1,1,0,1,0.018685,37.680,0.000,98.997,,,
4025,2023,464,182,58,32,37,19,18,19,8,6,4,2,4,0,0,1,0.018975,37.680,0.000,98.997,,,
4030,2035,532,191,54,34,40,23,16,16,14,6,6,3,3,0,1,0,0.019488,37.680,0.000,98.991,,,
4035,2202,575,188,61,25,36,24,23,13,11,4,4,1,0,1,1,0,0.020817,37.680,0.000,98.997,,,
4040,2266,584,213,72,35,35,14,25,12,5,4,4,4,2,0,1,0,0.021564,37.696,0.000,98.991,,,
4045,2226,534,162,60,35,32,21,25,8,6,5,4,3,1,1,1,1,0.020234,37.700,0.000,98.991,,,
4050,2272,608,206,60,41,24,17,28,16,9,2,0,3,0,1,1,0,0.021546,37.700,0.000,98.997,,,
4055,2497,724,198,70,41,37,13,27,11,4,7,4,3,0,2,0,2,0.023974,37.700,0.000,98.991,,,
4060,2634,755,245,65,41,36,24,28,17,3,2,6,1,1,0,0,0,0.025363,37.700,0.000,98.997,,,
4065,2423,685,200,77,41,41,19,21,19,14,4,4,0,2,1,0,1,0.023503,37.724,0.000,98.997,,,
4070,2251,660,216,57,41,26,22,22,10,10,4,0,1,0,1,0,1,0.021941,37.740,0.000,98.997,,,
4075,2492,703,210,53,21,41,19,18,13,7,8,2,0,4,0,1,1,0.023425,37.740,0.000,98.997,,,
4080,2494,683,218,63,34,30,20,23,16,13,2,3,2,2,0,1,0,0.023801,37.740,0.000,98.997,,,
4085,2307,611,214,62,36,40,19,23,18,7,4,4,1,2,2,2,0,0.022198,37.740,0.000,98.997,,,
4090,2156,550,196,67,33,42,20,16,14,6,5,4,2,3,0,0,1,0.020424,37.740,0.000,98.997,,,
4095,2006,529,161,55,35,33,18,22,10,7,2,3,2,1,0,0,0,0.018935,37.780,0.000,98.997,,,
4100,2190,557,208,61,33,20,17,21,16,8,4,3,1,0,1,2,2,0.020473,37.780,0.000,98.991,,,
4105,2045,541,186,69,33,36,18,25,10,8,5,1,2,2,3,1,0,0.019665,37.780,0.000,99.003,,,
4110,2204,528,185,51,37,37,14,17,17,7,4,2,0,2,2,0,0,0.020376,37.780,0.000,98.997,,,
4115,2088,537,162,66,26,29,16,23,13,9,3,4,2,3,0,2,1,0.019468,37.780,0.000,99.003,,,
4120,2099,566,181,55,33,38,20,28,16,7,5,4,2,4,1,0,0,0.020136,37.796,0.000,98.997,,,
4125,2009,510,176,54,26,31,23,15,12,12,5,2,3,1,1,0,0,0.019007,37.800,0.000,98.991,,,
4130,1931,524,174,44,32,40,15,19,9,11,2,3,3,2,0,0,0,0.018269,37.800,0.000,98.991,,,
4135,1926,433,164,44,31,42,15,17,19,6,8,3,0,1,1,1,2,0.017829,37.800,0.000,98.997,,,
4140,1964,561,193,52,27,29,15,14,13,8,5,2,3,2,0,2,1,0.018971,37.800,0.000,98.997,,,
4145,2176,582,182,72,42,34,17,30,9,6,2,2,1,0,0,1,1,0.020661,37.832,0.000,99.003,,,
4150,2113,549,200,69,25,27,14,16,11,5,3,2,3,2,1,0,1,0.019923,37.840,0.000,98.997,,,
4155,2164,587,181,78,32,29,14,23,17,8,3,4,6,2,2,2,0,0.020830,37.840,0.000,98.997,,,
4160,2035,506,187,79,31,26,14,22,20,10,6,7,0,2,1,2,0,0.019501,37.840,0.000,99.010,,,
4165,1912,473,160,66,31,24,21,21,14,11,1,1,4,0,1,1,1,0.018058,37.844,0.000,98.997,,,
4170,2005,492,161,60,34,25,18,22,21,8,5,9,1,1,2,1,0,0.018636,37.860,0.000,98.997,,,
4175,1929,540,176,63,28,41,20,26,13,5,2,2,2,3,0,2,0,0.018879,37.860,0.000,99.003,,,
4180,2016,518,168,77,35,38,21,33,20,5,4,2,4,0,1,0,2,0.019262,37.860,0.000,98.997,,,
4185,1944,522,154,60,25,25,19,16,16,11,2,4,1,1,5,0,0,0.018231,37.860,0.000,99.003,,,
4190,2071,500,141,63,32,32,17,20,10,7,2,2,1,4,1,1,0,0.019014,37.868,0.000,99.003,,,
4195,2074,559,181,57,30,30,19,20,14,9,3,2,7,3,1,0,3,0.019979,37.884,0.000,98.997,,,
4200,2047,507,160,62,20,20,14,24,14,7,2,2,4,0,1,2,1,0.018866,37.892,0.000,99.003,,,
4205,1991,485,182,59,38,22,17,23,21,6,2,3,3,0,0,2,1,0.018676,37.900,0.000,98.997,,,
4210,2094,560,188,71,37,30,18,14,13,6,5,2,4,2,0,0,0,0.020011,37.900,0.000,98.997,,,
4215,2199,595,166,67,29,32,22,19,10,11,4,2,3,2,0,2,0,0.020739,37.900,0.000,98.997,,,
4220,2179,624,194,54,31,34,18,20,12,9,7,1,3,3,1,1,0,0.021185,37.900,0.000,99.003,,,
4225,2240,617,196,66,32,36,11,17,8,8,3,3,2,1,1,1,0,0.021151,37.900,0.000,98.997,,,
4230,2212,605,194,53,31,33,16,22,11,4,6,0,1,2,1,2,0,0.021065,37.916,0.000,98.997,,,
4235,2016,502,178,77,36,31,20,22,14,2,3,2,3,1,1,0,1,0.019024,37.920,0.000,98.997,,,
4240,2084,526,173,58,34,31,18,15,19,4,4,0,3,3,0,0,0,0.019628,37.920,0.000,99.003,,,
4245,1965,500,178,65,26,36,15,16,17,9,5,6,2,2,1,1,0,0.018601,37.936,0.000,98.997,,,
4250,1886,542,175,55,43,36,18,24,18,10,4,4,2,1,2,3,0,0.018861,37.960,0.000,99.010,,,
4255,2063,542,163,68,36,34,12,18,12,8,8,1,2,2,0,1,0,0.019321,37.960,0.000,98.997,,,
4260,2080,565,209,55,42,34,11,17,13,8,3,1,4,0,1,2,0,0.020284,37.960,0.000,99.003,,,
4265,2079,532,181,62,34,27,15,23,8,10,3,5,0,4,1,2,0,0.019344,37.968,0.000,99.003,,,
4270,1833,476,153,58,28,36,13,17,20,5,2,4,0,0,2,0,0,0.017425,37.980,0.000,99.003,,,
4275,1902,452,165,53,34,30,12,21,13,5,3,3,2,2,0,1,0,0.017748,37.980,0.000,99.003,,,
4280,1884,474,168,58,26,21,21,21,11,6,2,6,1,3,0,0,0,0.017576,37.980,0.000,98.997,,,
4285,1932,478,154,52,36,28,14,22,21,5,5,4,1,1,2,1,0,0.018144,37.988,0.000,99.003,,,
4290,1911,462,151,58,31,26,9,15,14,12,4,6,0,1,1,1,2,0.017631,38.020,0.000,99.003,,,
4295,1929,435,151,61,25,40,10,28,12,17,5,7,3,2,1,0,3,0.018806,38.020,0.000,99.010,,,
4300,2007,468,174,52,36,27,20,14,18,9,3,1,1,0,0,1,0,0.018381,38.020,0.000,99.010,,,
4305,1917,500,158,53,33,26,17,17,18,6,5,2,2,2,0,1,0,0.018177,38.020,0.000,99.003,,,
4310,1940,440,147,69,27,25,20,13,11,8,7,5,1,3,2,3,0,0.017650,38.036,0.000,99.010,,,
4315,1846,427,174,45,27,27,8,20,12,14,7,0,1,1,1,0,0,0.017127,38.040,0.000,99.003,,,
4320,1896,455,132,51,39,38,21,16,10,3,3,4,1,2,0,0,1,0.017454,38.040,0.000,99.010,,,
4325,1901,456,132,59,26,25,15,15,11,5,3,2,2,0,0,0,0,0.016988,38.040,0.000,99.016,,,
4330,1902,452,145,65,29,43,16,20,13,1,3,7,0,5,0,0,1,0.017514,38.048,0.000,98.997,,,
4335,1881,466,150,72,33,31,16,24,21,12,6,2,2,3,0,0,0,0.017827,38.064,0.000,99.003,,,
4340,1876,439,180,45,38,33,11,21,14,12,2,3,2,3,1,3,0,0.017471,38.080,0.000,99.003,,,
4345,1931,443,139,50,41,25,15,20,10,10,5,0,3,0,1,0,1,0.017431,38.080,0.000,99.003,,,
4350,1833,479,162,54,24,31,19,12,10,5,3,2,2,4,3,1,0,0.017296,38.080,0.000,99.003,,,
4355,1855,440,133,41,31,24,13,18,15,3,5,1,1,0,0,0,0,0.016571,38.080,0.000,99.010,,,
4360,1845,432,159,60,28,31,14,25,12,11,5,3,2,6,1,2,0,0.017315,38.096,0.000,99.010,,,
4365,1834,414,158,55,32,31,23,17,14,5,6,2,2,0,1,1,0,0.016918,38.100,0.000,98.997,,,
4370,1808,434,143,45,22,21,7,20,15,9,5,2,3,0,1,2,2,0.016454,38.100,0.000,99.003,,,
4375,1840,446,142,55,36,27,8,12,11,7,3,0,2,1,0,2,0,0.016874,38.100,0.000,99.010,,,
4380,1861,488,145,58,19,40,16,15,13,10,3,4,4,4,2,1,0,0.017639,38.108,0.000,99.003,,,
4385,1858,431,142,45,28,32,10,14,11,6,1,1,3,2,0,0,1,0.016806,38.140,0.000,99.003,,,
4390,1939,474,151,57,23,30,17,22,12,4,2,5,1,0,0,4,0,0.017909,38.140,0.000,99.016,,,
4395,1776,426,145,59,34,28,12,14,13,6,1,4,1,5,2,0,0,0.016517,38.140,0.000,99.003,,,
4400,1767,450,167,46,28,19,21,16,12,6,4,4,2,0,1,0,0,0.016586,38.140,0.000,99.003,,,
4405,1807,442,141,48,30,38,18,12,16,7,5,5,1,1,1,1,1,0.016709,38.148,0.000,98.997,,,
4410,1794,431,154,63,32,23,17,19,15,6,3,3,5,1,1,1,0,0.016816,38.160,0.000,99.003,,,
4415,1907,490,169,58,30,27,13,15,14,3,2,6,1,0,1,3,1,0.017825,38.160,0.000,99.010,,,
4420,1838,453,152,57,28,38,18,22,10,10,5,6,2,0,1,1,0,0.017391,38.160,0.000,98.997,,,
4425,1882,448,148,62,30,31,17,12,10,7,4,3,0,2,1,1,0,0.017205,38.168,0.000,99.003,,,
4430,1870,445,155,50,30,23,18,19,16,10,7,5,2,1,1,2,0,0.017197,38.192,0.000,99.003,,,
4435,1899,422,156,56,28,28,13,19,15,9,5,4,1,1,1,3,1,0.017280,38.200,0.000,98.997,,,
4440,1821,431,154,50,33,26,14,18,13,4,5,4,2,0,3,1,0,0.016836,38.200,0.000,98.997,,,
4445,1906,473,153,60,35,37,14,30,22,11,2,2,3,3,0,1,0,0.018008,38.204,0.000,98.997,,,
4450,1850,464,148,42,33,29,17,20,16,11,6,3,0,1,0,2,0,0.017160,38.220,0.000,99.003,,,
4455,1771,419,135,39,38,22,22,25,11,4,2,1,2,2,0,0,0,0.016201,38.220,0.000,99.003,,,
4460,1832,418,143,62,24,28,18,24,15,12,1,1,6,4,3,2,2,0.017070,38.220,0.000,99.003,,,
4465,1887,449,148,57,29,36,22,16,15,15,4,4,2,2,1,0,1,0.017682,38.236,0.000,98.997,,,
4470,1839,471,168,50,34,24,13,15,9,7,3,4,2,4,4,1,0,0.017482,38.260,0.000,99.016,,,
4475,1831,458,165,54,34,22,10,16,9,7,5,1,1,3,0,0,1,0.016950,38.260,0.000,98.997,,,
4480,1986,431,153,53,29,33,14,16,25,4,1,8,2,0,0,0,0,0.017852,38.260,0.000,98.997,,,
4485,1994,437,138,60,27,33,19,15,12,10,5,4,1,2,0,0,0,0.017797,38.264,0.000,99.003,,,
4490,1829,433,153,63,21,32,15,19,20,9,6,4,1,2,0,1,2,0.017036,38.276,0.000,98.997,,,
4495,1901,452,150,69,30,23,14,13,11,8,3,2,3,1,0,1,0,0.017348,38.280,0.000,98.991,,,
4500,1880,421,148,57,37,30,22,18,17,11,3,5,3,1,0,1,0,0.017366,38.280,0.000,98.997,,,
4505,1959,428,148,51,37,28,10,16,16,9,5,4,3,1,1,3,0,0.017621,38.280,0.000,99.003,,,
4510,1871,440,142,46,29,35,17,21,10,7,6,3,1,3,1,1,0,0.017102,38.296,0.000,98.997,,,
4515,1861,432,138,49,29,37,15,18,13,7,6,2,2,0,0,0,0,0.016862,38.320,0.000,99.003,,,
4520,2001,421,147,56,22,29,18,13,21,9,7,3,2,2,2,0,1,0.017875,38.320,0.000,99.003,,,
4525,1955,463,131,58,29,32,13,20,14,8,4,9,5,2,1,1,1,0.017876,38.320,0.000,98.997,,,
4530,1835,436,143,50,33,34,21,17,14,4,3,0,2,0,0,0,1,0.016706,38.320,0.000,99.003,,,
4535,1927,460,175,38,34,32,13,15,16,6,1,2,2,4,0,0,1,0.017675,38.360,0.000,98.997,,,
4540,1921,458,170,50,31,24,11,15,15,8,4,5,1,2,1,2,0,0.017767,38.360,0.000,98.997,,,
4545,1884,432,162,52,27,27,19,28,11,5,3,6,3,0,1,1,1,0.017413,38.360,0.000,99.003,,,
4550,1888,448,167,48,26,22,14,18,11,6,5,3,1,4,1,1,0,0.017282,38.364,0.000,98.997,,,
4555,1811,427,163,64,23,33,15,16,12,7,2,3,3,1,2,1,0,0.016867,38.380,0.000,98.997,,,
4560,1863,458,160,68,30,40,13,14,14,14,3,3,2,0,1,0,0,0.017570,38.380,0.000,98.997,,,
4565,1925,479,159,58,31,22,13,17,15,5,5,8,3,1,1,0,1,0.017848,38.380,0.000,98.997,,,
4570,1999,493,174,20,29,33,11,21,14,6,4,5,3,0,0,1,0,0.018391,38.380,0.000,98.997,,,
4575,2157,510,162,56,20,34,13,22,11,8,7,4,2,1,0,1,0,0.019498,38.380,0.000,98.997,,,
4580,2099,500,178,51,26,31,20,15,11,9,4,5,4,1,0,0,0,0.019180,38.420,0.000,99.003,,,
4585,2068,464,143,52,28,32,6,15,10,8,2,3,2,5,4,0,0,0.018299,38.420,0.000,98.997,,,
4590,1926,439,130,54,30,29,21,18,10,6,3,2,5,3,0,1,1,0.017344,38.420,0.000,99.003,,,
4595,1888,448,153,47,32,31,16,24,8,4,4,4,0,3,0,1,0,0.017489,38.420,0.000,99.010,,,
4600,1890,426,122,50,22,29,16,23,16,7,3,5,3,0,3,1,1,0.016907,38.428,0.000,98.997,,,
4605,1922,453,150,48,19,31,15,23,12,12,5,2,3,2,0,2,3,0.017508,38.440,0.000,98.997,,,
4610,1861,421,128,50,32,34,13,21,14,6,5,0,1,4,0,0,0,0.016796,38.440,0.000,99.003,,,
4615,1888,430,143,60,31,31,21,23,14,6,2,3,4,2,1,0,1,0.017351,38.440,0.000,99.003,,,
4620,1851,421,136,42,25,30,25,16,10,8,7,0,2,1,0,1,0,0.016597,38.440,0.000,99.003,,,
4625,1762,401,135,44,36,38,13,22,15,9,4,3,6,1,0,0,3,0.016305,38.440,0.000,99.010,,,
4630,1772,398,156,49,29,25,15,21,10,5,5,2,4,1,0,0,0,0.016355,38.440,0.000,98.997,,,
4635,1843,426,134,51,16,35,14,17,13,7,3,2,2,2,1,0,0,0.016667,38.464,0.000,98.997,,,
4640,1758,420,154,52,26,28,16,25,18,10,3,3,4,3,2,1,0,0.016590,38.472,0.000,98.997,,,
4645,1826,436,146,50,23,19,12,17,9,6,4,2,2,2,1,1,0,0.016592,38.480,0.000,98.991,,,
4650,1828,388,131,44,19,31,16,19,14,3,3,4,0,3,1,0,0,0.016279,38.480,0.000,98.997,,,
4655,1960,386,154,55,29,32,11,15,17,10,5,3,2,2,2,1,1,0.017501,38.480,0.000,98.997,,,
4660,1873,390,128,55,24,35,15,17,18,11,4,5,2,0,0,0,0,0.016670,38.480,0.000,98.997,,,
4665,1831,376,140,61,26,32,17,20,12,9,6,4,3,4,3,1,0,0.016560,38.484,0.000,98.985,,,
4670,1732,469,151,60,20,28,19,21,15,5,2,1,3,2,0,2,0,0.016678,38.488,0.000,98.997,,,
4675,1793,459,148,33,34,28,13,15,12,6,4,3,1,3,0,0,1,0.016727,38.500,0.000,98.997,,,
4680,1732,421,141,59,23,19,13,17,14,4,4,2,3,3,0,1,0,0.015906,38.500,0.000,98.997,,,
4685,1736,392,142,41,26,27,13,10,17,7,2,5,2,2,0,4,0,0.015774,38.500,0.000,99.003,,,
4690,1796,414,145,49,32,17,15,19,17,7,2,3,2,3,0,2,1,0.016321,38.500,0.000,99.003,,,
4695,1864,368,157,46,36,25,10,20,14,4,5,3,2,2,0,1,0,0.016593,38.500,0.000,99.003,,,
4700,1885,421,137,59,29,30,21,14,18,10,3,5,0,1,1,0,1,0.017116,38.524,0.000,98.997,,,
4705,1800,424,132,42,19,27,12,19,12,3,10,5,2,1,1,3,1,0.016322,38.540,0.000,99.003,,,
4710,1835,428,129,47,17,21,15,20,13,5,0,3,1,3,0,0,0,0.016443,38.540,0.000,99.010,,,
4715,1805,385,121,55,21,33,16,18,8,7,5,3,3,2,0,0,0,0.015959,38.540,0.000,98.997,,,
4720,1825,428,121,47,23,18,9,18,9,4,3,1,0,1,0,0,1,0.016123,38.540,0.000,99.003,,,
4725,1758,433,145,45,32,26,11,13,13,7,5,1,3,1,0,3,0,0.016219,38.540,0.000,99.010,,,
4730,1812,403,134,34,24,26,19,17,15,6,7,7,2,1,1,0,1,0.016175,38.544,0.000,99.003,,,
4735,1796,383,135,54,21,28,18,21,11,7,3,4,5,5,1,0,1,0.016123,38.548,0.000,98.997,,,
4740,1812,412,110,35,22,29,9,25,14,5,5,4,4,2,0,0,0,0.015829,38.560,0.000,98.997,,,
4745,1832,375,121,39,20,24,12,19,20,5,1,4,5,3,2,0,1,0.015900,38.560,0.000,98.997,,,
4750,1776,390,119,47,27,24,13,12,18,7,3,3,3,3,0,0,1,0.015886,38.560,0.000,98.997,,,
4755,1800,423,126,38,18,29,12,13,15,6,5,3,4,2,1,2,0,0.015979,38.560,0.000,98.991,,,
4760,1833,417,135,44,27,23,20,21,12,6,5,2,2,3,1,1,1,0.016708,38.560,0.000,99.003,,,
4765,1739,391,139,51,40,24,15,24,26,7,7,3,4,2,2,3,1,0.016159,38.576,0.000,99.003,,,
4770,1836,424,145,42,42,27,18,15,14,10,4,6,2,1,0,2,0,0.016789,38.600,0.000,98.997,,,
4775,1819,405,130,46,29,25,17,15,12,9,4,4,5,1,1,0,0,0.016243,38.600,0.000,99.003,,,
4780,1775,417,139,39,26,26,10,11,7,6,5,1,3,4,0,1,0,0.016062,38.600,0.000,98.997,,,
4785,1770,416,118,49,31,29,20,15,13,8,6,6,2,1,0,2,0,0.016130,38.600,0.000,98.997,,,
4790,1887,406,126,43,27,26,16,15,10,6,4,1,2,1,1,0,0,0.016561,38.600,0.000,98.997,,,
4795,1762,405,127,52,28,29,14,25,11,3,5,6,2,1,0,0,0,0.016141,38.616,0.000,98.997,,,
4800,1867,421,143,47,22,27,13,19,8,3,4,2,2,1,0,0,2,0.016674,38.620,0.000,98.997,,,
4805,1820,424,123,41,24,23,21,18,15,2,2,5,9,3,3,0,0,0.016247,38.620,0.000,98.997,,,
4810,1730,399,138,57,30,27,13,25,14,3,5,2,0,0,1,2,0,0.015906,38.620,0.000,99.003,,,
4815,1860,406,151,45,31,25,19,17,13,7,2,6,1,0,3,3,2,0.016965,38.620,0.000,99.003,,,
4820,1837,396,146,50,29,37,13,21,14,6,6,6,2,1,0,1,1,0.016767,38.620,0.000,99.010,,,
4825,1787,420,135,61,31,29,13,19,8,10,3,1,1,2,2,2,1,0.016345,38.628,0.000,98.997,,,
4830,1835,435,129,44,29,24,14,12,7,8,6,6,4,1,4,0,0,0.016662,38.660,0.000,99.010,,,
4835,1729,388,112,47,26,26,9,12,17,13,10,6,3,4,0,3,1,0.015597,38.660,0.000,99.010,,,
4840,1855,399,114,46,19,26,15,17,12,6,7,3,1,1,1,1,0,0.016134,38.660,0.000,98.997,,,
4845,1828,409,131,51,35,29,23,20,15,11,6,4,3,1,2,0,0,0.016755,38.660,0.000,99.010,,,
4850,1791,402,119,36,34,35,11,15,18,8,7,5,3,3,2,0,1,0.016185,38.664,0.000,98.997,,,
4855,1782,416,119,45,25,27,16,16,9,5,2,3,5,3,0,1,0,0.015841,38.680,0.000,99.010,,,
4860,1808,420,126,53,31,22,21,24,18,7,4,4,2,0,1,1,0,0.016559,38.680,0.000,99.003,,,
4865,1767,408,152,61,30,23,22,17,19,5,4,2,4,0,0,0,0,0.016446,38.680,0.000,98.997,,,
4870,1880,436,128,56,28,28,20,22,12,8,7,5,2,1,0,3,0,0.016987,38.680,0.000,99.010,,,
4875,1912,377,140,43,21,36,15,12,10,7,2,4,1,1,2,1,0,0.016720,38.680,0.000,98.997,,,
4880,1753,404,124,40,30,28,20,16,13,15,7,3,2,4,0,2,0,0.015938,38.704,0.000,99.003,,,
4885,1810,424,131,50,27,32,11,19,8,7,6,2,0,2,3,1,0,0.016428,38.712,0.000,99.010,,,
4890,1790,401,136,46,26,28,13,15,11,10,7,6,2,1,2,2,0,0.016256,38.720,0.000,99.010,,,
4895,1868,397,142,35,27,26,14,24,21,5,4,5,2,1,0,0,0,0.016687,38.720,0.000,99.003,,,
4900,1811,423,117,50,26,16,18,18,14,7,4,7,3,2,1,0,0,0.016164,38.720,0.000,99.010,,,
4905,1858,420,133,51,29,35,16,22,14,13,1,6,3,1,1,0,1,0.016902,38.720,0.000,99.003,,,
4910,1787,406,127,49,18,28,9,9,16,4,2,2,2,3,1,1,0,0.015940,38.720,0.000,99.003,,,
4915,1758,416,122,45,27,32,17,16,15,11,4,1,4,1,1,2,2,0.016046,38.724,0.000,99.003,,,
4920,1876,438,114,58,37,23,10,24,14,13,4,3,0,1,2,1,2,0.017199,38.740,0.000,99.003,,,
4925,1759,429,133,45,25,28,13,15,12,8,8,2,2,1,2,1,0,0.015970,38.740,0.000,99.003,,,
4930,1747,427,122,60,28,24,12,17,11,3,5,3,2,2,0,0,0,0.015898,38.740,0.000,99.003,,,
4935,1837,414,120,45,34,29,9,21,17,11,4,2,0,0,1,0,1,0.016423,38.740,0.000,98.997,,,
4940,1875,361,122,37,28,26,18,18,6,10,4,3,0,2,0,0,0,0.015981,38.740,0.000,99.003,,,
4945,1758,401,126,55,25,25,10,14,14,6,1,1,5,0,1,1,1,0.015826,38.740,0.000,99.003,,,
4950,1770,448,130,33,25,30,7,19,10,4,2,7,3,2,0,2,1,0.016060,38.740,0.000,99.003,,,
4955,1721,409,133,43,25,22,18,15,12,5,2,5,2,1,2,2,1,0.015596,38.780,0.000,99.010,,,
4960,1795,433,120,47,33,26,16,13,18,10,2,3,2,0,0,2,1,0.016385,38.780,0.000,99.010,,,
4965,1765,410,126,45,22,29,13,25,11,16,6,2,3,1,2,1,0,0.016087,38.780,0.000,99.003,,,
4970,1712,409,129,42,32,26,21,17,14,5,4,2,2,3,3,1,3,0.015674,38.780,0.000,99.003,,,
4975,1766,401,116,51,26,30,13,23,11,7,5,4,2,1,1,1,1,0.015954,38.780,0.000,99.010,,,
4980,1716,394,114,35,24,30,16,20,7,2,4,6,3,1,0,0,0,0.015485,38.788,0.000,99.010,,,
4985,1639,392,138,43,29,26,8,6,10,8,6,6,3,1,2,0,1,0.015198,38.792,0.000,99.003,,,
4990,1797,391,121,39,28,20,12,16,10,5,6,2,0,1,1,1,0,0.015673,38.800,0.000,99.010,,,
4995,1702,359,124,43,24,23,17,13,11,9,5,1,4,1,0,1,0,0.014954,38.800,0.000,99.003,,,
5000,1724,411,141,38,17,27,13,8,14,3,7,3,2,1,0,1,2,0.015591,38.800,0.000,98.997,,,
5005,1760,374,129,48,23,22,10,23,6,6,2,2,1,3,0,0,0,0.015337,38.800,0.000,99.016,,,
5010,1730,346,118,43,31,23,17,14,12,5,1,6,5,0,1,0,0,0.015087,38.800,0.000,99.003,,,
5015,1732,358,129,41,25,21,14,13,11,5,5,3,1,2,0,0,0,0.015407,38.800,0.000,99.003,,,
5020,1745,366,117,36,30,25,14,7,20,5,3,3,1,2,0,0,0,0.015193,38.840,0.000,99.003,,,
5025,1721,395,129,49,24,22,9,19,6,6,7,1,3,3,1,1,0,0.015388,38.840,0.000,99.010,,,
5030,1712,360,144,41,21,21,14,15,13,5,2,5,1,0,3,2,0,0.015210,38.840,0.000,99.010,,,
5035,1679,392,111,38,20,27,14,16,14,9,2,4,5,3,0,1,0,0.015052,38.840,0.000,99.010,,,
5040,1715,386,112,61,22,25,21,22,7,5,5,3,1,2,0,2,1,0.015432,38.840,0.000,99.003,,,
5045,1682,367,133,43,19,27,15,14,13,3,6,2,1,1,0,0,0,0.015051,38.852,0.000,99.010,,,
5050,1742,419,124,46,16,22,13,11,17,11,3,3,1,2,0,0,1,0.015639,38.860,0.000,99.003,,,
5055,1718,376,136,28,15,25,16,15,13,4,6,4,5,0,1,2,3,0.015085,38.860,0.000,99.003,,,
5060,1835,355,127,49,20,21,11,13,7,5,5,2,2,1,1,1,0,0.015588,38.860,0.000,98.997,,,
5065,1684,404,122,41,22,16,12,15,9,5,5,2,2,3,0,0,0,0.015057,38.884,0.000,99.003,,,
5070,1751,382,130,39,21,24,16,18,12,5,5,3,1,2,1,0,0,0.015485,38.892,0.000,99.003,,,
5075,1768,359,86,43,24,28,13,8,10,6,10,4,1,1,1,0,1,0.015057,38.900,0.000,99.010,,,
5080,1710,418,110,45,22,21,13,18,10,10,3,2,3,2,1,2,1,0.015395,38.900,0.000,99.010,,,
5085,1815,419,137,43,23,32,10,17,5,5,4,6,2,3,2,0,0,0.016270,38.908,0.000,99.003,,,
5090,1759,449,110,29,20,24,10,17,11,9,3,3,0,1,0,0,1,0.015860,38.940,0.000,99.010,,,
5095,1807,402,117,33,26,26,12,20,17,11,2,4,3,3,1,3,0,0.016041,38.940,0.000,99.010,,,
5100,1729,377,86,45,19,22,16,19,11,8,4,1,1,2,2,0,0,0.014803,38.940,0.000,99.016,,,
5105,1806,388,136,41,22,28,13,12,8,5,3,3,2,0,0,0,1,0.015765,38.940,0.000,99.003,,,
5110,1822,416,143,45,26,21,19,18,16,6,4,2,0,0,2,3,0,0.016401,38.960,0.000,99.003,,,
5115,1710,427,114,34,19,29,7,12,12,3,6,6,7,0,0,1,0,0.015329,38.960,0.000,99.010,,,
5120,1821,375,160,50,22,40,19,15,5,5,3,2,3,1,2,1,0,0.016327,38.960,0.000,98.997,,,
5125,1738,414,119,38,19,30,10,18,9,6,5,4,1,2,1,4,0,0.015492,38.960,0.000,99.003,,,
5130,1810,419,104,48,25,36,16,13,7,7,6,1,2,2,2,2,1,0.016074,38.984,0.000,99.003,,,
5135,1823,417,117,48,27,25,20,22,10,9,2,1,2,0,1,1,0,0.016336,39.000,0.000,98.997,,,
5140,1811,409,139,56,25,27,11,28,5,4,6,4,0,3,2,1,0,0.016446,39.000,0.000,98.997,,,
5145,1762,401,118,31,33,32,17,19,9,5,2,7,3,0,0,1,0,0.015660,39.000,0.000,99.010,,,
5150,1778,386,137,39,29,25,13,22,13,5,2,3,3,1,0,3,1,0.016050,39.013,0.000,98.997,,,
5155,1719,426,107,49,18,24,14,21,8,3,8,2,2,2,0,0,0,0.015502,39.021,0.000,99.003,,,
5160,1761,425,133,55,19,20,14,12,11,9,4,3,3,0,0,0,0,0.015944,39.021,0.000,98.997,,,
5165,1720,372,134,55,21,30,13,13,11,7,5,0,1,2,0,0,1,0.015381,39.021,0.000,98.997,,,
5170,1780,382,124,44,29,27,14,16,12,7,1,3,1,0,0,1,0,0.015664,39.038,0.000,98.997,,,
5175,1872,404,120,49,23,18,11,16,12,4,8,0,0,3,0,0,1,0.016245,39.063,0.000,98.997,,,
5180,1794,395,126,48,30,25,18,24,14,6,8,6,3,4,1,0,0,0.016137,39.063,0.000,98.997,,,
5185,1785,418,136,55,22,29,10,14,10,6,4,4,1,2,0,0,0,0.016168,39.063,0.000,98.997,,,
5190,1824,412,119,44,24,31,15,17,11,5,5,2,3,0,0,1,0,0.016182,39.063,0.000,99.010,,,
5195,1837,382,125,47,33,37,11,14,10,6,4,4,4,1,1,0,0,0.016201,39.071,0.000,98.997,,,
5200,1807,415,140,43,30,20,18,20,6,9,2,2,2,5,2,1,0,0.016420,39.083,0.000,99.003,,,
5205,1835,412,130,45,26,32,18,14,15,7,6,1,2,3,3,0,0,0.016536,39.083,0.000,98.997,,,
5210,1816,384,109,56,28,43,15,16,18,7,7,5,5,3,2,0,0,0.016292,39.083,0.000,98.997,,,
5215,1791,433,116,50,23,31,20,16,5,8,2,4,0,0,0,1,1,0.016224,39.083,0.000,99.003,,,
5220,1777,414,121,55,25,35,12,17,5,3,2,4,3,4,0,2,0,0.016097,39.092,0.000,98.997,,,
5225,1757,391,122,52,25,30,17,11,9,10,7,7,2,2,2,1,0,0.015841,39.125,0.000,99.010,,,
5230,1734,420,132,57,22,34,18,14,21,13,5,7,5,1,1,6,3,0.016576,39.125,0.000,99.003,,,
5235,1794,400,140,47,26,29,13,17,14,8,2,5,3,1,2,1,1,0.016151,39.125,0.000,99.016,,,
5240,1764,403,130,32,30,26,10,19,12,7,3,1,4,1,1,1,1,0.015917,39.125,0.000,99.003,,,
5245,1780,416,127,47,22,31,16,12,15,9,4,4,3,3,0,1,0,0.016071,39.146,0.000,99.003,,,
5250,1787,427,140,41,26,26,17,20,16,4,4,0,2,0,0,1,0,0.016222,39.146,0.000,99.016,,,
5255,1832,401,138,40,22,23,12,22,15,8,4,2,0,4,0,2,0,0.016492,39.146,0.000,99.010,,,
5260,1784,388,138,43,24,25,16,19,12,12,3,2,2,0,1,1,1,0.015910,39.154,0.000,99.010,,,
5265,1786,390,107,46,21,29,16,20,12,6,6,3,6,2,1,1,1,0.015746,39.179,0.000,99.003,,,
5270,1791,396,143,46,24,36,17,18,16,8,6,2,3,1,1,2,0,0.016343,39.188,0.000,99.022,,,
5275,1794,386,124,55,21,28,12,25,16,7,3,1,1,1,1,1,0,0.015916,39.188,0.000,99.003,,,
5280,1805,401,133,60,20,25,12,15,14,7,4,1,1,3,1,0,1,0.016141,39.192,0.000,99.003,,,
5285,1853,386,147,33,16,32,21,19,10,10,7,5,1,4,2,0,2,0.016372,39.204,0.000,99.003,,,
5290,1853,364,117,31,24,23,18,18,12,11,2,0,4,1,1,1,0,0.015808,39.208,0.000,98.997,,,
5295,1828,397,132,40,22,34,20,22,12,5,5,4,5,3,2,2,0,0.016558,39.208,0.000,99.010,,,
5300,1735,354,111,39,23,20,22,12,9,4,5,3,2,1,0,2,0,0.014968,39.225,0.000,99.016,,,
5305,1812,403,127,46,30,22,12,17,7,6,10,5,3,0,1,0,0,0.015934,39.250,0.000,99.010,,,
5310,1759,401,140,54,30,26,17,15,17,6,5,3,2,1,0,1,2,0.016089,39.250,0.000,99.010,,,
5315,1726,377,113,43,25,21,7,17,14,6,9,4,2,5,2,0,0,0.015455,39.254,0.000,98.997,,,
5320,1616,360,120,44,18,18,16,11,10,7,2,4,2,1,1,1,0,0.014208,39.271,0.000,99.010,,,
5325,1665,342,101,31,18,21,13,14,10,7,6,2,3,2,2,2,1,0.014444,39.271,0.000,98.997,,,
5330,1617,337,79,33,23,20,14,15,9,6,5,1,0,3,0,0,1,0.013594,39.271,0.000,99.016,,,
5335,1664,302,84,31,19,22,16,15,9,10,5,2,2,2,0,0,1,0.013826,39.296,0.000,98.997,,,
5340,1599,297,79,24,13,16,11,18,14,6,6,0,4,1,0,0,0,0.013172,39.304,0.000,99.003,,,
5345,1557,279,76,42,14,12,5,9,10,8,2,2,2,0,3,3,0,0.012877,39.313,0.000,99.028,,,
5350,1605,288,73,25,19,17,9,17,6,4,3,2,0,1,2,1,0,0.012988,39.313,0.000,99.003,,,
5355,1600,324,78,30,24,22,9,14,8,5,6,0,2,2,0,1,0,0.013403,39.317,0.000,99.010,,,
5360,1608,349,91,26,14,14,14,9,16,6,3,2,0,3,1,0,1,0.013621,39.333,0.000,99.003,,,
5365,1614,291,87,23,19,21,13,13,14,9,6,2,1,0,0,0,0,0.013362,39.333,0.000,99.010,,,
5370,1636,327,83,32,14,17,10,13,12,10,2,2,1,1,0,1,0,0.013669,39.333,0.000,99.010,,,
5375,1535,330,104,36,20,15,6,11,7,5,3,2,5,4,2,3,0,0.013292,39.367,0.000,99.010,,,
5380,1651,322,94,30,13,15,15,15,14,4,3,4,2,0,0,0,0,0.013903,39.375,0.000,99.016,,,
5385,1610,311,91,35,25,16,13,18,12,3,4,5,3,0,1,2,1,0.013769,39.375,0.000,99.016,,,
5390,1650,308,98,24,24,20,11,12,7,7,5,5,1,1,1,0,0,0.013732,39.383,0.000,99.016,,,
5395,1626,322,84,25,19,24,12,11,11,6,4,1,6,1,2,0,0,0.013682,39.396,0.000,99.003,,,
5400,1556,302,90,30,23,18,6,18,9,7,5,2,2,4,1,2,1,0.013234,39.396,0.000,99.010,,,
5405,1590,302,96,44,18,21,11,14,6,4,1,2,2,0,2,1,0,0.013466,39.396,0.000,98.997,,,
5410,1633,312,89,35,20,20,7,14,8,0,2,5,1,2,0,1,1,0.013587,39.404,0.000,99.022,,,
5415,1566,283,89,32,13,11,12,18,11,3,2,1,1,1,0,2,1,0.012925,39.429,0.000,99.010,,,
5420,1592,280,85,35,17,24,13,21,7,5,7,0,0,2,0,1,0,0.013329,39.438,0.000,99.010,,,
5425,1629,324,101,26,10,13,10,13,11,8,2,6,2,0,1,0,0,0.013561,39.438,0.000,99.003,,,
5430,1649,307,96,24,12,18,11,13,12,10,4,2,2,1,2,0,1,0.013804,39.442,0.000,99.016,,,
5435,1662,300,85,28,10,14,4,15,9,6,3,2,1,2,0,1,0,0.013377,39.454,0.000,98.997,,,
5440,1552,313,93,34,17,20,16,17,16,8,5,3,4,2,1,1,0,0.013367,39.458,0.000,99.016,,,
5445,1701,320,99,36,19,23,8,14,11,6,4,6,0,0,0,1,0,0.014174,39.458,0.000,99.016,,,
5450,1637,342,84,25,21,20,10,21,7,2,6,3,2,2,2,0,0,0.013994,39.483,0.000,99.010,,,
5455,1674,286,91,32,22,22,12,19,13,7,5,1,5,1,0,1,0,0.013826,39.500,0.000,99.010,,,
5460,1654,292,89,36,21,23,17,13,7,6,0,3,0,2,1,0,0,0.013495,39.500,0.000,99.028,,,
5465,1655,332,78,25,17,18,10,22,16,7,7,2,1,3,0,0,1,0.013927,39.517,0.000,99.010,,,
5470,1577,326,85,33,13,15,18,15,12,9,4,6,3,2,1,0,0,0.013452,39.542,0.000,99.016,,,
5475,1668,303,86,30,13,15,16,13,14,7,6,3,2,1,1,1,1,0.013816,39.542,0.000,99.016,,,
5480,1563,308,84,28,15,15,6,14,9,7,1,4,2,2,0,0,2,0.012945,39.546,0.000,99.022,,,
5485,1651,330,72,31,22,26,13,19,9,4,2,3,1,1,0,0,0,0.013801,39.563,0.000,99.010,,,
5490,1464,298,83,26,19,29,14,13,9,6,2,3,1,2,0,1,0,0.012432,39.563,0.000,99.010,,,
5495,1631,320,69,32,18,15,14,12,9,7,3,2,1,1,0,2,0,0.013370,39.579,0.000,99.022,,,
5500,1573,328,95,36,20,15,12,9,11,12,2,4,1,1,2,1,1,0.013572,39.604,0.000,99.010,,,
5505,1626,302,91,20,14,17,14,15,8,5,1,4,1,1,0,0,1,0.013371,39.604,0.000,99.016,,,
5510,1593,263,81,27,21,24,11,14,8,5,4,2,1,1,0,0,1,0.012975,39.625,0.000,99.028,,,
5515,1597,319,68,29,19,24,15,10,12,12,3,4,5,1,2,1,0,0.013372,39.625,0.000,98.997,,,
5520,1519,339,85,21,22,16,12,17,7,5,6,4,3,0,2,2,1,0.013331,39.625,0.000,99.010,,,
5525,1613,333,84,26,16,20,8,17,11,5,4,2,4,3,1,1,0,0.013656,39.658,0.000,99.010,,,
5530,1691,311,83,22,11,26,11,10,12,3,3,3,1,2,1,0,0,0.013670,39.667,0.000,99.016,,,
5535,1621,297,91,24,15,20,11,17,15,2,2,1,4,1,0,1,0,0.013574,39.667,0.000,99.016,,,
5540,1611,288,88,31,17,12,14,10,6,8,2,2,1,3,1,0,0,0.013232,39.688,0.000,99.022,,,
5545,1587,279,77,36,19,15,7,10,11,4,2,0,1,1,1,0,0,0.012930,39.688,0.000,99.022,,,
5550,1596,319,84,36,20,18,13,13,12,2,0,1,1,5,1,1,2,0.013533,39.712,0.000,99.010,,,
5555,1558,287,83,26,16,20,14,16,15,10,1,2,3,2,0,0,0,0.013025,39.729,0.000,99.016,,,
5560,1582,279,78,26,10,19,5,13,12,7,5,2,3,0,0,0,0,0.012855,39.733,0.000,99.010,,,
5565,1552,293,81,40,17,12,7,20,11,4,8,3,0,1,0,0,0,0.012986,39.750,0.000,99.022,,,
5570,1652,291,77,26,24,20,10,15,9,6,2,1,0,0,1,1,0,0.013221,39.750,0.000,99.016,,,
5575,1621,306,71,18,15,19,9,9,11,3,5,2,0,0,0,0,0,0.013147,39.792,0.000,99.010,,,
5580,1655,315,83,32,14,14,10,11,12,4,3,4,0,2,0,0,0,0.013613,39.792,0.000,99.016,,,
5585,1589,270,78,23,11,13,12,13,13,4,2,4,1,2,3,0,0,0.012675,39.796,0.000,99.016,,,
5590,1638,293,85,26,10,10,12,19,13,9,1,2,1,4,0,0,0,0.013323,39.813,0.000,98.997,,,
5595,1658,301,79,27,16,12,14,16,11,3,2,1,3,1,0,0,0,0.013823,39.813,0.000,98.997,,,
5600,1604,311,97,31,11,15,10,14,8,7,9,4,1,4,2,0,0,0.013663,39.837,0.000,99.010,,,
5605,1582,281,63,21,21,19,9,9,10,9,4,3,3,1,1,1,0,0.012934,39.854,0.000,99.010,,,
5610,1553,303,74,26,14,15,12,20,12,5,4,6,4,1,0,1,0,0.013026,39.854,0.000,99.022,,,
5615,1608,285,61,37,16,17,20,13,6,4,6,6,4,2,0,0,0,0.013145,39.871,0.000,99.016,,,
5620,1611,303,77,30,16,18,10,11,12,4,2,3,1,2,1,1,0,0.013420,39.875,0.000,99.003,,,
5625,1567,279,80,28,14,18,11,12,12,10,4,2,3,1,0,1,2,0.012896,39.883,0.000,99.022,,,
5630,1576,297,74,25,14,20,11,8,8,4,3,4,0,0,0,0,0,0.012851,39.917,0.000,98.997,,,
5635,1653,304,74,23,20,11,16,8,6,5,2,1,2,0,1,0,1,0.013228,39.917,0.000,99.022,,,
5640,1634,276,82,18,10,14,10,12,4,6,3,4,2,0,1,1,0,0.013039,39.925,0.000,99.010,,,
5645,1596,314,83,19,13,10,13,18,12,5,6,1,3,1,0,0,1,0.013193,39.938,0.000,99.022,,,
5650,1653,275,76,25,19,20,8,14,5,5,6,3,3,0,0,0,0,0.013243,39.938,0.000,99.003,,,
5655,1560,300,78,26,18,20,7,17,7,7,5,1,2,2,1,0,1,0.012958,39.971,0.000,99.022,,,
5660,1722,279,69,32,21,24,8,25,4,12,6,2,1,1,1,1,1,0.013899,39.971,0.000,99.016,,,
5665,1573,307,73,29,16,15,12,14,10,8,5,2,1,2,0,2,1,0.013222,39.979,0.000,99.022,,,
5670,1584,288,76,19,18,15,10,20,12,2,3,3,3,0,1,1,0,0.012911,39.987,0.000,99.022,,,
5675,1613,296,82,28,17,17,13,10,8,10,6,2,1,2,1,0,0,0.013302,40.000,0.000,99.010,,,
5680,1636,296,67,30,14,15,15,12,10,3,6,0,3,1,2,1,0,0.013212,40.000,0.000,99.016,,,
5685,1620,327,87,26,18,15,11,15,5,7,3,1,1,1,0,0,0,0.013403,40.008,0.000,99.022,,,
5690,1619,278,80,34,16,16,9,14,6,7,4,3,0,0,0,5,1,0.013028,40.042,0.000,99.016,,,
5695,1574,276,78,30,13,12,11,11,15,5,4,2,3,1,1,0,0,0.013019,40.042,0.000,99.016,,,
5700,1508,287,68,28,10,21,4,12,7,5,1,4,2,0,0,1,0,0.012428,40.046,0.000,99.010,,,
5705,1526,299,80,27,9,13,13,14,11,8,4,1,1,1,4,0,1,0.012574,40.063,0.000,99.022,,,
5710,1575,285,83,26,17,24,8,18,8,6,3,2,1,1,0,0,1,0.013104,40.063,0.000,99.010,,,
5715,1575,283,82,37,14,25,7,22,11,7,3,2,2,2,1,0,0,0.013218,40.096,0.000,99.010,,,
5720,1524,324,73,28,16,14,8,14,11,5,3,1,1,1,2,0,0,0.012988,40.104,0.000,99.016,,,
5725,1655,333,82,20,17,15,14,14,12,4,3,2,2,2,1,1,1,0.013732,40.104,0.000,99.022,,,
5730,1621,320,81,37,14,15,8,16,12,5,5,2,0,1,2,0,0,0.013489,40.138,0.000,99.016,,,
5735,1614,329,75,43,15,23,9,14,9,11,6,1,2,1,1,0,0,0.013622,40.146,0.000,99.022,,,
5740,1553,325,97,31,13,18,16,16,9,7,3,0,2,0,2,0,0,0.013293,40.146,0.000,99.022,,,
5745,1601,289,72,19,11,16,12,17,13,10,0,2,1,2,1,0,0,0.012890,40.154,0.000,99.022,,,
5750,1614,322,89,31,22,8,7,7,6,4,3,0,1,0,0,0,1,0.013371,40.167,0.000,99.028,,,
5755,1635,291,85,40,24,16,10,18,7,6,7,4,2,1,1,0,0,0.013709,40.167,0.000,99.003,,,
5760,1548,324,94,30,16,18,17,12,15,2,2,0,2,2,1,2,1,0.013315,40.175,0.000,99.028,,,
5765,1628,274,74,38,12,18,18,15,11,7,4,2,3,2,0,1,1,0.013290,40.208,0.000,99.022,,,
5770,1587,326,70,21,14,18,10,16,15,12,1,2,4,1,1,1,0,0.013396,40.208,0.000,99.022,,,
5775,1619,289,90,20,14,16,9,18,7,4,6,3,3,3,1,0,0,0.013378,40.221,0.000,99.016,,,
5780,1582,300,89,26,17,22,7,11,14,6,6,7,1,2,2,1,0,0.013311,40.229,0.000,99.016,,,
5785,1559,309,82,30,19,16,13,11,9,4,5,3,0,0,2,2,0,0.013197,40.229,0.000,99.016,,,
5790,1571,286,82,23,19,13,6,17,9,5,4,3,1,0,1,1,0,0.012924,40.271,0.000,99.022,,,
5795,1619,325,98,34,16,20,13,9,11,7,5,2,3,2,3,0,3,0.013888,40.271,0.000,99.022,,,
5800,1600,305,89,31,15,28,10,19,9,9,8,2,0,3,1,3,2,0.013732,40.283,0.000,99.016,,,
5805,1610,322,73,31,21,9,9,6,8,3,5,1,1,2,2,0,0,0.013188,40.292,0.000,99.003,,,
5810,1552,310,80,23,20,18,13,14,10,10,3,4,1,0,1,2,0,0.013155,40.300,0.000,99.003,,,
5815,1514,308,99,31,15,18,10,12,10,5,1,2,1,2,0,0,2,0.013099,40.325,0.000,99.028,,,
5820,1595,309,79,28,13,17,12,17,10,4,3,3,2,0,1,2,1,0.013180,40.333,0.000,99.016,,,
5825,1508,285,66,33,18,17,10,13,10,4,2,7,6,1,0,3,0,0.012683,40.350,0.000,99.016,,,
5830,1585,327,79,34,22,17,11,14,14,3,8,2,1,5,0,1,2,0.013458,40.354,0.000,99.016,,,
5835,1552,299,81,19,17,24,14,16,10,4,4,1,3,1,1,0,0,0.013015,40.379,0.000,99.016,,,
5840,1628,300,90,18,17,16,10,24,13,1,1,3,0,1,0,1,0,0.013349,40.396,0.000,99.028,,,
5845,1537,294,88,24,25,23,13,13,12,4,5,2,2,1,0,1,0,0.013104,40.396,0.000,99.016,,,
5850,1629,317,87,30,13,20,11,11,10,3,1,2,4,0,2,0,0,0.013493,40.417,0.000,99.016,,,
5855,1642,297,70,37,16,20,14,17,4,7,6,2,1,0,0,0,0,0.013500,40.417,0.000,99.022,,,
5860,1570,292,86,16,20,23,8,13,9,6,4,1,2,0,0,0,2,0.013086,40.450,0.000,99.022,,,
5865,1587,314,95,26,13,18,13,16,9,7,5,4,6,0,0,1,1,0.013381,40.458,0.000,99.028,,,
5870,1521,301,76,22,13,23,8,14,15,7,4,4,2,1,2,0,0,0.013057,40.467,0.000,99.028,,,
5875,1557,284,66,25,12,17,6,12,9,5,2,3,2,0,0,1,0,0.012502,40.479,0.000,99.028,,,
5880,1593,266,75,34,25,13,11,15,6,4,5,1,0,0,1,2,1,0.012914,40.479,0.000,99.028,,,
5885,1538,276,81,32,13,13,16,17,9,6,3,2,3,2,0,0,0,0.012674,40.513,0.000,99.028,,,
5890,1576,287,89,24,15,24,8,13,10,3,3,2,1,1,1,2,0,0.013139,40.521,0.000,99.022,,,
5895,1545,281,85,40,17,12,13,10,10,3,2,1,2,3,0,0,0,0.012911,40.525,0.000,99.022,,,
5900,1575,290,72,29,15,17,6,18,11,18,1,2,5,0,1,2,1,0.013206,40.542,0.000,99.022,,,
5905,1598,347,83,33,14,15,15,15,7,8,1,7,1,1,2,1,0,0.013752,40.542,0.000,99.022,,,
5910,1522,282,72,21,17,18,10,21,12,3,4,2,5,1,2,0,0,0.012667,40.575,0.000,99.016,,,
5915,1611,284,74,26,12,15,11,18,12,4,2,5,1,3,0,2,2,0.013125,40.583,0.000,99.016,,,
5920,1502,267,63,26,19,15,7,11,7,4,4,5,3,0,0,1,0,0.012179,40.588,0.000,99.028,,,
5925,1497,297,86,26,20,19,13,11,9,1,6,4,2,1,0,1,0,0.012692,40.604,0.000,99.022,,,
5930,1477,283,77,32,5,16,9,19,8,6,5,6,3,1,0,0,1,0.012454,40.612,0.000,99.016,,,
5935,1504,308,87,33,15,18,15,8,18,5,3,0,2,2,0,3,0,0.013005,40.646,0.000,99.022,,,
5940,1582,297,89,27,19,15,13,14,12,3,3,3,2,3,1,1,0,0.013063,40.638,0.000,99.022,,,
5945,1566,308,91,25,19,16,11,17,10,8,4,4,1,0,1,1,0,0.013402,40.650,0.000,99.022,,,
5950,1582,296,85,22,19,19,14,14,11,8,5,1,3,2,1,0,1,0.013250,40.667,0.000,99.022,,,
5955,1543,303,84,16,21,16,15,15,11,2,4,3,1,2,1,0,0,0.012996,40.667,0.000,99.022,,,
5960,1506,283,97,28,14,15,15,8,15,6,3,1,1,2,1,0,0,0.012714,40.692,0.000,99.022,,,
5965,1559,249,95,22,16,18,10,11,9,7,4,8,3,1,1,1,0,0.012731,40.708,0.000,99.028,,,
5970,1455,290,82,21,12,20,9,12,8,7,2,1,2,2,1,0,0,0.012142,40.725,0.000,99.022,,,
5975,1512,289,88,35,18,21,13,16,12,4,11,2,4,0,1,1,1,0.013033,40.750,0.000,99.022,,,
5980,1477,309,79,19,16,19,8,11,9,6,4,1,1,1,0,0,0,0.012381,40.750,0.000,99.035,,,
5985,1489,261,70,26,9,14,11,8,7,2,6,4,1,1,1,1,0,0.012053,40.767,0.000,99.028,,,
5990,1492,272,88,19,10,14,17,19,10,5,4,4,3,0,0,0,2,0.012545,40.771,0.000,99.028,,,
5995,1449,239,76,20,18,19,8,11,9,5,3,4,1,1,0,0,0,0.011825,40.771,0.000,99.028,,,
6000,1552,285,69,21,16,19,2,24,10,4,5,2,0,3,1,1,0,0.012687,40.788,0.000,99.022,,,
6005,1591,279,76,25,16,21,9,9,8,2,4,5,0,1,1,1,0,0.012835,40.813,0.000,99.016,,,
6010,1568,287,70,34,17,15,9,19,6,3,6,4,3,3,1,1,1,0.012909,40.813,0.000,99.028,,,
6015,1540,277,71,26,14,15,13,17,8,3,8,2,2,2,1,1,1,0.012658,40.829,0.000,99.022,,,
6020,1471,279,64,26,12,12,8,14,6,9,3,2,1,2,1,0,0,0.011993,40.833,0.000,99.028,,,
6025,1559,278,77,25,15,15,14,28,7,5,3,0,2,2,0,0,0,0.012824,40.858,0.000,99.028,,,
6030,1578,296,64,23,11,17,15,12,16,3,0,1,1,1,3,0,0,0.012953,40.875,0.000,99.022,,,
6035,1569,283,72,29,15,20,5,8,14,7,6,2,0,2,0,0,1,0.012851,40.879,0.000,99.022,,,
6040,1501,287,58,24,20,16,13,9,7,3,3,4,2,1,1,0,0,0.012169,40.892,0.000,99.022,,,
6045,1582,274,81,29,16,17,10,20,4,3,3,4,2,5,1,2,1,0.013056,40.896,0.000,99.022,,,
6050,1508,282,78,29,8,14,8,15,11,6,6,1,1,1,0,0,1,0.012606,40.904,0.000,99.022,,,
6055,1499,271,87,24,17,18,20,11,4,6,6,3,1,1,1,0,1,0.012558,40.938,0.000,99.022,,,
6060,1504,293,75,20,9,17,6,12,11,10,4,1,1,3,0,0,1,0.012367,40.938,0.000,99.016,,,
6065,1564,289,76,21,7,20,10,18,6,6,7,3,2,2,0,1,0,0.012936,40.954,0.000,99.028,,,
6070,1521,252,80,27,15,19,12,19,9,9,5,1,4,1,0,1,0,0.012499,40.958,0.000,99.028,,,
6075,1490,272,89,24,23,20,7,16,12,5,2,3,1,1,0,2,1,0.012459,40.975,0.000,99.028,,,
6080,1537,297,92,23,11,14,10,15,16,9,2,5,1,2,0,5,2,0.013251,41.000,0.000,99.028,,,
6085,1511,268,84,30,12,16,9,16,13,8,1,3,1,0,1,4,0,0.012660,41.000,0.000,99.028,,,
6090,1613,282,61,37,13,16,10,17,4,7,5,1,4,0,0,0,0,0.013018,41.013,0.000,99.022,,,
6095,1493,250,65,27,16,14,13,12,14,4,3,4,1,1,0,1,0,0.012042,41.021,0.000,99.022,,,
6100,1582,250,66,26,11,22,7,16,8,3,4,3,4,2,1,0,0,0.012639,41.038,0.000,99.028,,,
6105,1528,259,71,27,11,18,11,9,9,16,4,3,0,2,1,0,0,0.012452,41.064,0.000,99.041,,,
6110,1523,295,59,25,17,19,16,13,9,5,7,6,3,1,0,1,0,0.012652,41.064,0.000,99.028,,,
6115,1585,279,76,16,12,19,9,14,12,5,3,2,1,1,0,1,0,0.012772,41.081,0.000,99.028,,,
6120,1574,278,71,27,16,15,9,16,12,2,7,1,5,2,2,2,0,0.012907,41.085,0.000,99.028,,,
6125,1538,309,93,26,17,13,14,15,8,7,4,3,4,2,2,5,1,0.013149,41.102,0.000,99.028,,,
6130,1513,299,67,21,13,19,10,14,15,5,3,3,3,1,0,0,2,0.012530,41.128,0.000,99.028,,,
6135,1535,323,89,20,21,23,11,12,8,9,6,2,6,3,3,1,0,0.013299,41.132,0.000,99.028,,,
6140,1515,302,73,32,16,29,13,15,17,8,1,2,3,2,0,0,1,0.012866,41.145,0.000,99.028,,,
6145,1549,286,77,23,15,16,14,11,11,6,2,4,2,2,1,1,0,0.012855,41.149,0.000,99.028,,,
6150,1523,254,82,32,10,21,15,7,6,8,7,3,3,2,1,1,0,0.012531,41.183,0.000,99.028,,,
6155,1518,304,83,28,14,23,14,10,15,4,1,3,1,1,0,1,0,0.012916,41.191,0.000,99.028,,,
6160,1546,298,67,18,18,14,13,12,17,8,7,2,1,2,1,2,0,0.012828,41.204,0.000,99.041,,,
6165,1570,276,69,25,15,16,10,8,9,5,2,5,4,0,0,0,0,0.012618,41.213,0.000,99.028,,,
6170,1533,287,78,32,16,22,13,7,9,6,3,3,1,1,0,1,0,0.012683,41.213,0.000,99.028,,,
6175,1516,304,89,45,17,9,12,13,11,6,10,3,2,1,1,1,1,0.013214,41.255,0.000,99.035,,,
6180,1568,301,87,22,16,12,7,15,5,6,3,3,1,1,0,0,0,0.012822,41.255,0.000,99.035,,,
6185,1590,332,86,25,17,17,13,21,3,2,5,0,1,0,1,0,0,0.013484,41.277,0.000,99.028,,,
6190,1563,317,73,37,6,21,11,9,13,7,1,4,3,3,2,1,0,0.013258,41.277,0.000,99.041,,,
6195,1721,354,92,26,12,15,6,21,11,6,5,2,2,2,1,0,1,0.014647,41.302,0.000,99.028,,,
6200,1845,386,82,21,13,15,9,13,8,7,2,7,1,1,1,1,2,0.015147,41.319,0.000,99.035,,,
6205,1778,380,91,22,21,16,13,8,9,5,3,1,2,2,1,3,1,0.015078,41.328,0.000,99.028,,,
6210,1686,349,86,33,14,10,4,14,16,6,5,3,0,3,1,0,2,0.014266,41.362,0.000,99.028,,,
6215,1702,353,69,22,18,19,12,20,16,5,1,4,3,1,0,3,0,0.014333,41.362,0.000,99.035,,,
6220,1702,376,75,32,18,10,11,10,10,7,5,1,3,2,1,1,0,0.014365,41.379,0.000,99.028,,,
6225,1705,372,95,25,18,15,12,14,9,3,4,3,3,1,0,2,0,0.014644,41.383,0.000,99.035,,,
6230,1599,358,90,32,22,14,12,22,7,6,6,5,3,1,1,0,0,0.013908,41.417,0.000,99.028,,,
6235,1627,351,80,18,15,27,7,12,14,7,3,2,1,1,0,0,1,0.013880,41.426,0.000,99.028,,,
6240,1685,324,83,28,18,16,10,14,8,6,1,1,4,0,0,1,0,0.013822,41.434,0.000,99.035,,,
6245,1644,314,93,28,20,18,9,16,14,2,5,3,2,2,0,1,0,0.013739,41.447,0.000,99.028,,,
6250,1571,320,80,37,26,24,9,10,11,4,2,1,2,2,0,1,0,0.013331,41.447,0.000,99.035,,,
6255,1639,321,98,26,18,20,10,13,9,3,6,3,3,4,1,0,0,0.013815,41.489,0.000,99.035,,,
6260,1745,302,97,36,14,21,13,16,10,9,3,7,0,1,1,0,0,0.014440,41.489,0.000,99.028,,,
6265,1695,310,96,23,14,20,9,7,11,5,7,5,0,4,1,1,0,0.014062,41.502,0.000,99.035,,,
6270,1636,344,79,35,20,14,12,11,11,6,6,4,3,2,1,1,1,0.013949,41.511,0.000,99.028,,,
6275,1701,352,87,30,20,14,16,14,10,8,5,3,2,2,1,1,0,0.014390,41.528,0.000,99.028,,,
6280,1586,315,100,44,15,27,10,10,12,5,4,7,2,2,0,2,0,0.013712,41.553,0.000,99.035,,,
6285,1631,345,95,33,19,15,9,25,6,6,7,3,0,0,2,0,0,0.013955,41.553,0.000,99.028,,,
6290,1600,356,86,28,16,21,12,12,10,6,3,6,3,1,0,1,0,0.013939,41.570,0.000,99.028,,,
6295,1615,311,91,31,19,21,12,16,9,2,3,4,3,1,2,1,0,0.013713,41.574,0.000,99.028,,,
6300,1599,327,85,23,16,24,15,20,10,5,5,1,4,1,1,3,0,0.013663,41.600,0.000,99.041,,,
6305,1566,311,64,29,22,19,9,12,10,11,2,1,3,0,0,1,0,0.013185,41.617,0.000,99.028,,,
6310,1640,360,109,23,18,17,9,19,10,8,4,1,1,0,1,0,0,0.014283,41.617,0.000,99.028,,,
6315,1632,321,105,33,14,25,10,13,14,5,3,5,3,2,2,0,0,0.014008,41.634,0.000,99.041,,,
6320,1590,298,101,25,18,24,10,11,12,9,2,2,2,1,2,1,1,0.013514,41.638,0.000,99.028,,,
6325,1579,334,94,33,23,19,9,19,11,3,6,4,3,1,0,1,1,0.013772,41.655,0.000,99.028,,,
6330,1631,365,85,28,13,19,6,13,11,4,5,2,1,2,0,0,0,0.013747,41.681,0.000,99.028,,,
6335,1709,326,101,33,14,18,13,16,10,6,6,0,2,0,0,0,0,0.014466,41.681,0.000,99.028,,,
6340,1655,303,109,37,10,29,8,19,11,3,2,3,0,2,0,0,1,0.013948,41.685,0.000,99.035,,,
6345,1662,326,92,41,24,15,12,12,12,8,1,8,2,3,1,3,1,0.014341,41.702,0.000,99.028,,,
6350,1694,329,81,34,27,14,11,14,8,4,6,2,1,1,2,1,0,0.014184,41.702,0.000,99.028,,,
6355,1733,351,102,43,30,27,10,10,9,5,2,4,6,1,1,1,1,0.014971,41.719,0.000,99.035,,,
6360,1589,335,92,26,19,17,11,6,8,6,6,2,0,1,1,2,0,0.013639,41.736,0.000,99.028,,,
6365,1566,353,87,35,22,16,12,14,14,3,6,2,2,1,3,1,1,0.013788,41.745,0.000,99.028,,,
6370,1624,319,112,45,17,18,11,9,8,7,4,4,2,2,1,0,0,0.013968,41.762,0.000,99.028,,,
6375,1622,349,93,31,15,23,8,10,10,12,11,3,2,1,0,0,0,0.013939,41.766,0.000,99.041,,,
6380,1645,342,90,29,19,25,16,15,12,6,10,1,2,1,1,2,0,0.014179,41.783,0.000,99.035,,,
6385,1607,346,109,32,22,17,16,12,8,6,4,2,0,0,0,2,0,0.014038,41.809,0.000,99.028,,,
6390,1659,327,100,32,17,20,14,15,10,10,2,4,3,2,0,0,1,0.014093,41.809,0.000,99.041,,,
6395,1663,333,80,30,17,17,10,13,18,4,2,3,2,0,0,1,0,0.013835,41.821,0.000,99.035,,,
6400,1607,356,92,32,20,21,8,19,13,7,5,2,0,1,2,0,0,0.013989,41.830,0.000,99.041,,,
6405,1664,328,97,27,20,15,12,18,12,3,8,3,1,0,1,0,0,0.014098,41.830,0.000,99.028,,,
6410,1660,372,102,30,10,12,14,17,7,6,5,4,3,3,0,3,0,0.014428,41.872,0.000,99.028,,,
6415,1720,345,97,35,17,17,15,13,10,9,5,3,2,1,0,0,0,0.014456,41.872,0.000,99.035,,,
6420,1687,326,104,25,14,25,9,9,13,10,0,7,3,3,0,0,0,0.014253,41.881,0.000,99.035,,,
6425,1760,329,87,29,18,17,14,21,9,9,1,4,1,1,1,2,1,0.014619,41.894,0.000,99.035,,,
6430,1686,356,116,35,16,15,12,14,12,7,4,3,2,1,0,2,0,0.014663,41.902,0.000,99.028,,,
6435,1745,322,85,35,19,22,10,25,7,4,8,2,4,1,2,0,2,0.014567,41.936,0.000,99.035,,,
6440,1662,344,101,33,11,23,15,11,18,11,5,5,2,2,4,3,0,0.014671,41.936,0.000,99.028,,,
6445,1636,346,93,35,20,17,12,21,12,4,9,5,4,0,3,2,0,0.014253,41.962,0.000,99.035,,,
6450,1594,326,95,21,14,23,11,23,8,9,7,6,2,4,0,1,1,0.013807,41.979,0.000,99.022,,,
6455,1699,387,102,34,19,25,7,18,11,8,5,1,3,1,1,0,0,0.014946,41.979,0.000,99.028,,,
6460,1601,301,82,29,19,19,11,12,15,8,4,3,0,0,0,2,0,0.013419,42.000,0.000,99.035,,,
6465,1873,393,107,34,17,18,10,14,7,5,6,2,3,2,0,2,1,0.016008,42.000,0.000,99.035,,,
6470,1783,392,95,39,16,18,10,8,11,6,2,4,1,1,0,1,1,0.015262,42.018,0.000,99.028,,,
6475,1781,374,86,26,22,10,13,15,6,8,3,1,1,3,0,0,1,0.014942,42.044,0.000,99.035,,,
6480,1739,390,115,41,20,18,16,16,9,9,5,2,2,2,3,1,0,0.015411,42.049,0.000,99.028,,,
6485,1788,387,95,49,13,14,10,18,12,7,3,4,2,7,1,3,3,0.015399,42.067,0.000,99.035,,,
6490,1671,330,88,39,12,16,14,20,9,18,6,4,2,0,2,0,0,0.014239,42.067,0.000,99.035,,,
6495,1720,340,82,29,20,25,10,10,9,7,5,3,2,0,0,1,0,0.014357,42.102,0.000,99.035,,,
6500,1702,353,99,32,15,19,10,21,5,5,2,2,1,2,0,1,0,0.014415,42.111,0.000,99.035,,,
6505,1720,338,86,39,20,19,10,17,14,6,5,7,1,0,2,1,0,0.014425,42.116,0.000,99.028,,,
6510,1749,349,107,42,15,19,20,16,9,6,8,7,1,3,1,1,1,0.015103,42.133,0.000,99.041,,,
6515,1712,355,104,42,10,26,9,17,13,7,2,4,1,3,0,0,0,0.014683,42.133,0.000,99.028,,,
6520,1654,330,92,26,15,18,14,26,11,4,3,4,2,1,3,0,1,0.014200,42.178,0.000,99.028,,,
6525,1679,359,93,27,24,11,15,8,13,6,3,3,3,1,2,0,1,0.014393,42.178,0.000,99.035,,,
6530,1656,318,85,38,24,20,11,19,9,2,5,3,1,3,1,0,1,0.013974,42.178,0.000,99.035,,,
6535,1642,344,81,37,19,25,13,18,11,8,8,3,2,0,0,4,1,0.014449,42.200,0.000,99.028,,,
6540,1613,331,98,31,16,16,10,23,9,6,4,3,3,3,1,0,1,0.013868,42.200,0.000,99.035,,,
6545,1684,344,86,35,21,16,7,20,5,7,2,1,2,3,0,0,1,0.014286,42.227,0.000,99.035,,,
6550,1632,319,103,34,15,18,10,15,6,4,2,4,1,4,1,0,0,0.013842,42.244,0.000,99.028,,,
6555,1693,343,93,37,13,21,10,13,7,10,5,4,0,1,1,1,1,0.014372,42.267,0.000,99.028,,,
6560,1678,357,90,33,13,23,16,23,17,3,2,1,0,0,1,4,1,0.014373,42.267,0.000,99.028,,,
6565,1711,319,98,36,19,23,11,14,9,9,5,2,0,1,0,0,0,0.014484,42.284,0.000,99.035,,,
6570,1646,340,94,29,14,21,10,12,13,5,8,0,0,2,1,1,0,0.014062,42.311,0.000,99.041,,,
6575,1632,314,91,38,15,11,11,15,15,8,3,5,4,1,1,0,0,0.013877,42.316,0.000,99.028,,,
6580,1729,337,96,24,22,24,15,13,13,8,3,2,2,1,0,2,0,0.014652,42.333,0.000,99.035,,,
6585,1685,351,100,37,19,16,6,11,6,4,1,2,5,3,0,0,2,0.014312,42.333,0.000,99.053,,,
6590,1507,308,81,38,20,15,11,11,6,4,4,2,2,2,0,1,0,0.012858,42.369,0.000,99.028,,,
6595,1656,321,103,40,21,16,15,20,13,7,4,5,3,3,1,4,0,0.014381,42.378,0.000,99.028,,,
6600,1640,319,99,27,22,16,21,16,8,6,4,2,3,2,0,1,0,0.013991,42.387,0.000,99.028,,,
6605,1751,337,92,33,16,16,10,18,10,6,7,5,5,2,0,2,0,0.014766,42.400,0.000,99.028,,,
6610,1801,368,93,44,15,28,12,21,11,2,3,1,3,3,0,0,0,0.015397,42.418,0.000,99.035,,,
6615,1770,364,119,39,21,19,10,13,22,8,4,5,6,1,2,0,0,0.015542,42.444,0.000,99.035,,,
6620,1706,367,94,37,25,20,12,22,9,11,1,2,3,3,3,0,2,0.014997,42.444,0.000,99.035,,,
6625,1803,352,89,29,19,24,11,21,13,9,6,1,0,1,2,1,0,0.015147,42.449,0.000,99.035,,,
6630,1694,344,93,43,24,22,15,14,12,6,5,2,2,0,0,0,0,0.014617,42.467,0.000,99.035,,,
6635,1838,358,100,37,27,20,14,18,11,7,5,0,2,2,0,2,0,0.015584,42.467,0.000,99.035,,,
6640,1757,384,116,45,24,23,13,16,11,5,8,5,6,2,1,2,0,0.015674,42.493,0.000,99.035,,,
6645,1769,360,106,38,23,24,13,21,16,6,4,3,1,5,0,1,1,0.015281,42.511,0.000,99.041,,,
6650,1795,348,102,32,31,23,13,16,8,9,9,8,3,1,1,1,0,0.015325,42.516,0.000,99.035,,,
6655,1796,384,88,35,18,19,14,16,11,1,1,1,3,3,1,2,0,0.015229,42.529,0.000,99.035,,,
6660,1742,335,90,42,21,18,13,18,10,11,7,2,4,1,1,0,0,0.014804,42.533,0.000,99.028,,,
6665,1772,344,109,34,16,24,10,16,8,5,7,2,5,1,0,1,0,0.015004,42.533,0.000,99.035,,,
6670,1717,364,104,35,25,22,12,18,5,4,7,4,2,1,1,0,0,0.014882,42.569,0.000,99.041,,,
6675,1875,405,113,34,23,14,8,20,13,5,4,3,2,2,0,1,0,0.016145,42.578,0.000,99.028,,,
6680,1945,385,105,23,20,25,8,19,14,9,3,1,3,1,1,0,0,0.016269,42.587,0.000,99.035,,,
6685,1852,368,124,45,19,26,7,15,12,5,5,4,2,1,1,1,1,0.015934,42.622,0.000,99.028,,,
6690,2008,444,111,34,16,20,12,17,4,7,4,3,3,3,2,0,0,0.017239,42.622,0.000,99.047,,,
6695,1866,410,116,52,21,29,11,13,18,5,5,3,3,0,2,0,0,0.016608,42.627,0.000,99.047,,,
6700,1839,388,118,40,20,22,16,20,12,5,6,2,5,2,1,1,0,0.016122,42.644,0.000,99.041,,,
6705,1760,370,120,44,25,29,9,16,10,8,7,4,2,1,2,0,1,0.015652,42.644,0.000,99.035,,,
6710,1733,349,103,26,25,20,15,18,9,6,4,2,2,0,0,2,0,0.014870,42.653,0.000,99.035,,,
6715,1794,378,84,35,24,34,13,14,13,13,2,1,3,3,1,1,0,0.015306,42.689,0.000,99.041,,,
6720,1774,357,84,34,18,20,18,12,9,4,3,2,3,4,1,2,0,0.014963,42.689,0.000,99.041,,,
6725,1763,390,115,35,24,22,13,14,11,3,10,1,0,1,0,2,0,0.015491,42.693,0.000,99.053,,,
6730,1809,397,122,34,25,19,15,24,11,10,8,5,3,2,4,3,0,0.016343,42.711,0.000,99.053,,,
6735,1732,347,107,50,17,29,16,16,21,6,3,3,2,0,2,0,1,0.015112,42.711,0.000,99.047,,,
6740,1748,399,111,43,26,27,16,25,16,11,1,0,2,4,2,1,2,0.015852,42.720,0.000,99.041,,,
6745,1759,381,114,36,24,26,15,19,8,7,4,2,2,1,1,1,0,0.015466,42.756,0.000,99.047,,,
6750,1664,378,114,37,21,15,15,15,14,5,5,6,2,2,1,0,1,0.014839,42.756,0.000,99.053,,,
6755,1737,344,91,47,20,22,15,20,12,4,6,3,2,1,1,3,0,0.014842,42.756,0.000,99.041,,,
6760,1622,351,99,41,19,14,14,14,11,10,6,1,3,3,1,1,0,0.014275,42.769,0.000,99.041,,,
6765,1776,361,105,34,22,17,17,22,13,11,4,8,0,2,2,0,2,0.015503,42.778,0.000,99.028,,,
6770,1735,360,114,39,20,25,12,15,11,5,2,2,3,1,1,2,0,0.015068,42.778,0.000,99.047,,,
6775,1714,389,104,34,11,20,11,18,17,9,6,2,4,3,0,0,0,0.015048,42.796,0.000,99.053,,,
6780,1713,358,115,36,20,27,8,18,6,4,3,6,4,0,0,0,0,0.014965,42.822,0.000,99.047,,,
6785,1796,360,108,35,26,15,12,22,11,10,6,2,1,1,2,0,0,0.015530,42.822,0.000,99.028,,,
6790,1925,406,117,34,18,25,9,19,12,5,5,4,2,4,0,1,0,0.016718,42.831,0.000,99.047,,,
6795,2179,553,150,41,19,24,13,20,13,2,6,1,3,2,1,1,0,0.019669,42.844,0.000,99.041,,,
6800,2543,695,197,30,27,24,11,16,18,6,6,2,3,2,1,0,0,0.023301,42.844,0.000,99.047,,,
6805,2557,623,142,55,18,31,17,17,13,8,4,5,2,3,5,0,1,0.022366,42.844,0.000,99.041,,,
6810,2176,433,107,44,20,20,19,26,11,10,3,2,1,0,1,1,0,0.018338,42.889,0.000,99.053,,,
6815,2032,498,111,42,25,19,9,17,7,10,0,3,5,1,0,0,0,0.017678,42.889,0.000,99.060,,,
6820,2013,446,109,37,19,25,9,10,19,7,7,4,3,2,2,1,0,0.017448,42.893,0.000,99.047,,,
6825,1808,338,100,40,23,24,14,16,11,10,7,1,5,1,0,0,0,0.015214,42.911,0.000,99.053,,,
6830,1781,350,103,43,16,20,17,17,7,5,4,1,2,2,1,0,0,0.015124,42.911,0.000,99.060,,,
6835,1626,322,88,36,16,28,16,15,6,8,4,2,1,1,2,1,0,0.013840,42.929,0.000,99.047,,,
6840,1639,361,111,43,16,27,15,10,9,8,9,2,1,1,1,0,0,0.014529,42.956,0.000,99.060,,,
6845,1664,351,90,27,25,16,9,18,7,7,10,4,0,2,0,1,0,0.014392,42.956,0.000,99.053,,,
6850,1616,300,87,22,21,16,13,22,13,10,2,3,1,4,2,2,1,0.013534,42.969,0.000,99.053,,,
6855,1625,318,88,27,22,15,10,13,6,8,2,1,2,3,2,0,0,0.013589,42.978,0.000,99.053,,,
6860,1611,339,68,28,11,20,9,16,12,2,3,4,5,1,2,2,0,0.013390,42.978,0.000,99.041,,,
6865,1594,298,80,23,18,21,11,9,10,7,7,1,1,0,1,0,0,0.013216,43.013,0.000,99.047,,,
6870,1619,314,78,31,26,16,10,17,15,8,3,2,1,2,0,0,0,0.013606,43.022,0.000,99.053,,,
6875,1582,310,68,21,19,12,12,13,11,2,3,2,2,3,0,1,0,0.012908,43.022,0.000,99.047,,,
6880,1612,313,87,21,15,21,12,16,12,7,4,0,0,1,1,0,0,0.013358,43.031,0.000,99.053,,,
6885,1564,286,77,33,14,14,11,14,11,7,4,6,0,3,0,3,1,0.012970,43.044,0.000,99.053,,,
6890,1601,286,73,24,11,13,14,12,7,7,2,1,1,0,1,2,0,0.012883,43.044,0.000,99.047,,,
6895,1532,298,90,23,21,15,9,10,12,7,2,3,3,1,1,1,0,0.012856,43.044,0.000,99.047,,,
6900,1608,271,73,22,14,15,9,19,12,5,4,3,1,1,1,1,0,0.012982,43.071,0.000,99.060,,,
6905,1654,297,77,28,17,13,11,15,16,5,4,3,0,2,1,2,0,0.013362,43.089,0.000,99.053,,,
6910,1598,288,77,30,14,11,10,16,9,4,1,2,2,2,0,0,1,0.012992,43.089,0.000,99.047,,,
6915,1612,298,78,27,18,13,11,17,10,6,5,0,6,3,0,1,0,0.013152,43.089,0.000,99.053,,,
6920,1496,277,62,34,9,17,10,6,10,3,1,3,2,0,1,1,1,0.012207,43.111,0.000,99.047,,,
6925,1569,284,68,37,16,25,13,22,13,7,3,4,2,2,1,3,1,0.012635,43.111,0.000,99.047,,,
6930,1623,249,73,36,13,20,12,13,6,5,4,4,1,1,1,1,0,0.013466,43.111,0.000,99.053,,,
6935,1592,313,80,29,19,18,16,20,12,8,1,6,0,1,0,0,0,0.013267,43.138,0.000,99.053,,,
6940,1585,294,78,21,11,10,10,19,12,8,0,1,3,1,1,2,0,0.012834,43.156,0.000,99.047,,,
6945,1565,290,68,24,12,20,6,11,7,5,5,5,1,1,1,1,1,0.012763,43.156,0.000,99.047,,,
6950,1588,287,81,26,12,12,10,12,12,11,2,2,1,3,1,0,0,0.012919,43.173,0.000,99.053,,,
6955,1647,293,79,27,24,12,11,10,10,5,4,2,5,1,0,1,1,0.013314,43.178,0.000,99.060,,,
6960,1515,286,71,29,12,19,6,17,15,5,3,3,2,0,2,0,2,0.012440,43.178,0.000,99.053,,,
6965,1608,323,72,30,14,10,11,18,11,6,3,4,2,0,0,0,0,0.013288,43.213,0.000,99.053,,,
6970,1648,271,74,32,10,26,15,20,7,3,2,4,2,1,1,1,0,0.013188,43.222,0.000,99.053,,,
6975,1620,310,64,19,17,14,11,17,9,3,5,2,1,1,0,2,0,0.013132,43.222,0.000,99.060,,,
6980,1651,317,76,29,12,18,12,15,8,7,2,2,1,0,0,0,0,0.013504,43.249,0.000,99.047,,,
6985,1612,290,62,19,20,19,19,16,8,9,2,2,2,3,2,1,0,0.013069,43.267,0.000,99.053,,,
6990,1586,316,65,21,10,16,23,7,9,6,4,2,2,1,0,1,0,0.013115,43.280,0.000,99.053,,,
6995,1579,283,70,31,13,11,11,11,7,4,5,4,4,0,1,1,0,0.012699,43.289,0.000,99.047,,,
7000,1579,268,73,27,13,24,12,4,12,4,4,5,2,1,1,1,0,0.012881,43.298,0.000,99.053,,,
7005,1580,280,72,25,22,13,9,15,11,3,3,3,4,2,0,0,0,0.012633,43.333,0.000,99.053,,,
7010,1523,251,67,26,14,5,8,12,7,7,5,1,1,2,0,2,0,0.012159,43.333,0.000,99.053,,,
7015,1559,291,65,27,13,15,12,14,9,8,4,3,5,2,0,1,0,0.012648,43.338,0.000,99.060,,,
7020,1594,281,88,23,16,22,9,15,9,5,1,2,1,0,1,2,0,0.013068,43.356,0.000,99.060,,,
7025,1564,251,55,25,10,8,9,19,10,4,4,2,1,2,0,1,1,0.012234,43.356,0.000,99.053,,,
7030,1576,261,65,18,12,13,12,16,12,9,3,4,1,2,0,0,1,0.012472,43.373,0.000,99.060,,,
7035,1531,302,73,24,15,14,9,16,10,4,5,3,0,0,1,1,1,0.012533,43.391,0.000,99.041,,,
7040,1522,292,67,19,20,15,7,8,12,4,2,3,2,2,1,0,0,0.012315,43.400,0.000,99.060,,,
7045,1523,265,76,21,15,16,15,12,12,4,4,2,4,1,0,0,1,0.012278,43.422,0.000,99.035,,,
7050,1588,289,66,18,13,18,10,16,7,7,3,1,2,2,4,0,0,0.012676,43.422,0.000,99.035,,,
7055,1568,269,61,25,14,14,9,15,7,10,3,3,2,2,0,3,0,0.012428,43.449,0.000,99.060,,,
7060,1578,271,58,27,15,14,12,18,6,5,3,3,4,2,2,0,1,0.012551,43.458,0.000,99.053,,,
7065,1597,289,61,30,9,16,19,11,8,6,2,5,3,2,0,0,0,0.012786,43.471,0.000,99.060,,,
7070,1592,272,61,27,21,22,9,11,18,13,1,6,3,4,1,1,0,0.013038,43.489,0.000,99.053,,,
7075,1554,256,66,32,17,24,8,5,7,10,3,5,2,2,1,2,0,0.012570,43.489,0.000,99.060,,,
7080,1528,273,77,28,10,8,17,11,7,7,5,1,2,2,0,3,0,0.012399,43.524,0.000,99.053,,,
7085,1539,271,58,25,12,24,9,11,13,10,4,1,2,0,0,1,1,0.012375,43.533,0.000,99.053,,,
7090,1565,241,63,31,15,29,10,13,11,9,5,1,3,1,1,2,1,0.012631,43.542,0.000,99.053,,,
7095,1576,282,77,22,15,15,11,12,9,5,5,3,4,1,1,1,0,0.012715,43.556,0.000,99.041,,,
7100,1576,285,67,22,7,19,20,7,6,5,3,4,2,0,0,0,0,0.012539,43.564,0.000,99.060,,,
7105,1623,295,78,20,16,23,9,11,11,6,8,2,0,2,0,3,1,0.013186,43.600,0.000,99.053,,,
7110,1716,292,63,33,16,19,11,17,4,2,4,3,1,2,1,0,1,0.013632,43.600,0.000,99.047,,,
7115,1532,317,79,26,16,13,6,10,5,7,4,3,3,2,1,0,0,0.012739,43.618,0.000,99.060,,,
7120,1563,270,71,14,14,15,5,10,13,4,5,2,3,0,1,0,1,0.012314,43.622,0.000,99.060,,,
7125,1566,249,60,27,27,18,11,19,9,2,3,1,2,2,2,0,0,0.012485,43.640,0.000,99.060,,,
7130,1591,249,73,30,16,16,10,13,11,6,2,5,0,0,0,2,1,0.012621,43.667,0.000,99.060,,,
7135,1568,272,44,23,12,15,10,12,9,4,6,2,1,1,0,2,0,0.012382,43.671,0.000,99.053,,,
7140,1605,292,69,24,17,19,8,5,11,5,4,0,2,2,2,1,2,0.012902,43.689,0.000,99.060,,,
7145,1567,293,70,30,11,14,10,13,10,6,3,1,2,1,0,0,1,0.012708,43.689,0.000,99.053,,,
7150,1643,255,79,19,18,14,12,20,17,9,5,2,0,1,1,0,1,0.013160,43.707,0.000,99.060,,,
7155,1545,275,71,25,17,23,7,15,12,5,12,2,1,1,2,0,0,0.012705,43.733,0.000,99.060,,,
7160,1584,279,69,21,11,17,11,21,8,13,5,4,1,1,1,0,0,0.012758,43.733,0.000,99.053,,,
7165,1512,281,62,21,16,16,11,14,7,4,6,3,1,3,1,2,0,0.012336,43.756,0.000,99.060,,,
7170,1596,277,78,31,11,19,5,8,6,5,1,0,3,0,1,1,0,0.012878,43.756,0.000,99.053,,,
7175,1550,273,56,21,14,20,6,15,4,6,4,1,1,1,2,0,0,0.012233,43.782,0.000,99.066,,,
7180,1550,297,63,22,13,19,13,9,8,7,5,2,5,0,0,0,0,0.012673,43.800,0.000,99.053,,,
7185,1548,293,83,14,11,10,5,13,10,2,5,2,1,0,2,1,0,0.012496,43.809,0.000,99.053,,,
7190,1554,281,59,22,8,11,11,10,6,6,3,3,1,0,1,1,0,0.012408,43.818,0.000,99.047,,,
7195,1565,313,65,23,11,18,11,13,4,9,4,4,4,1,4,2,0,0.012961,43.822,0.000,99.060,,,
7200,1548,273,58,31,13,17,7,11,15,14,3,4,4,2,0,1,0,0.012502,43.831,0.000,99.053,,,
7205,1574,272,62,27,17,30,12,10,8,7,5,3,1,0,2,4,0,0.012732,43.867,0.000,99.060,,,
7210,1572,315,69,22,11,21,8,14,19,9,7,2,2,2,1,1,1,0.013130,43.867,0.000,99.053,,,
7215,1561,281,72,18,23,16,7,10,8,6,5,6,2,3,1,1,0,0.012681,43.867,0.000,99.060,,,
7220,1612,325,84,27,12,12,13,17,14,6,7,1,2,3,3,0,0,0.013638,43.902,0.000,99.060,,,
7225,1575,312,57,25,15,14,14,10,10,7,3,3,1,2,2,1,0,0.012939,43.911,0.000,99.053,,,
7230,1604,311,61,30,17,16,12,9,10,12,1,1,1,0,3,0,1,0.013021,43.933,0.000,99.060,,,
7235,1570,311,68,25,11,10,8,17,8,7,5,2,1,3,1,3,0,0.012966,43.933,0.000,99.060,,,
7240,1580,333,88,21,11,9,5,11,13,3,4,1,2,1,1,0,1,0.013185,43.969,0.000,99.060,,,
7245,1728,351,75,15,14,26,19,5,10,2,5,2,3,2,0,3,1,0.014284,43.978,0.000,99.053,,,
7250,1552,340,93,30,12,26,11,5,9,8,5,3,1,1,0,0,0,0.013251,43.991,0.000,99.060,,,
7255,1573,315,67,28,14,17,8,13,10,10,3,3,2,2,1,0,1,0.012970,44.000,0.000,99.060,,,
7260,1570,311,61,22,17,19,10,13,15,15,0,2,2,0,1,2,1,0.013117,44.009,0.000,99.060,,,
7265,1562,288,80,32,16,15,11,9,10,4,6,3,2,2,0,0,0,0.012816,44.045,0.000,99.060,,,
7270,1643,327,72,23,14,14,11,21,10,7,2,1,0,0,0,0,3,0.013353,44.055,0.000,99.060,,,
7275,1614,298,86,24,14,14,8,10,9,4,3,5,0,2,0,0,1,0.013193,44.068,0.000,99.060,,,
7280,1728,369,105,32,16,16,15,16,9,5,5,3,1,2,1,2,1,0.014759,44.086,0.000,99.060,,,
7285,1704,328,79,24,15,26,8,14,13,7,6,1,3,0,0,0,1,0.014064,44.114,0.000,99.060,,,
7290,1727,316,70,29,13,13,12,16,14,5,8,2,4,1,1,1,0,0.013881,44.118,0.000,99.060,,,
7295,1632,338,85,31,9,17,5,15,7,4,3,1,2,1,1,0,1,0.013580,44.136,0.000,99.053,,,
7300,1589,293,89,27,10,17,11,11,9,5,4,3,1,0,0,1,0,0.012881,44.136,0.000,99.060,,,
7305,1569,310,87,22,11,21,14,19,4,4,5,0,6,1,1,0,0,0.013071,44.164,0.000,99.060,,,
7310,1586,302,66,23,10,21,11,15,9,10,5,3,3,0,0,1,0,0.012932,44.182,0.000,99.060,,,
7315,1582,271,58,20,16,14,6,15,11,6,2,0,2,0,0,1,3,0.012586,44.186,0.000,99.066,,,
7320,1547,283,68,21,10,17,5,15,8,5,4,3,1,1,1,2,0,0.012408,44.205,0.000,99.060,,,
7325,1616,292,83,19,14,13,12,11,12,6,5,3,3,3,3,1,1,0.013186,44.232,0.000,99.060,,,
7330,1630,273,71,23,11,11,12,14,12,10,2,1,0,2,1,1,0,0.013035,44.250,0.000,99.060,,,
7335,1715,310,71,22,18,13,17,10,6,2,5,2,2,1,1,2,0,0.013620,44.255,0.000,99.060,,,
7340,1601,309,79,22,9,12,10,9,10,6,5,5,3,2,3,0,1,0.013253,44.273,0.000,99.060,,,
7345,1580,293,67,14,17,18,10,13,11,9,2,1,4,2,1,2,0,0.012780,44.273,0.000,99.066,,,
7350,1702,341,82,23,17,15,11,16,8,6,5,1,0,1,0,1,0,0.014102,44.300,0.000,99.047,,,
7355,1598,318,94,24,8,15,9,10,13,8,2,3,3,2,1,1,1,0.013373,44.318,0.000,99.060,,,
7360,1682,340,61,14,13,15,9,8,8,3,4,0,0,2,3,1,0,0.013415,44.323,0.000,99.060,,,
7365,1632,267,70,23,16,9,11,12,11,5,2,4,1,0,0,0,1,0.012788,44.341,0.000,99.060,,,
7370,1745,328,59,20,15,14,16,11,7,8,5,4,2,0,1,0,0,0.013871,44.341,0.000,99.060,,,
7375,1581,295,88,15,13,18,4,17,8,8,5,0,3,3,0,0,0,0.012910,44.386,0.000,99.060,,,
7380,1503,253,60,26,15,13,9,12,9,4,1,1,2,1,1,1,0,0.011900,44.386,0.000,99.060,,,
7385,1512,283,61,15,15,13,11,13,8,3,5,0,1,1,0,1,0,0.012172,44.400,0.000,99.060,,,
7390,1535,272,54,13,13,12,11,13,7,4,3,4,1,0,0,1,2,0.012122,44.409,0.000,99.060,,,
7395,1597,310,94,22,14,23,8,17,6,10,3,1,1,2,1,2,0,0.013397,44.409,0.000,99.060,,,
7400,1596,293,69,27,15,13,12,7,7,8,1,1,1,0,0,0,0,0.013000,44.455,0.000,99.047,,,
7405,1817,372,77,30,23,16,5,13,10,8,8,4,0,3,0,0,0,0.015290,44.455,0.000,99.047,,,
7410,1852,380,76,28,13,12,7,16,13,4,4,1,6,0,0,1,0,0.015252,44.455,0.000,99.060,,,
7415,1872,364,74,27,14,16,10,16,10,9,3,3,0,1,0,0,2,0.015297,44.473,0.000,99.053,,,
7420,1907,319,76,21,16,14,6,6,13,4,6,4,1,3,1,0,1,0.015128,44.477,0.000,99.053,,,
7425,1689,316,63,19,13,19,9,12,10,6,3,2,0,0,2,0,1,0.013531,44.505,0.000,99.060,,,
7430,1603,255,65,22,4,17,9,8,11,7,2,3,0,0,1,0,2,0.012629,44.523,0.000,99.047,,,
7435,1612,306,71,21,15,20,14,14,12,4,1,2,0,0,1,0,1,0.013207,44.523,0.000,99.053,,,
7440,1565,306,84,30,8,14,10,17,7,2,6,3,1,1,0,0,1,0.013110,44.559,0.000,99.053,,,
7445,1594,288,69,34,14,13,9,10,6,3,3,4,2,2,1,2,0,0.012988,44.568,0.000,99.053,,,
7450,1573,270,67,22,12,17,9,12,5,2,5,4,2,0,0,0,0,0.012518,44.568,0.000,99.053,,,
7455,1668,284,58,23,9,17,11,13,14,4,8,2,1,2,0,0,1,0.013143,44.586,0.000,99.060,,,
7460,1740,290,60,18,15,14,8,13,6,7,3,5,3,3,1,0,0,0.013608,44.591,0.000,99.060,,,
7465,1774,304,72,26,17,20,10,18,8,4,2,9,2,2,2,0,0,0.014127,44.591,0.000,99.053,,,
7470,1811,309,68,26,13,18,11,11,10,3,4,2,2,1,1,0,0,0.014318,44.627,0.000,99.053,,,
7475,1782,330,71,27,12,14,8,15,12,10,4,5,4,1,0,1,0,0.014524,44.636,0.000,99.053,,,
7480,1749,303,72,30,12,17,8,17,8,3,2,3,2,2,2,0,0,0.014084,44.636,0.000,99.060,,,
7485,1900,341,58,26,13,16,14,15,10,6,3,3,1,0,1,0,0,0.015089,44.645,0.000,99.060,,,
7490,1639,272,60,13,8,15,8,16,6,5,4,1,2,0,1,2,0,0.012802,44.659,0.000,99.053,,,
7495,1864,338,86,33,13,18,13,17,12,13,3,6,3,3,1,2,1,0.015365,44.659,0.000,99.060,,,
7500,1853,383,69,29,18,21,13,17,15,15,3,3,3,2,1,0,0,0.015604,44.695,0.000,99.072,,,
7505,1879,346,75,22,15,22,9,14,12,6,5,3,4,0,3,4,1,0.015461,44.705,0.000,99.066,,,
7510,1826,352,84,22,18,13,14,13,8,3,2,2,1,0,0,0,1,0.014849,44.705,0.000,99.060,,,
7515,1792,331,65,27,6,10,4,15,11,6,3,2,0,1,0,0,0,0.014091,44.718,0.000,99.060,,,
7520,1774,291,74,21,14,12,6,13,6,8,4,2,3,1,0,1,0,0.014008,44.727,0.000,99.078,,,
7525,1758,314,71,27,14,19,9,10,13,5,5,2,1,0,3,0,2,0.014134,44.727,0.000,99.072,,,
7530,1633,333,69,21,18,14,11,13,10,5,4,2,2,0,2,0,1,0.013559,44.727,0.000,99.072,,,
7535,1624,245,55,22,12,13,13,16,11,9,2,0,1,0,0,0,0,0.012661,44.773,0.000,99.060,,,
7540,1629,272,74,24,17,18,11,17,9,5,6,5,8,1,0,0,1,0.013306,44.773,0.000,99.072,,,
7545,1566,315,54,24,10,13,4,12,11,7,5,3,0,4,2,1,0,0.012761,44.773,0.000,99.066,,,
7550,1537,272,62,20,14,16,10,19,11,5,2,1,3,0,1,1,0,0.012523,44.782,0.000,99.078,,,
7555,1641,256,71,25,13,8,3,17,8,6,3,5,2,1,0,3,1,0.012917,44.795,0.000,99.072,,,
7560,1514,271,63,26,13,17,4,14,8,5,2,1,2,0,0,2,0,0.012231,44.795,0.000,99.066,,,
7565,1522,295,55,15,11,17,12,14,6,6,4,4,1,1,1,0,0,0.012257,44.805,0.000,99.078,,,
7570,1573,279,66,25,17,23,7,16,7,9,6,5,5,1,1,0,0,0.012944,44.841,0.000,99.078,,,
7575,1542,259,57,17,12,18,8,17,13,3,5,1,1,1,1,1,0,0.012441,44.841,0.000,99.060,,,
7580,1541,276,56,18,14,8,15,9,5,5,2,3,4,2,0,1,1,0.012175,44.841,0.000,99.066,,,
7585,1522,273,58,31,16,17,9,9,7,6,4,0,1,1,1,0,0,0.012258,44.864,0.000,99.066,,,
7590,1579,255,60,27,11,16,10,15,6,5,4,2,0,0,2,2,0,0.012459,44.864,0.000,99.072,,,
7595,1570,271,67,26,10,14,10,11,14,2,3,1,2,2,0,3,1,0.012620,44.864,0.000,99.066,,,
7600,1527,267,62,27,13,24,10,18,9,5,2,3,2,3,0,0,0,0.012317,44.873,0.000,99.078,,,
7605,1486,295,71,27,13,23,8,21,9,7,7,2,5,3,1,1,0,0.012569,44.909,0.000,99.060,,,
7610,1562,269,76,23,8,24,8,14,18,6,1,1,0,1,0,0,1,0.012725,44.909,0.000,99.084,,,
7615,1594,280,55,21,9,15,11,18,12,7,3,3,2,1,1,0,0,0.012625,44.909,0.000,99.078,,,
7620,1566,259,66,26,13,14,11,16,10,1,4,1,2,0,1,0,0,0.012442,44.927,0.000,99.078,,,
7625,1546,268,56,27,19,18,12,10,5,7,3,3,1,0,0,2,2,0.012475,44.932,0.000,99.072,,,
7630,1590,300,54,26,18,17,9,12,9,4,2,3,2,0,0,1,0,0.012809,44.932,0.000,99.078,,,
7635,1612,253,71,19,15,18,6,13,12,3,2,2,3,2,0,2,2,0.012717,44.932,0.000,99.078,,,
7640,1581,272,55,19,14,17,13,17,11,4,1,1,0,1,0,0,0,0.012484,44.977,0.000,99.072,,,
7645,1587,258,65,20,12,21,14,14,12,2,1,1,0,2,0,0,0,0.012480,44.977,0.000,99.078,,,
7650,1569,261,60,29,15,15,7,17,12,4,1,6,3,0,1,1,0,0.012485,44.977,0.000,99.072,,,
7655,1581,278,60,24,14,16,10,20,6,8,9,4,2,4,2,3,0,0.012806,44.995,0.000,99.078,,,
7660,1510,315,60,26,10,22,12,9,17,5,4,2,2,0,2,1,0,0.012510,45.000,0.000,99.078,,,
7665,1558,296,54,26,20,18,16,7,6,5,5,0,2,0,0,0,1,0.012547,45.019,0.000,99.072,,,
7670,1564,271,67,22,11,21,12,17,7,4,5,1,2,2,1,1,0,0.012681,45.047,0.000,99.072,,,
7675,1534,266,75,18,13,15,9,15,9,7,7,2,1,0,3,0,0,0.012395,45.047,0.000,99.078,,,
7680,1578,251,68,20,11,15,8,16,10,7,2,0,2,0,2,1,0,0.012428,45.056,0.000,99.078,,,
7685,1574,281,62,18,15,13,7,12,16,10,3,1,3,0,1,1,1,0.012589,45.070,0.000,99.084,,,
7690,1553,260,63,24,19,20,13,14,9,5,4,2,0,2,0,1,0,0.012349,45.070,0.000,99.084,,,
7695,1591,270,69,24,11,16,15,17,13,8,2,4,2,1,2,1,0,0.012775,45.079,0.000,99.084,,,
7700,1535,241,76,19,10,13,14,13,10,8,6,1,2,1,0,0,0,0.012300,45.116,0.000,99.084,,,
7705,1582,270,64,29,6,19,13,18,7,12,4,2,1,3,0,0,0,0.012720,45.116,0.000,99.072,,,
7710,1625,257,76,32,10,15,8,19,11,7,1,5,0,1,1,0,0,0.013135,45.116,0.000,99.091,,,
7715,1622,301,65,24,16,12,10,12,15,7,3,1,6,2,1,2,1,0.013230,45.126,0.000,99.078,,,
7720,1581,300,58,25,14,11,14,15,8,7,2,2,1,2,0,0,1,0.012824,45.140,0.000,99.084,,,
7725,1631,303,68,26,11,22,15,11,10,5,2,2,2,2,3,0,0,0.013432,45.140,0.000,99.072,,,
7730,1592,260,64,35,14,12,13,17,8,8,5,5,4,2,4,1,0,0.012868,45.167,0.000,99.084,,,
7735,1647,277,67,20,9,16,8,18,3,8,8,3,2,4,1,3,0,0.013147,45.186,0.000,99.078,,,
7740,1609,277,71,25,12,13,6,19,8,5,4,5,0,2,0,0,1,0.012739,45.186,0.000,99.084,,,
7745,1604,319,79,33,18,16,12,17,7,5,5,3,2,1,3,0,0,0.013430,45.186,0.000,99.072,,,
7750,1610,290,68,20,14,14,9,7,10,4,5,3,2,3,0,0,0,0.012871,45.214,0.000,99.091,,,
7755,1586,275,52,23,13,11,13,12,7,9,2,1,2,1,1,0,0,0.012620,45.233,0.000,99.084,,,
7760,1622,284,68,32,16,17,8,16,10,7,0,6,2,0,0,3,1,0.013243,45.233,0.000,99.091,,,
7765,1639,293,65,24,16,15,11,16,12,2,5,1,2,1,2,3,1,0.013344,45.233,0.000,99.072,,,
7770,1594,255,46,29,15,15,10,8,7,2,2,0,1,1,0,0,1,0.012261,45.256,0.000,99.084,,,
7775,1648,257,47,24,16,19,7,16,9,0,2,1,1,0,0,1,1,0.012738,45.256,0.000,99.091,,,
7780,1663,315,81,21,13,17,15,18,14,5,1,4,3,0,0,1,0,0.013500,45.256,0.000,99.078,,,
7785,1591,273,76,31,20,15,16,17,11,5,2,5,0,1,0,1,1,0.012985,45.274,0.000,99.078,,,
7790,1637,280,68,18,13,17,15,14,15,10,1,3,1,0,0,0,1,0.013114,45.302,0.000,99.078,,,
7795,1570,278,59,27,19,13,10,12,4,6,2,3,2,1,1,0,0,0.012604,45.302,0.000,99.084,,,
7800,1633,275,74,22,12,9,10,13,13,9,2,3,0,3,0,1,1,0.013045,45.312,0.000,99.084,,,
7805,1640,293,52,30,11,16,9,18,11,4,1,6,2,2,0,2,0,0.013024,45.326,0.000,99.084,,,
7810,1611,283,58,25,9,22,13,14,10,10,3,3,2,1,0,0,0,0.012931,45.326,0.000,99.078,,,
7815,1575,288,56,27,8,21,9,13,8,8,4,2,2,4,0,0,2,0.012646,45.326,0.000,99.078,,,
7820,1582,265,57,18,14,15,7,18,15,8,3,6,3,1,2,0,0,0.012663,45.363,0.000,99.072,,,
7825,1596,282,75,33,14,17,9,14,12,12,4,4,4,1,0,1,0,0.013224,45.372,0.000,99.084,,,
7830,1591,294,74,30,10,16,10,15,6,2,1,0,1,0,0,0,0,0.012726,45.372,0.000,99.078,,,
7835,1632,281,68,31,15,18,11,10,13,10,2,4,0,4,2,0,1,0.013086,45.372,0.000,99.078,,,
7840,1652,290,63,28,11,12,8,16,11,6,4,4,1,4,2,0,0,0.013146,45.395,0.000,99.078,,,
7845,1633,288,61,24,17,19,9,13,10,6,5,3,2,3,0,0,0,0.013085,45.395,0.000,99.078,,,
7850,1543,254,68,26,12,16,11,19,15,2,5,4,1,3,1,0,0,0.012467,45.405,0.000,99.084,,,
7855,1603,281,78,22,12,13,6,13,8,10,5,2,2,3,0,2,0,0.012851,45.423,0.000,99.084,,,
7860,1531,266,77,25,18,10,7,19,7,5,2,2,4,1,0,1,0,0.012364,45.442,0.000,99.084,,,
7865,1632,270,68,24,15,15,8,16,13,7,5,2,2,2,1,1,0,0.012972,45.442,0.000,99.078,,,
7870,1659,301,68,24,16,20,10,12,11,8,2,2,1,2,0,1,0,0.013410,45.456,0.000,99.072,,,
7875,1660,296,56,24,7,12,11,14,8,12,6,2,1,1,0,0,1,0.013180,45.465,0.000,99.078,,,
7880,1672,288,69,21,19,12,11,16,8,7,5,7,3,1,0,0,1,0.013472,45.465,0.000,99.078,,,
7885,1604,305,74,24,10,19,8,12,10,6,2,5,2,4,1,1,1,0.013066,45.512,0.000,99.084,,,
7890,1664,239,69,17,15,20,11,13,8,6,4,6,1,1,0,0,1,0.012968,45.512,0.000,99.084,,,
7895,1598,258,66,28,14,19,15,16,7,2,4,1,0,0,1,0,0,0.012553,45.526,0.000,99.084,,,
7900,1656,293,63,16,17,14,11,22,5,8,3,3,1,1,1,1,0,0.013339,45.535,0.000,99.084,,,
7905,1544,266,65,23,17,17,16,13,11,4,1,3,1,0,2,2,0,0.012455,45.535,0.000,99.084,,,
7910,1658,278,63,9,15,20,7,11,15,6,3,2,2,1,2,1,1,0.012922,45.563,0.000,99.084,,,
7915,1604,294,61,23,11,10,15,17,10,7,3,4,4,2,0,0,0,0.013030,45.581,0.000,99.091,,,
7920,1627,268,76,29,20,16,7,10,15,5,4,2,3,2,0,0,0,0.013137,45.581,0.000,99.072,,,
7925,1608,289,68,24,6,14,12,17,11,4,1,3,1,2,0,0,0,0.012904,45.581,0.000,99.084,,,
7930,1583,282,75,21,17,21,11,7,10,9,2,4,2,1,1,1,0,0.012831,45.605,0.000,99.078,,,
7935,1595,277,82,20,19,14,10,20,16,8,1,2,4,0,1,0,1,0.013091,45.605,0.000,99.084,,,
7940,1672,285,62,24,19,13,10,11,11,8,5,2,2,1,2,2,1,0.013228,45.605,0.000,99.084,,,
7945,1658,253,75,37,16,21,15,10,14,9,3,5,1,1,4,0,1,0.013391,45.614,0.000,99.072,,,
7950,1614,310,66,28,8,10,11,12,14,11,2,1,2,0,2,0,0,0.013097,45.651,0.000,99.084,,,
7955,1725,308,75,20,22,23,8,17,11,4,5,3,0,1,0,0,2,0.014030,45.651,0.000,99.084,,,
7960,1647,298,67,24,12,14,12,12,15,10,4,3,0,2,0,1,0,0.013388,45.651,0.000,99.078,,,
7965,1692,303,78,28,9,18,12,19,10,11,1,3,2,0,2,1,1,0.013638,45.674,0.000,99.091,,,
7970,1675,280,80,26,24,18,6,14,12,9,1,1,0,0,0,0,0,0.013431,45.674,0.000,99.072,,,
7975,1702,298,73,29,12,27,13,18,20,6,1,0,3,1,1,2,0,0.013931,45.674,0.000,99.084,,,
7980,1636,267,75,24,16,16,8,14,8,10,8,4,2,5,1,1,0,0.013312,45.674,0.000,99.078,,,
7985,1618,318,80,33,15,19,10,16,12,12,3,4,2,1,1,1,0,0.013604,45.712,0.000,99.084,,,
7990,1717,301,72,25,13,17,7,14,14,3,1,3,5,1,0,1,0,0.013735,45.721,0.000,99.084,,,
7995,1674,312,88,23,14,23,8,16,11,6,6,2,5,2,1,0,1,0.014054,45.721,0.000,99.078,,,
8000,1630,305,74,22,20,19,16,18,12,4,2,5,2,0,0,1,0,0.013492,45.721,0.000,99.072,,,
8005,1676,280,69,27,17,22,23,13,13,3,0,3,1,2,1,2,0,0.013628,45.721,0.000,99.084,,,
8010,1625,263,82,38,12,13,13,13,13,6,4,3,1,2,3,1,0,0.013098,45.744,0.000,99.072,,,
8015,1608,290,62,30,9,9,13,15,10,9,2,2,4,3,1,1,0,0.013028,45.744,0.000,99.078,,,
8020,1588,314,62,21,11,22,17,13,12,5,1,1,1,1,1,1,1,0.013064,45.744,0.000,99.078,,,
8025,1667,292,75,29,11,20,9,18,7,5,6,4,0,1,2,1,0,0.013416,45.744,0.000,99.072,,,
8030,1678,287,67,30,15,15,9,14,9,10,3,2,2,2,1,0,0,0.013415,45.744,0.000,99.084,,,
8035,1459,290,67,31,12,14,11,15,11,12,4,2,0,2,0,0,0,0.012340,45.744,0.000,99.078,,,
8040,1573,326,65,23,10,11,12,9,9,8,3,4,0,1,1,1,0,0.012915,45.781,0.000,99.078,,,
8045,1584,291,75,27,13,24,9,10,14,10,6,2,2,0,3,0,0,0.013059,45.791,0.000,99.078,,,
8050,1662,307,66,29,11,17,10,13,11,11,6,4,2,0,2,1,0,0.013658,45.791,0.000,99.078,,,
8055,1557,255,84,19,9,18,11,11,13,10,3,1,3,2,1,0,0,0.012396,45.791,0.000,99.078,,,
8060,1612,327,68,27,17,14,10,13,13,11,3,1,1,0,0,3,0,0.013229,45.791,0.000,99.072,,,
8065,1570,275,74,23,16,18,12,13,7,11,2,4,3,2,0,1,1,0.012838,45.791,0.000,99.084,,,
8070,1648,304,72,24,12,18,12,10,13,7,2,4,1,2,1,0,0,0.013543,45.805,0.000,99.084,,,
8075,1720,296,75,26,19,18,18,11,13,4,3,2,1,4,0,1,1,0.013891,45.814,0.000,99.072,,,
8080,1612,269,74,29,9,16,10,15,13,6,4,4,3,3,2,1,1,0.013022,45.814,0.000,99.072,,,
8085,1665,292,63,32,18,13,12,11,8,12,2,3,2,0,1,3,0,0.013456,45.814,0.000,99.084,,,
8090,1638,298,57,29,13,22,10,9,6,8,2,2,4,0,1,1,0,0.013259,45.814,0.000,99.084,,,
8095,1624,324,54,40,21,15,14,13,13,12,4,4,2,1,0,2,1,0.013641,45.814,0.000,99.084,,,
8100,1663,302,65,22,17,13,8,7,7,8,3,3,3,2,2,3,0,0.013185,45.814,0.000,99.084,,,
8105,1681,309,79,28,18,20,7,22,14,5,2,2,1,4,2,4,0,0.013984,45.833,0.000,99.091,,,
8110,1600,310,76,23,20,26,8,22,15,6,7,1,2,5,1,0,1,0.013576,45.860,0.000,99.091,,,
8115,1648,306,74,23,4,11,12,10,10,10,4,6,0,3,0,0,0,0.013288,45.860,0.000,99.084,,,
8120,1611,284,71,21,17,17,6,13,10,4,6,4,0,3,0,1,0,0.013045,45.860,0.000,99.084,,,
8125,1657,265,73,29,12,24,13,13,17,9,6,2,3,0,0,0,2,0.013258,45.860,0.000,99.078,,,
8130,1696,289,63,26,21,15,14,15,12,5,4,5,2,1,0,4,0,0.013551,45.860,0.000,99.091,,,
8135,1696,279,69,28,13,13,14,18,8,7,5,3,3,3,0,0,0,0.013562,45.860,0.000,99.084,,,
8140,1658,315,72,28,21,14,8,13,13,8,2,7,0,1,1,0,0,0.013656,45.898,0.000,99.084,,,
8145,1592,288,83,22,13,24,7,17,12,6,3,2,6,1,0,2,2,0.013268,45.898,0.000,99.078,,,
8150,1598,312,73,27,14,21,9,14,13,11,2,2,3,6,0,0,0,0.013345,45.907,0.000,99.084,,,
8155,1732,291,64,34,20,12,12,21,12,7,3,4,1,1,0,0,0,0.013864,45.907,0.000,99.078,,,
8160,1606,276,65,22,12,21,14,17,12,7,7,5,1,0,1,1,1,0.013013,45.907,0.000,99.078,,,
8165,1590,297,68,22,12,21,10,16,8,4,5,5,4,1,1,1,0,0.013000,45.907,0.000,99.091,,,
8170,1645,312,57,21,19,12,7,12,16,2,2,2,3,1,1,1,0,0.013117,45.907,0.000,99.084,,,
8175,1662,308,60,28,17,18,8,15,11,7,2,6,3,3,2,1,1,0.013574,45.912,0.000,99.084,,,
8180,1717,283,83,29,16,15,6,15,10,8,6,4,1,2,1,1,1,0.013743,45.921,0.000,99.084,,,
8185,1712,276,84,23,20,32,10,19,15,14,5,5,0,2,0,0,1,0.014310,45.930,0.000,99.091,,,
8190,1639,314,75,37,16,10,9,17,11,5,1,5,2,3,1,0,0,0.013546,45.930,0.000,99.084,,,
8195,1635,271,58,23,17,27,5,20,13,12,1,8,3,0,0,1,0,0.013117,45.930,0.000,99.091,,,
8200,1689,286,71,30,18,23,10,12,14,5,7,3,3,1,0,1,1,0.013684,45.930,0.000,99.078,,,
8205,1636,310,83,28,13,18,8,15,5,4,6,4,2,4,1,2,0,0.013538,45.930,0.000,99.084,,,
8210,1696,300,69,25,20,17,14,22,5,7,3,8,1,1,0,0,0,0.013553,45.930,0.000,99.084,,,
8215,1622,306,67,31,16,17,17,7,11,7,4,6,4,0,1,0,0,0.013339,45.940,0.000,99.084,,,
8220,1678,299,68,28,16,20,14,12,16,11,8,2,2,1,1,0,0,0.013704,45.967,0.000,99.084,,,
8225,1710,292,67,34,27,20,15,14,9,2,1,2,3,1,1,0,0,0.013664,45.977,0.000,99.091,,,
8230,1632,317,73,15,9,22,7,12,11,4,3,7,1,7,1,1,0,0.013217,45.977,0.000,99.084,,,
8235,1645,294,70,25,18,13,13,16,16,14,5,4,1,0,1,1,0,0.013205,45.977,0.000,99.084,,,
8240,1587,300,72,18,24,16,13,10,12,2,3,2,3,1,0,1,0,0.012991,45.981,0.000,99.091,,,
8245,1699,301,82,28,12,29,9,13,5,4,3,5,2,2,1,1,1,0.013590,45.991,0.000,99.091,,,
8250,1672,308,68,27,19,15,12,17,15,5,2,3,0,1,0,0,0,0.013417,46.000,0.000,99.091,,,
8255,1590,308,74,27,22,19,13,9,14,8,6,7,1,2,1,3,1,0.013452,46.000,0.000,99.091,,,
8260,1674,284,65,28,20,19,16,16,13,13,6,6,4,1,1,2,1,0.013645,46.000,0.000,99.091,,,
8265,1643,277,71,21,7,18,9,13,18,4,6,6,1,3,0,1,0,0.013008,46.000,0.000,99.091,,,
8270,1570,287,74,15,19,14,12,13,12,4,4,2,6,0,0,1,0,0.012652,46.000,0.000,99.091,,,
8275,1765,316,61,31,11,20,17,6,13,8,2,5,0,3,5,0,0,0.014052,46.000,0.000,99.091,,,
8280,1674,317,77,18,19,14,10,11,10,8,5,2,3,0,0,2,0,0.013446,46.029,0.000,99.084,,,
8285,1720,284,60,29,20,16,11,23,7,10,3,2,4,2,2,3,3,0.013780,46.049,0.000,99.078,,,
8290,1729,323,81,23,12,22,12,21,13,6,7,3,5,2,1,1,1,0.014145,46.049,0.000,99.084,,,
8295,1734,308,76,28,12,15,9,17,11,8,5,1,1,1,1,0,0,0.013717,46.049,0.000,99.091,,,
8300,1705,282,83,30,12,11,6,18,10,5,5,1,2,1,2,0,0,0.013568,46.049,0.000,99.091,,,
8305,1731,287,72,31,16,21,8,16,16,4,0,3,2,3,2,1,1,0.013781,46.073,0.000,99.091,,,
8310,1653,289,70,24,17,17,9,17,11,5,4,1,1,3,1,1,0,0.013307,46.073,0.000,99.091,,,
8315,1717,275,71,43,12,25,13,17,15,8,4,5,1,1,1,1,0,0.013794,46.073,0.000,99.091,,,
8320,1656,290,71,26,18,15,11,17,9,4,3,2,4,2,0,0,0,0.013195,46.073,0.000,99.084,,,
8325,1705,291,77,28,14,18,15,8,12,6,5,3,1,1,0,2,1,0.013593,46.073,0.000,99.084,,,
8330,1664,278,65,22,19,21,11,15,14,6,5,3,1,2,1,2,1,0.013312,46.073,0.000,99.091,,,
8335,1692,310,70,35,14,22,9,22,10,7,4,3,1,1,0,1,3,0.013760,46.073,0.000,99.084,,,
8340,1703,284,68,28,20,21,15,16,11,6,4,2,1,0,0,0,0,0.013496,46.112,0.000,99.091,,,
8345,1671,254,78,20,14,16,16,13,10,8,0,6,4,2,1,2,0,0.013058,46.122,0.000,99.078,,,
8350,1612,265,80,23,21,17,10,18,12,7,9,3,2,3,0,0,2,0.013017,46.122,0.000,99.091,,,
8355,1713,275,78,25,21,18,10,18,12,6,6,6,0,4,2,0,1,0.013644,46.122,0.000,99.091,,,
8360,1675,290,72,24,23,21,9,24,13,3,5,2,4,2,1,0,0,0.013462,46.122,0.000,99.084,,,
8365,1656,277,79,26,14,13,9,11,14,6,4,0,3,1,2,1,0,0.013166,46.122,0.000,99.091,,,
8370,1570,281,76,24,16,14,9,15,13,7,0,1,5,3,1,1,3,0.012851,46.127,0.000,99.084,,,
8375,1670,317,82,28,13,22,6,18,12,2,6,2,4,0,0,0,0,0.013491,46.146,0.000,99.084,,,
8380,1711,251,56,22,15,17,6,15,15,9,2,2,3,0,1,2,1,0.013174,46.146,0.000,99.091,,,
8385,1741,295,57,30,16,13,15,12,12,8,1,2,0,2,3,0,0,0.013628,46.146,0.000,99.084,,,
8390,1673,304,95,30,18,12,12,14,10,10,2,2,0,3,1,1,0,0.013738,46.156,0.000,99.084,,,
8395,1698,326,66,29,13,14,10,17,12,6,4,2,2,3,1,2,1,0.013934,46.185,0.000,99.091,,,
8400,1614,301,87,21,13,23,9,20,8,11,5,5,4,1,0,0,0,0.013267,46.195,0.000,99.078,,,
8405,1692,299,65,26,13,15,10,11,14,7,6,1,4,2,0,1,1,0.013613,46.195,0.000,99.084,,,
8410,1692,309,87,25,18,12,12,22,16,10,5,3,3,1,0,0,2,0.013937,46.210,0.000,99.084,,,
8415,1721,300,88,36,14,18,6,11,6,6,3,1,1,1,0,1,1,0.013786,46.220,0.000,99.091,,,
8420,1710,271,63,27,14,14,15,15,6,8,8,5,3,0,1,0,0,0.013405,46.220,0.000,99.091,,,
8425,1699,284,79,21,11,20,11,12,11,8,8,4,2,1,1,1,1,0.013556,46.229,0.000,99.091,,,
8430,1726,312,80,26,18,16,2,20,15,4,5,7,3,2,1,3,0,0.013922,46.268,0.000,99.091,,,
8435,1668,342,77,20,15,21,12,22,13,11,3,2,5,1,3,0,0,0.013966,46.268,0.000,99.091,,,
8440,1719,299,88,31,17,13,10,13,14,4,3,0,1,2,3,1,0,0.013974,46.268,0.000,99.078,,,
8445,1792,298,82,26,14,14,19,17,11,6,3,2,3,2,3,0,1,0.014339,46.288,0.000,99.084,,,
8450,1772,291,62,28,18,17,12,11,16,7,6,5,2,2,2,2,0,0.013940,46.293,0.000,99.091,,,
8455,1773,315,73,29,14,22,10,19,12,7,3,5,1,2,1,0,0,0.014266,46.293,0.000,99.091,,,
8460,1775,331,63,31,17,15,14,23,15,10,2,2,2,2,0,0,1,0.014314,46.322,0.000,99.091,,,
8465,1740,286,78,33,10,17,19,22,16,9,4,4,0,3,0,1,1,0.014016,46.341,0.000,99.091,,,
8470,1727,309,75,26,12,21,10,16,6,9,1,3,1,4,0,0,2,0.013848,46.341,0.000,99.091,,,
8475,1722,290,77,23,10,24,12,16,11,6,4,4,3,3,2,1,0,0.013854,46.341,0.000,99.084,,,
8480,1720,297,82,28,19,20,9,17,12,8,2,2,2,2,2,0,1,0.013894,46.341,0.000,99.084,,,
8485,1739,295,77,24,23,18,13,10,16,12,4,4,1,0,2,1,0,0.014004,46.341,0.000,99.091,,,
8490,1721,314,67,28,22,19,9,15,13,8,2,2,1,1,1,2,0,0.013778,46.341,0.000,99.091,,,
8495,1767,294,77,24,13,11,12,20,9,6,4,5,6,2,0,0,1,0.013911,46.361,0.000,99.091,,,
8500,1642,293,81,32,8,19,8,11,13,9,3,4,1,2,0,3,0,0.013337,46.366,0.000,99.091,,,
8505,1712,297,68,29,18,20,9,13,12,8,5,4,1,0,0,1,1,0.013627,46.366,0.000,99.084,,,
8510,1714,277,63,20,13,27,8,18,14,3,4,6,3,2,1,3,0,0.013524,46.366,0.000,99.084,,,
8515,1683,281,57,33,9,21,12,12,12,10,8,3,2,1,0,2,1,0.013328,46.366,0.000,99.084,,,
8520,1669,287,52,18,23,19,14,13,16,9,4,2,3,1,0,0,0,0.013183,46.376,0.000,99.091,,,
8525,1651,284,69,19,17,14,15,14,18,10,11,2,1,2,0,2,0,0.013404,46.405,0.000,99.084,,,
8530,1704,289,50,27,12,11,10,16,10,9,2,6,2,0,1,2,0,0.013248,46.415,0.000,99.091,,,
8535,1670,273,63,23,13,20,9,18,17,3,5,4,2,3,0,0,0,0.013169,46.415,0.000,99.078,,,
8540,1653,292,70,20,15,24,11,13,9,7,5,1,2,0,2,1,4,0.013272,46.415,0.000,99.091,,,
8545,1691,271,63,30,13,16,7,24,14,10,3,2,3,2,2,0,0,0.013206,46.415,0.000,99.091,,,
8550,1692,293,70,23,15,14,11,24,12,7,3,3,2,1,2,1,0,0.013456,46.429,0.000,99.091,,,
8555,1665,277,59,25,10,13,10,17,13,7,5,2,2,1,2,2,0,0.013102,46.439,0.000,99.091,,,
8560,1623,291,57,22,6,19,13,14,11,8,3,5,3,2,0,2,1,0.012939,46.439,0.000,99.091,,,
8565,1668,307,71,30,23,26,12,8,12,8,2,3,1,1,1,0,0,0.013635,46.439,0.000,99.091,,,
8570,1662,296,66,22,14,21,11,14,6,10,3,2,1,2,1,0,0,0.013145,46.459,0.000,99.091,,,
8575,1728,310,74,21,19,13,11,16,17,5,3,5,2,3,0,1,1,0.013820,46.488,0.000,99.091,,,
8580,1665,303,72,29,20,8,12,17,10,5,2,2,2,2,1,1,2,0.013608,46.488,0.000,99.091,,,
8585,1749,271,54,28,12,26,7,15,8,5,3,3,2,2,0,0,1,0.013439,46.488,0.000,99.091,,,
8590,1771,291,70,23,20,17,14,21,13,4,1,3,0,1,0,1,1,0.013890,46.488,0.000,99.084,,,
8595,1596,289,71,24,22,19,14,21,6,10,1,7,3,3,1,0,1,0.013208,46.507,0.000,99.091,,,
8600,1621,319,62,30,14,14,6,23,15,7,6,0,1,1,0,3,1,0.013402,46.512,0.000,99.091,,,
8605,1578,308,68,22,11,26,8,17,10,4,0,3,4,2,2,2,0,0.012968,46.512,0.000,99.084,,,
8610,1682,281,73,19,21,12,9,19,10,7,3,3,1,3,0,1,0,0.013229,46.512,0.000,99.091,,,
8615,1765,286,63,25,14,21,15,14,9,12,7,2,7,0,1,3,0,0.014001,46.522,0.000,99.091,,,
8620,1669,268,52,31,16,17,13,16,9,10,7,3,2,3,0,1,0,0.013089,46.561,0.000,99.097,,,
8625,1666,285,61,18,12,22,11,10,11,9,1,3,3,0,1,0,0,0.013154,46.561,0.000,99.084,,,
8630,1686,309,87,34,17,9,10,14,16,8,3,4,1,3,0,2,0,0.013801,46.561,0.000,99.084,,,
8635,1631,285,61,23,12,16,9,19,12,10,3,2,7,0,1,0,0,0.013149,46.590,0.000,99.084,,,
8640,1703,302,66,19,21,14,11,12,15,5,2,3,6,1,0,0,0,0.013565,46.610,0.000,99.091,,,
8645,1674,302,68,38,12,20,10,21,10,5,2,3,2,1,3,1,0,0.013469,46.610,0.000,99.084,,,
8650,1685,277,77,32,13,15,12,22,17,11,4,5,3,2,0,0,0,0.013665,46.610,0.000,99.091,,,
8655,1682,272,62,31,12,21,17,16,19,5,8,2,3,3,3,3,1,0.013622,46.610,0.000,99.091,,,
8660,1693,288,63,31,20,18,13,18,19,7,3,6,0,0,0,0,0,0.013596,46.615,0.000,99.084,,,
8665,1705,267,58,22,18,16,9,26,8,14,5,7,1,4,3,2,0,0.013674,46.629,0.000,99.084,,,
8670,1725,274,68,25,15,24,10,13,10,6,6,2,5,1,0,0,0,0.013520,46.634,0.000,99.091,,,
8675,1726,283,71,33,9,17,8,20,12,4,3,2,3,4,0,1,0,0.013662,46.634,0.000,99.091,,,
8680,1607,281,75,32,12,15,10,17,9,6,6,2,3,3,0,1,0,0.012903,46.634,0.000,99.084,,,
8685,1625,307,71,22,15,21,12,17,13,9,6,2,4,2,2,0,2,0.013467,46.634,0.000,99.091,,,
8690,1782,284,66,24,12,32,8,9,12,14,5,3,1,2,2,0,1,0.014110,46.683,0.000,99.097,,,
8695,1707,294,67,28,19,21,11,15,12,6,5,2,1,1,0,1,0,0.013598,46.683,0.000,99.091,,,
8700,1690,273,64,21,26,19,15,16,5,3,6,2,3,0,4,0,1,0.013462,46.683,0.000,99.091,,,
8705,1720,287,59,32,11,25,18,12,12,10,4,0,2,2,0,1,0,0.013675,46.683,0.000,99.091,,,
8710,1686,300,70,19,19,14,8,15,15,9,3,7,3,2,0,1,0,0.013563,46.683,0.000,99.091,,,
8715,1665,305,64,26,11,16,6,12,12,3,5,5,2,2,1,3,0,0.013331,46.693,0.000,99.091,,,
8720,1733,304,68,16,16,18,13,14,19,7,2,2,3,1,1,1,1,0.013824,46.707,0.000,99.084,,,
8725,1729,290,58,29,10,15,17,23,12,4,5,3,4,1,1,1,1,0.013633,46.707,0.000,99.078,,,
8730,1680,300,63,28,18,13,8,18,5,8,3,1,0,2,0,1,0,0.013425,46.707,0.000,99.091,,,
8735,1725,282,58,21,9,13,14,11,7,5,2,4,1,4,0,0,0,0.013266,46.717,0.000,99.091,,,
8740,1699,280,59,32,23,17,10,16,10,11,5,2,3,2,1,1,0,0.013473,46.756,0.000,99.091,,,
8745,1694,298,75,27,17,14,12,13,8,9,5,7,4,0,1,2,0,0.013594,46.756,0.000,99.091,,,
8750,1681,309,57,19,11,23,7,14,5,7,10,3,1,3,1,1,0,0.013451,46.756,0.000,99.091,,,
8755,1613,326,56,24,18,21,10,15,7,4,3,1,3,1,1,0,0,0.013251,46.766,0.000,99.084,,,
8760,1691,269,58,20,16,13,10,19,10,7,3,3,4,0,0,2,0,0.013048,46.780,0.000,99.078,,,
8765,1654,277,56,25,25,8,11,15,11,11,3,2,2,0,0,2,1,0.013326,46.780,0.000,99.078,,,
8770,1608,262,62,34,12,18,11,21,12,8,5,5,3,4,1,1,0,0.012870,46.780,0.000,99.091,,,
8775,1695,267,65,25,17,18,16,17,8,8,6,4,2,5,0,2,0,0.013512,46.780,0.000,99.084,,,
8780,1738,307,76,26,13,20,11,12,8,8,3,5,2,2,0,2,1,0.013900,46.810,0.000,99.078,,,
8785,1653,275,56,25,9,17,16,20,17,5,3,2,2,0,1,2,0,0.012932,46.829,0.000,99.091,,,
8790,1637,291,52,27,15,15,9,10,8,7,8,3,3,2,1,1,1,0.013153,46.819,0.000,99.078,,,
8795,1681,289,74,30,17,21,2,19,20,12,10,3,1,2,0,1,0,0.013550,46.829,0.000,99.084,,,
8800,1753,262,102,32,16,24,8,21,15,13,5,4,3,1,2,0,0,0.014155,46.834,0.000,99.091,,,
8805,1689,284,82,23,23,15,8,14,13,6,3,1,2,3,1,1,0,0.013491,46.854,0.000,99.091,,,
8810,1639,259,66,17,12,17,8,13,14,2,4,0,3,1,1,0,0,0.012588,46.854,0.000,99.091,,,
8815,1690,320,66,26,17,23,16,18,15,9,4,2,2,2,3,0,1,0.013883,46.854,0.000,99.091,,,
8820,1614,267,64,27,11,23,8,15,12,9,4,1,1,2,0,0,0,0.012733,46.854,0.000,99.091,,,
8825,1672,270,75,21,12,14,15,23,14,8,3,4,2,0,2,4,0,0.013150,46.854,0.000,99.097,,,
8830,1566,264,51,39,14,15,7,12,10,4,5,1,2,1,1,0,0,0.012286,46.854,0.000,99.091,,,
8835,1641,278,62,23,20,10,14,15,8,10,1,2,4,2,0,1,1,0.012930,46.854,0.000,99.091,,,
8840,1536,312,61,23,21,24,7,12,9,8,3,1,0,0,1,1,0,0.012721,46.854,0.000,99.091,,,
8845,1612,294,63,20,11,33,15,21,8,7,1,1,1,2,0,0,0,0.012956,46.854,0.000,99.091,,,
8850,1533,272,61,24,13,23,6,13,10,1,3,3,2,2,1,0,2,0.012274,46.854,0.000,99.078,,,
8855,1609,266,64,21,12,11,9,11,10,3,2,3,2,1,1,0,1,0.012570,46.854,0.000,99.091,,,
8860,1558,252,71,27,12,13,7,21,14,3,6,1,4,1,0,1,1,0.012335,46.863,0.000,99.091,,,
8865,1601,263,72,32,17,21,11,13,15,8,2,3,1,3,1,0,0,0.012971,46.883,0.000,99.091,,,
8870,1602,237,57,27,12,20,11,20,10,8,4,1,1,0,1,0,0,0.012370,46.893,0.000,99.091,,,
8875,1656,296,71,16,10,12,11,12,15,2,8,2,6,2,1,1,3,0.013390,46.902,0.000,99.091,,,
8880,1615,298,60,19,16,14,17,9,16,8,3,1,4,1,0,0,0,0.012805,46.902,0.000,99.097,,,
8885,1617,316,63,27,20,18,13,13,9,6,5,2,4,2,1,3,1,0.013329,46.902,0.000,99.097,,,
8890,1649,286,67,21,14,20,10,17,11,3,3,1,1,0,0,0,0,0.013141,46.902,0.000,99.091,,,
8895,1636,278,64,29,10,17,7,8,16,5,2,4,0,0,2,0,0,0.012833,46.902,0.000,99.084,,,
8900,1700,272,58,26,16,17,7,13,7,9,11,5,3,1,1,1,0,0.013391,46.902,0.000,99.091,,,
8905,1548,324,61,25,10,13,15,23,10,3,8,4,4,3,0,0,1,0.012761,46.902,0.000,99.084,,,
8910,1574,244,76,22,18,13,15,16,7,5,8,3,2,0,2,1,1,0.012487,46.907,0.000,99.084,,,
8915,1541,273,65,30,12,18,11,7,13,11,5,3,0,2,2,0,0,0.012438,46.912,0.000,99.091,,,
8920,1569,253,58,22,12,23,16,15,11,6,6,4,1,1,1,0,0,0.012299,46.922,0.000,99.084,,,
8925,1555,266,69,23,11,11,13,21,6,7,1,3,2,1,0,0,0,0.012334,46.927,0.000,99.084,,,
8930,1616,238,51,22,6,17,15,22,9,8,4,1,0,3,1,1,1,0.012373,46.927,0.000,99.084,,,
8935,1546,249,55,23,18,24,5,21,15,8,5,4,0,0,0,1,0,0.012157,46.927,0.000,99.091,,,
8940,1588,246,54,16,11,13,6,12,21,4,1,2,1,0,0,0,1,0.012271,46.927,0.000,99.091,,,
8945,1550,248,68,32,13,20,7,16,12,7,9,2,3,1,1,0,0,0.012217,46.927,0.000,99.091,,,
8950,1556,285,52,23,9,25,11,16,16,7,7,2,5,0,0,1,1,0.012456,46.927,0.000,99.097,,,
8955,1571,256,73,25,9,19,12,12,11,8,2,3,1,2,1,0,0,0.012326,46.927,0.000,99.091,,,
8960,1565,261,72,25,13,13,15,6,9,5,2,8,2,0,1,1,0,0.012312,46.956,0.000,99.091,,,
8965,1552,274,74,23,10,19,12,15,8,5,2,3,3,0,4,2,1,0.012519,46.956,0.000,99.091,,,
8970,1603,267,46,22,13,19,11,10,12,10,4,3,1,1,2,2,1,0.012508,46.976,0.000,99.091,,,
8975,1606,256,67,27,16,12,12,17,7,4,2,2,1,0,1,0,0,0.012412,46.976,0.000,99.091,,,
8980,1584,274,76,20,14,12,8,15,14,5,2,2,1,1,1,1,0,0.012634,46.976,0.000,99.091,,,
8985,1572,289,51,19,13,14,6,14,4,9,3,4,0,2,0,0,2,0.012324,46.976,0.000,99.091,,,
8990,1559,264,62,21,11,28,11,12,10,7,8,1,2,3,0,1,1,0.012471,46.980,0.000,99.091,,,
8995,1636,272,75,30,8,19,12,11,12,11,8,3,3,2,0,0,0,0.013011,47.000,0.000,99.091,,,
9000,1560,265,59,25,14,17,14,12,7,4,2,5,1,4,0,0,0,0.012308,47.000,0.000,99.091,,,
9005,1556,258,53,26,7,19,9,12,12,6,5,3,3,2,1,0,0,0.012148,47.000,0.000,99.091,,,
9010,1601,273,57,24,15,14,11,11,11,5,3,2,1,3,0,2,0,0.012594,47.000,0.000,99.091,,,
9015,1610,296,58,28,18,23,11,22,10,6,4,2,0,4,0,2,0,0.013085,47.039,0.000,99.097,,,
9020,1635,276,59,21,15,20,7,14,7,10,9,4,1,0,0,1,0,0.012792,47.049,0.000,99.091,,,
9025,1627,247,74,25,8,19,7,11,10,4,2,3,2,0,0,1,0,0.012614,47.049,0.000,99.097,,,
9030,1674,264,74,23,13,20,7,13,7,9,6,1,2,2,0,1,1,0.013001,47.049,0.000,99.084,,,
9035,1654,266,62,13,11,22,15,18,13,6,1,4,1,1,1,1,1,0.012841,47.059,0.000,99.091,,,
9040,1629,286,57,28,16,18,7,11,8,10,8,1,1,2,0,2,0,0.012933,47.073,0.000,99.091,,,
9045,1683,290,70,16,16,8,12,18,8,7,2,9,3,2,1,0,0,0.013203,47.073,0.000,99.091,,,
9050,1705,264,76,35,16,29,13,17,18,7,3,1,2,1,3,1,0,0.013612,47.073,0.000,99.097,,,
9055,1640,289,61,29,16,27,9,17,19,5,6,7,1,0,1,1,1,0.013393,47.093,0.000,99.091,,,
9060,1691,269,69,29,14,20,11,21,13,11,4,2,0,0,4,0,0,0.013401,47.122,0.000,99.091,,,
9065,1634,243,65,27,19,17,10,19,8,3,3,6,1,3,3,1,0,0.012682,47.122,0.000,99.091,,,
9070,1630,282,79,30,16,24,7,16,9,9,4,3,1,0,1,2,0,0.013304,47.122,0.000,99.091,,,
9075,1556,295,80,31,11,20,12,23,15,8,5,2,0,1,1,1,0,0.013028,47.122,0.000,99.091,,,
9080,1610,263,68,29,20,33,11,18,9,3,4,4,2,1,0,1,0,0.012976,47.132,0.000,99.084,,,
9085,1572,272,67,23,11,19,10,16,11,4,4,1,4,2,1,1,0,0.012450,47.122,0.000,99.091,,,
9090,1547,280,52,31,9,26,18,21,17,3,2,5,2,0,3,0,0,0.012661,47.146,0.000,99.091,,,
9095,1629,268,74,29,11,20,15,13,13,7,1,3,0,0,0,1,1,0.013011,47.146,0.000,99.091,,,
9100,1693,281,68,17,13,14,10,12,16,6,2,4,1,1,1,1,1,0.013277,47.146,0.000,99.091,,,
9105,1619,275,69,17,19,19,13,22,12,7,6,5,3,0,0,1,1,0.013005,47.146,0.000,99.091,,,
9110,1490,275,54,21,4,25,11,14,8,6,5,8,2,0,0,1,0,0.011911,47.156,0.000,99.091,,,
9115,1661,295,59,27,16,19,8,21,9,5,5,2,3,1,0,0,1,0.013231,47.176,0.000,99.091,,,
9120,1596,284,68,32,12,19,15,18,14,4,3,5,2,1,0,1,0,0.013005,47.195,0.000,99.091,,,
9125,1564,263,63,28,12,24,15,21,12,9,6,5,3,3,1,2,0,0.012657,47.195,0.000,99.097,,,
9130,1570,248,63,29,11,13,6,15,18,3,7,1,1,0,2,2,0,0.012280,47.195,0.000,99.097,,,
9135,1601,301,78,34,21,15,11,15,17,8,3,3,2,2,2,1,1,0.013252,47.195,0.000,99.097,,,
9140,1641,276,80,20,16,17,14,11,16,5,6,1,2,0,1,1,0,0.013066,47.215,0.000,99.091,,,
9145,1528,291,68,34,13,23,7,18,18,8,4,3,2,2,2,2,2,0.012877,47.220,0.000,99.091,,,
9150,1638,268,65,20,15,16,2,14,10,7,8,4,3,2,2,0,0,0.012854,47.220,0.000,99.091,,,
9155,1618,282,75,34,17,17,13,21,11,6,2,4,2,3,1,0,0,0.013232,47.220,0.000,99.091,,,
9160,1662,254,55,20,13,16,10,13,14,5,3,3,0,3,0,0,1,0.012778,47.220,0.000,99.091,,,
9165,1640,241,74,19,7,16,18,21,7,10,5,5,3,3,0,0,0,0.012777,47.239,0.000,99.097,,,
9170,1646,243,56,24,13,13,6,13,10,5,5,0,2,2,1,0,0,0.012482,47.268,0.000,99.091,,,
9175,1612,268,64,20,4,16,13,18,10,11,3,2,1,1,0,0,1,0.012566,47.268,0.000,99.091,,,
9180,1634,266,59,21,18,17,10,21,16,6,5,6,2,1,1,1,0,0.012853,47.268,0.000,99.091,,,
9185,1540,234,64,17,12,17,7,15,12,6,3,3,3,1,1,1,0,0.011869,47.268,0.000,99.097,,,
9190,1523,272,71,19,23,19,12,20,12,6,3,3,3,0,2,1,0,0.012589,47.268,0.000,99.097,,,
9195,1604,270,58,26,12,22,4,16,7,6,3,3,1,2,1,1,1,0.012633,47.288,0.000,99.091,,,
9200,1559,265,57,14,8,19,5,15,16,10,4,2,0,2,0,0,0,0.012085,47.307,0.000,99.091,,,
9205,1667,258,62,22,14,13,12,14,9,2,2,3,1,3,1,0,0,0.012849,47.317,0.000,99.091,,,
9210,1582,239,70,36,8,20,6,10,6,9,4,4,1,1,0,1,1,0.012507,47.317,0.000,99.091,,,
9215,1590,256,62,27,14,19,7,11,12,4,5,4,4,2,1,3,0,0.012471,47.317,0.000,99.091,,,
9220,1507,283,55,25,25,13,15,13,7,6,4,3,0,3,1,2,1,0.012277,47.317,0.000,99.103,,,
9225,1586,256,69,32,14,19,9,16,14,7,4,6,3,8,2,1,1,0.013068,47.332,0.000,99.103,,,
9230,1685,254,79,25,14,22,11,19,16,2,2,2,2,2,1,0,0,0.013167,47.341,0.000,99.091,,,
9235,1667,287,72,28,20,20,8,18,14,7,4,1,3,2,1,0,0,0.013427,47.341,0.000,99.097,,,
9240,1595,262,73,22,13,25,11,18,16,7,4,3,2,2,2,1,1,0.012771,47.341,0.000,99.097,,,
9245,1645,310,65,23,12,17,6,18,15,10,7,3,3,3,0,2,0,0.013387,47.341,0.000,99.091,,,
9250,1601,285,83,24,13,16,11,15,20,3,4,3,2,2,0,2,0,0.013044,47.361,0.000,99.091,,,
9255,1551,291,59,16,15,10,13,19,12,6,2,1,1,3,1,3,0,0.012452,47.390,0.000,99.103,,,
9260,1598,306,61,25,15,24,11,19,16,7,7,1,2,1,1,1,3,0.013220,47.390,0.000,99.091,,,
9265,1660,292,61,27,15,14,6,13,19,8,2,1,3,2,1,1,1,0.013183,47.390,0.000,99.097,,,
9270,1581,280,62,10,12,20,11,9,7,4,2,3,1,1,2,1,0,0.012356,47.390,0.000,99.103,,,
9275,1640,285,63,26,17,18,21,18,15,9,2,1,3,0,1,1,0,0.013240,47.405,0.000,99.091,,,
9280,1678,273,71,27,14,14,9,16,13,6,8,8,1,3,1,0,2,0.013379,47.415,0.000,99.097,,,
9285,1634,319,65,28,13,21,11,15,9,18,4,0,0,1,2,3,1,0.013405,47.415,0.000,99.091,,,
9290,1631,262,62,32,19,15,14,10,14,4,5,2,2,2,0,0,1,0.012820,47.415,0.000,99.103,,,
9295,1543,254,66,31,15,18,9,17,16,10,3,2,4,1,1,3,1,0.012325,47.415,0.000,99.103,,,
9300,1607,272,65,16,17,16,8,14,13,7,3,5,3,1,0,0,0,0.012679,47.463,0.000,99.103,,,
9305,1666,261,74,23,15,14,9,26,9,7,8,5,1,0,1,1,0,0.013187,47.463,0.000,99.091,,,
9310,1641,280,71,20,16,21,7,14,7,6,4,3,2,1,0,1,0,0.012856,47.463,0.000,99.103,,,
9315,1604,273,65,26,12,13,11,15,12,7,3,5,5,1,0,0,1,0.012721,47.478,0.000,99.091,,,
9320,1504,278,62,27,12,15,9,13,15,5,4,3,1,2,1,2,0,0.012095,47.488,0.000,99.091,,,
9325,1607,259,56,31,21,14,8,19,16,6,7,9,2,2,0,1,0,0.012851,47.488,0.000,99.109,,,
9330,1586,267,78,24,17,19,12,16,13,7,4,3,6,0,2,2,0,0.012819,47.488,0.000,99.091,,,
9335,1631,271,70,26,16,22,13,12,21,7,5,3,3,0,0,1,0,0.013200,47.537,0.000,99.097,,,
9340,1564,282,62,31,16,17,14,17,13,5,7,3,3,1,1,1,2,0.012693,47.537,0.000,99.103,,,
9345,1554,265,70,20,15,20,12,15,17,10,1,5,2,2,1,0,0,0.012533,47.537,0.000,99.091,,,
9350,1591,296,81,25,9,14,9,13,15,5,2,3,1,2,1,1,0,0.012958,47.537,0.000,99.097,,,
9355,1575,303,63,25,18,19,6,10,8,5,4,3,3,3,1,0,1,0.012736,47.561,0.000,99.103,,,
9360,1586,248,62,24,9,19,13,20,8,2,4,2,3,2,1,1,0,0.012387,47.561,0.000,99.103,,,
9365,1582,268,62,28,13,21,12,19,12,7,3,3,3,1,2,0,0,0.012577,47.561,0.000,99.097,,,
9370,1546,268,66,28,9,20,12,14,12,13,4,5,4,1,0,0,0,0.012555,47.571,0.000,99.097,,,
9375,1573,275,57,28,12,20,7,24,12,5,7,2,3,2,0,1,1,0.012640,47.600,0.000,99.097,,,
9380,1612,270,61,31,13,23,12,10,19,3,4,8,2,1,2,1,2,0.012960,47.610,0.000,99.109,,,
9385,1596,287,70,23,19,23,6,12,11,11,4,3,0,1,1,1,0,0.012841,47.610,0.000,99.097,,,
9390,1641,289,56,17,13,15,10,19,13,3,7,2,5,2,0,1,1,0.012946,47.615,0.000,99.097,,,
9395,1617,275,67,30,17,13,13,16,13,2,7,0,3,1,0,1,0,0.012926,47.624,0.000,99.097,,,
9400,1599,266,51,10,19,9,11,15,16,8,2,3,0,2,0,1,1,0.012343,47.634,0.000,99.103,,,
9405,1600,288,60,32,12,15,11,11,13,7,7,5,0,2,1,1,0,0.012808,47.634,0.000,99.091,,,
9410,1565,266,58,23,17,16,10,11,13,8,3,0,2,1,1,0,0,0.012310,47.654,0.000,99.103,,,
9415,1553,268,79,15,13,19,10,14,17,3,2,4,7,3,1,0,0,0.012610,47.683,0.000,99.091,,,
9420,1588,267,58,19,14,12,5,11,11,6,2,2,2,3,2,1,1,0.012453,47.683,0.000,99.091,,,
9425,1628,271,70,24,18,14,10,16,10,5,3,3,4,5,1,0,0,0.013045,47.683,0.000,99.097,,,
9430,1595,276,60,26,13,19,19,17,8,12,7,4,0,2,0,0,0,0.012743,47.702,0.000,99.097,,,
9435,1640,268,58,30,17,8,10,12,13,9,2,1,4,1,2,1,0,0.012852,47.707,0.000,99.097,,,
9440,1554,289,68,21,15,23,3,17,12,4,6,3,3,3,1,0,3,0.012638,47.707,0.000,99.097,,,
9445,1547,269,61,24,8,19,12,17,13,6,5,1,3,0,0,1,2,0.012548,47.707,0.000,99.097,,,
9450,1592,266,58,21,19,14,9,15,12,5,5,5,3,4,1,4,0,0.012701,47.746,0.000,99.091,,,
9455,1532,257,61,22,15,16,6,13,14,7,4,5,0,2,1,1,0,0.012115,47.756,0.000,99.091,,,
9460,1611,232,61,23,17,18,14,14,10,7,0,2,3,1,0,1,1,0.012407,47.756,0.000,99.091,,,
9465,1566,264,51,15,14,22,15,16,11,9,5,1,1,2,1,1,1,0.012312,47.761,0.000,99.091,,,
9470,1593,273,51,26,13,15,13,13,10,5,7,3,3,0,0,0,0,0.012473,47.776,0.000,99.097,,,
9475,1581,251,56,24,17,20,13,13,14,8,6,3,1,2,1,0,0,0.012584,47.780,0.000,99.091,,,
9480,1563,282,49,19,13,12,11,8,12,7,3,3,3,1,1,0,0,0.012284,47.790,0.000,99.103,,,
9485,1570,267,73,28,12,18,13,17,7,13,9,2,2,1,0,0,0,0.012697,47.829,0.000,99.097,,,
9490,1624,268,66,15,9,15,15,9,11,5,8,7,2,1,1,0,0,0.012759,47.829,0.000,99.091,,,
9495,1625,277,73,21,16,18,7,11,12,3,6,3,1,0,1,5,0,0.013005,47.829,0.000,99.091,,,
9500,1601,312,68,32,8,23,7,11,11,6,2,5,4,3,1,1,1,0.013115,47.839,0.000,99.103,,,
9505,1622,270,68,21,12,19,17,16,12,3,9,2,4,1,0,0,0,0.012921,47.854,0.000,99.097,,,
9510,1677,282,71,28,19,11,9,13,3,4,2,4,5,1,0,2,0,0.013103,47.854,0.000,99.091,,,
9515,1646,262,67,36,25,27,17,30,13,4,8,3,1,1,1,0,1,0.013544,47.902,0.000,99.091,,,
9520,1666,252,60,18,19,9,14,19,9,4,2,3,3,2,0,1,0,0.012795,47.902,0.000,99.091,,,
9525,1678,250,73,23,12,20,17,11,6,12,1,1,3,2,0,2,0,0.013040,47.902,0.000,99.091,,,
9530,1692,284,82,20,12,21,9,12,14,8,6,5,4,1,0,1,0,0.013395,47.912,0.000,99.091,,,
9535,1738,284,57,14,10,25,8,14,15,3,4,2,3,1,0,1,1,0.013384,47.927,0.000,99.091,,,
9540,1590,294,71,24,16,9,13,18,9,8,5,3,1,1,0,1,0,0.012937,47.927,0.000,99.091,,,
9545,1737,277,81,30,17,15,11,16,14,8,5,4,1,0,0,1,0,0.013803,47.927,0.000,99.091,,,
9550,1653,309,54,25,12,16,8,16,12,7,1,8,3,1,1,0,1,0.013265,47.927,0.000,99.091,,,
9555,1615,300,58,22,11,19,14,13,17,5,4,1,4,1,0,1,0,0.012855,47.976,0.000,99.097,,,
9560,1701,284,66,28,12,15,5,13,13,6,4,1,3,1,1,0,1,0.013431,47.976,0.000,99.091,,,
9565,1709,312,60,16,15,8,14,14,19,3,6,6,1,2,2,0,0,0.013568,47.976,0.000,99.091,,,
9570,1653,286,76,23,15,18,5,10,8,3,8,3,2,0,0,0,0,0.013009,47.976,0.000,99.091,,,
9575,1710,287,60,28,15,17,6,10,9,3,3,2,0,0,1,0,1,0.013169,48.015,0.000,99.103,,,
9580,1665,282,67,30,16,18,10,19,16,6,2,7,2,1,0,1,0,0.013435,48.025,0.000,99.091,,,
9585,1657,263,63,22,12,18,8,19,15,4,8,3,1,2,0,3,0,0.012866,48.025,0.000,99.116,,,
9590,1633,287,68,29,16,19,14,19,11,6,1,3,2,0,0,0,1,0.013171,48.025,0.000,99.097,,,
9595,1594,264,65,18,15,21,9,10,10,4,5,1,1,2,1,1,0,0.012451,48.025,0.000,99.103,,,
9600,1621,281,65,26,11,12,12,16,12,5,1,4,2,0,0,0,0,0.012838,48.050,0.000,99.097,,,
9605,1661,259,59,26,13,20,12,10,12,4,3,3,2,0,1,1,2,0.012869,48.050,0.000,99.097,,,
9610,1673,316,64,25,14,16,9,18,13,7,4,1,4,4,0,0,1,0.013339,48.050,0.000,99.091,,,
9615,1671,317,74,30,19,21,14,20,15,4,6,1,3,1,1,0,0,0.013634,48.060,0.000,99.091,,,
9620,1704,277,58,28,9,14,7,20,13,4,2,7,3,1,0,1,2,0.013319,48.090,0.000,99.091,,,
9625,1593,265,63,22,15,13,8,14,13,12,5,4,1,0,0,1,0,0.012517,48.100,0.000,99.097,,,
9630,1566,285,80,26,10,17,16,15,4,5,7,3,4,0,1,1,0,0.012621,48.100,0.000,99.091,,,
9635,1588,278,73,24,10,9,12,12,16,12,3,4,0,1,2,1,0,0.012784,48.100,0.000,99.097,,,
9640,1632,275,67,28,10,19,11,14,13,8,6,3,0,2,0,2,0,0.012935,48.110,0.000,99.097,,,
9645,1593,278,73,18,13,20,11,18,13,13,1,4,6,0,1,0,1,0.012943,48.125,0.000,99.097,,,
9650,1604,255,63,22,13,16,16,18,10,7,4,4,2,0,1,0,0,0.012701,48.125,0.000,99.091,,,
9655,1616,253,70,25,16,18,14,17,14,8,0,4,1,0,2,0,0,0.012867,48.125,0.000,99.097,,,
9660,1600,297,48,23,11,10,12,16,9,2,3,4,0,3,1,0,0,0.012605,48.175,0.000,99.097,,,
9665,1571,272,71,29,14,16,9,17,6,3,3,1,3,0,1,1,0,0.012631,48.175,0.000,99.103,,,
9670,1630,286,59,24,13,10,9,13,12,7,5,2,2,2,0,1,0,0.012731,48.175,0.000,99.097,,,
9675,1608,274,62,25,19,13,10,10,12,6,2,8,1,2,1,3,1,0.012796,48.195,0.000,99.097,,,
9680,1578,277,67,23,12,24,13,15,16,7,3,3,3,2,1,4,1,0.012838,48.200,0.000,99.103,,,
9685,1580,300,65,12,14,21,6,15,14,4,3,3,1,2,0,1,2,0.012626,48.200,0.000,99.103,,,
9690,1533,255,70,19,14,15,11,20,11,5,7,2,5,1,0,0,0,0.012340,48.230,0.000,99.091,,,
9695,1661,317,62,25,13,17,9,16,13,4,6,4,0,1,1,0,0,0.013461,48.250,0.000,99.091,,,
9700,1535,261,74,22,13,21,11,10,8,4,4,1,6,4,0,1,0,0.012355,48.250,0.000,99.091,,,
9705,1568,302,85,27,19,15,12,12,16,3,5,1,1,2,1,0,4,0.012912,48.265,0.000,99.091,,,
9710,1522,290,74,28,16,22,11,16,11,9,5,2,2,1,0,0,0,0.012733,48.275,0.000,99.097,,,
9715,1572,246,71,29,10,17,9,15,12,8,3,2,2,1,2,0,0,0.012326,48.275,0.000,99.091,,,
9720,1661,299,79,25,17,20,8,9,6,6,6,3,0,2,1,0,0,0.013271,48.315,0.000,99.109,,,
9725,1704,258,61,19,14,11,5,11,14,2,2,1,1,3,0,2,3,0.012988,48.325,0.000,99.103,,,
9730,1583,263,65,22,15,20,9,12,14,5,10,1,4,3,3,1,1,0.012511,48.325,0.000,99.097,,,
9735,1554,307,56,22,20,18,14,14,13,4,2,2,4,2,1,2,0,0.012662,48.350,0.000,99.097,,,
9740,1569,253,58,29,11,18,10,14,12,5,5,2,0,1,1,1,0,0.012291,48.350,0.000,99.103,,,
9745,1599,287,60,25,10,15,6,10,11,5,5,2,2,4,2,2,1,0.012688,48.370,0.000,99.091,,,
9750,1572,290,64,29,12,19,20,18,9,10,3,4,4,2,3,0,0,0.012990,48.400,0.000,99.097,,,
9755,1563,272,72,17,21,21,7,22,11,7,2,3,1,1,1,0,0,0.012437,48.400,0.000,99.109,,,
9760,1592,271,61,22,16,18,10,20,14,4,6,1,6,1,1,2,0,0.012704,48.425,0.000,99.097,,,
9765,1542,294,68,28,14,16,4,17,9,5,4,2,3,2,0,1,1,0.012526,48.425,0.000,99.103,,,
9770,1587,275,66,26,7,15,13,14,14,8,5,6,4,0,0,1,2,0.012832,48.435,0.000,99.091,,,
9775,1542,279,61,26,18,16,8,22,8,8,7,1,2,1,0,2,1,0.012461,48.475,0.000,99.103,,,
9780,1536,291,63,22,15,16,12,17,16,7,6,4,4,3,0,0,1,0.012743,48.475,0.000,99.103,,,
9785,1543,260,47,22,21,12,8,12,3,2,4,4,4,1,0,1,0,0.011941,48.480,0.000,99.103,,,
9790,1555,286,57,23,12,11,15,15,10,6,5,4,2,2,1,1,0,0.012381,48.490,0.000,99.097,,,
9795,1625,261,73,31,14,20,9,9,12,8,7,4,1,1,1,0,0,0.012999,48.500,0.000,99.109,,,
9800,1538,247,61,23,10,18,10,13,8,9,4,7,2,2,0,1,1,0.012148,48.510,0.000,99.116,,,
9805,1581,281,64,26,11,20,10,11,13,8,5,4,1,2,0,1,0,0.012696,48.530,0.000,99.097,,,
9810,1613,273,69,26,15,13,12,15,7,6,8,3,3,2,4,0,0,0.012809,48.550,0.000,99.103,,,
9815,1598,308,66,21,14,10,8,10,5,6,2,3,2,2,1,0,0,0.012758,48.550,0.000,99.103,,,
9820,1554,295,60,12,15,16,10,9,13,7,7,2,0,1,0,1,0,0.012380,48.570,0.000,99.103,,,
9825,1648,285,58,19,12,14,10,10,15,4,3,4,0,0,2,2,1,0.012917,48.575,0.000,99.109,,,
9830,1566,251,62,29,11,16,11,17,14,12,3,4,4,1,1,0,0,0.012354,48.595,0.000,99.116,,,
9835,1503,276,50,23,13,6,12,11,10,4,4,1,1,2,0,2,1,0.011859,48.625,0.000,99.097,,,
9840,1565,283,54,24,12,19,14,19,9,7,4,2,6,0,0,1,0,0.012557,48.625,0.000,99.091,,,
9845,1529,251,45,25,21,12,11,12,12,4,3,3,3,1,1,1,0,0.011980,48.630,0.000,99.091,,,
9850,1550,263,40,28,24,26,13,17,11,5,0,7,1,2,0,0,0,0.012248,48.650,0.000,99.097,,,
9855,1564,267,70,19,12,14,12,17,15,6,10,5,1,3,1,0,0,0.012554,48.650,0.000,99.097,,,
9860,1681,286,68,22,17,19,17,16,6,11,6,2,2,1,1,0,2,0.013463,48.660,0.000,99.109,,,
9865,1617,254,66,25,18,17,8,18,5,7,5,9,3,1,2,0,1,0.012820,48.700,0.000,99.103,,,
9870,1663,281,59,26,15,17,8,17,9,4,7,3,3,0,3,2,2,0.013210,48.700,0.000,99.109,,,
9875,1568,273,63,23,14,27,15,13,10,6,3,4,0,0,1,0,1,0.012592,48.700,0.000,99.091,,,
9880,1611,305,61,24,15,20,11,17,12,5,5,0,1,2,1,3,0,0.012974,48.710,0.000,99.103,,,
9885,1576,262,78,35,16,15,9,18,9,8,0,1,1,1,1,0,1,0.012693,48.750,0.000,99.103,,,
9890,1579,262,61,24,16,19,12,15,12,5,4,3,2,4,0,1,0,0.012432,48.750,0.000,99.103,,,
9895,1537,278,74,24,21,16,9,14,6,12,4,4,3,1,1,0,0,0.012598,48.750,0.000,99.097,,,
9900,1498,272,56,25,14,13,15,12,11,5,4,3,5,1,0,0,1,0.012059,48.750,0.000,99.103,,,
9905,1525,226,66,22,6,22,7,12,11,8,3,1,2,1,1,0,1,0.011786,48.760,0.000,99.097,,,
9910,1611,255,67,22,16,16,12,12,9,7,5,2,3,3,0,0,0,0.012739,48.775,0.000,99.103,,,
9915,1556,239,60,26,22,13,13,20,13,10,0,4,1,2,1,2,0,0.012353,48.775,0.000,99.097,,,
9920,1584,318,60,19,15,11,9,9,6,8,5,4,0,2,1,3,0,0.012781,48.775,0.000,99.103,,,
9925,1553,277,58,27,11,22,12,12,11,4,4,4,2,0,0,2,0,0.012532,48.785,0.000,99.103,,,
9930,1600,252,64,28,15,26,11,17,5,8,8,0,2,5,1,0,1,0.012621,48.825,0.000,99.109,,,
9935,1585,257,54,27,12,18,6,15,8,5,6,5,1,2,0,1,1,0.012461,48.825,0.000,99.109,,,
9940,1583,266,62,27,20,21,13,14,13,2,2,5,0,2,1,0,0,0.012689,48.825,0.000,99.109,,,
9945,1609,267,65,23,14,16,14,15,8,2,6,1,0,1,1,0,0,0.012547,48.825,0.000,99.116,,,
9950,1578,288,64,17,11,14,13,14,10,7,4,1,1,4,3,0,0,0.012688,48.830,0.000,99.097,,,
9955,1562,306,53,25,23,21,13,19,11,9,4,2,3,1,0,0,0,0.012823,48.850,0.000,99.109,,,
9960,1495,239,71,32,14,18,11,15,11,6,6,6,1,1,1,1,1,0.012051,48.850,0.000,99.103,,,
9965,1581,294,61,29,30,23,7,24,8,4,1,2,3,2,1,0,0,0.012971,48.850,0.000,99.103,,,
9970,1550,261,56,22,12,19,11,17,15,6,3,1,2,0,2,1,0,0.012233,48.850,0.000,99.103,,,
9975,1560,237,59,24,11,19,6,17,14,8,3,3,3,4,0,0,0,0.012092,48.850,0.000,99.122,,,
9980,1592,293,67,31,10,20,19,10,13,5,3,2,3,4,1,2,0,0.012866,48.900,0.000,99.116,,,
9985,1580,279,50,33,10,8,10,7,17,9,5,1,5,2,0,1,0,0.012459,48.900,0.000,99.097,,,
9990,1553,263,51,22,13,23,14,13,10,7,3,7,2,1,0,3,0,0.012371,48.900,0.000,99.109,,,
9995,1616,255,54,27,15,10,9,10,9,8,3,1,3,1,0,1,1,0.012496,48.905,0.000,99.116,,,
10000,1571,258,56,26,19,22,11,13,11,4,6,2,1,1,2,0,0,0.012641,48.920,0.000,99.097,,,
10005,1575,282,64,25,12,22,9,18,14,8,4,1,3,0,1,1,0,0.012630,48.925,0.000,99.097,,,
10010,1585,293,58,28,16,12,8,19,11,4,4,2,2,1,0,1,0,0.012680,48.925,0.000,99.109,,,
10015,1515,246,72,25,11,22,15,13,13,9,3,2,3,2,0,0,0,0.012036,48.935,0.000,99.109,,,
10020,1615,282,65,18,16,19,6,11,14,8,5,6,2,2,0,4,0,0.013003,48.975,0.000,99.109,,,
10025,1553,264,53,28,14,14,7,11,13,7,4,4,1,1,0,0,0,0.012205,48.975,0.000,99.097,,,
10030,1583,270,70,25,12,9,16,12,10,6,2,3,2,2,0,0,0,0.012430,48.975,0.000,99.109,,,
10035,1582,258,58,23,9,13,8,11,13,7,7,0,2,1,1,1,0,0.012351,48.980,0.000,99.103,,,
10040,1592,281,48,31,18,11,15,17,11,6,5,2,2,1,0,0,0,0.012495,48.990,0.000,99.091,,,
10045,1590,283,60,30,11,18,6,13,8,5,2,2,6,1,0,2,0,0.012704,49.000,0.000,99.116,,,
10050,1590,287,69,27,10,5,21,16,9,5,7,0,1,1,0,0,0,0.012593,49.000,0.000,99.109,,,
10055,1604,263,65,23,7,16,9,11,8,7,6,5,4,1,0,0,0,0.012517,49.031,0.000,99.116,,,
10060,1606,261,65,16,16,10,22,16,8,3,2,0,4,2,1,3,0,0.012644,49.051,0.000,99.122,,,
10065,1620,259,66,27,18,25,14,22,5,5,10,3,3,0,0,0,0,0.012960,49.051,0.000,99.103,,,
10070,1517,260,61,27,10,14,9,15,8,10,5,5,1,1,1,0,0,0.012123,49.051,0.000,99.103,,,
10075,1655,255,57,17,11,17,11,19,9,5,1,4,4,0,1,0,0,0.012672,49.056,0.000,99.122,,,
10080,1594,267,60,18,18,21,9,13,10,9,5,2,5,2,0,0,1,0.012461,49.072,0.000,99.122,,,
10085,1619,259,64,22,9,17,10,10,13,4,5,2,3,0,0,1,0,0.012558,49.077,0.000,99.097,,,
10090,1547,261,54,26,11,9,11,17,15,10,4,2,2,2,1,0,0,0.012147,49.087,0.000,99.103,,,
10095,1536,240,75,24,7,21,6,12,13,5,6,3,2,4,2,1,0,0.012219,49.118,0.000,99.116,,,
10100,1648,228,58,24,18,17,14,15,14,14,1,2,4,2,0,2,0,0.012751,49.128,0.000,99.116,,,
10105,1714,260,69,25,7,13,9,12,8,9,5,2,0,1,1,2,0,0.013177,49.128,0.000,99.097,,,
10110,1589,273,66,24,12,25,7,15,10,5,5,4,4,0,1,0,0,0.012641,49.128,0.000,99.109,,,
10115,1577,243,59,19,10,13,8,14,15,7,6,2,2,0,0,2,1,0.012188,49.154,0.000,99.116,,,
10120,1478,262,53,27,13,16,9,8,10,5,4,2,3,2,2,0,0,0.011739,49.154,0.000,99.122,,,
10125,1586,253,59,29,14,12,11,17,4,7,3,2,4,0,2,0,0,0.012458,49.149,0.000,99.103,,,
10130,1566,288,64,19,12,18,10,15,10,8,5,2,1,2,1,0,0,0.012491,49.154,0.000,99.116,,,
10135,1573,259,80,19,14,11,4,13,7,7,3,3,2,0,0,0,0,0.012314,49.164,0.000,99.122,,,
10140,1586,261,76,19,13,16,16,13,10,9,2,4,0,2,0,2,0,0.012451,49.205,0.000,99.116,,,
10145,1536,277,65,24,8,18,8,21,7,3,2,4,2,0,0,1,1,0.012249,49.205,0.000,99.116,,,
10150,1543,276,60,25,17,18,8,16,10,6,4,2,5,2,1,1,0,0.012248,49.205,0.000,99.116,,,
10155,1597,255,58,26,13,11,10,15,9,6,6,1,2,0,1,0,1,0.012471,49.210,0.000,99.122,,,
10160,1656,269,69,17,13,16,11,17,18,2,5,7,1,1,0,0,1,0.012822,49.231,0.000,99.116,,,
10165,1596,269,68,21,14,14,9,11,16,5,7,2,3,1,0,0,0,0.012603,49.231,0.000,99.109,,,
10170,1486,225,60,15,11,8,13,15,13,8,4,1,2,2,0,1,3,0.011457,49.231,0.000,99.122,,,
10175,1555,244,60,31,9,12,13,19,8,5,9,3,2,1,1,0,1,0.012157,49.231,0.000,99.109,,,
10180,1661,258,76,19,12,14,9,11,7,1,3,6,3,0,0,1,0,0.012752,49.241,0.000,99.116,,,
10185,1615,281,57,28,12,17,12,13,16,5,2,3,3,4,1,0,0,0.012799,49.282,0.000,99.103,,,
10190,1453,250,65,13,16,9,9,13,9,6,6,3,2,2,0,2,0,0.011588,49.282,0.000,99.116,,,
10195,1586,245,65,24,15,14,11,15,13,9,4,2,1,2,0,1,1,0.012212,49.282,0.000,99.103,,,
10200,1610,263,83,18,17,15,14,15,12,5,5,1,0,1,1,0,0,0.012797,49.282,0.000,99.116,,,
10205,1613,265,71,27,10,23,6,11,15,7,2,1,0,4,0,0,0,0.012748,49.282,0.000,99.122,,,
10210,1649,292,65,15,15,21,7,23,12,9,4,5,1,0,1,1,0,0.013085,49.282,0.000,99.109,,,
10215,1612,278,60,20,12,17,7,12,14,3,4,1,1,0,1,0,0,0.012621,49.297,0.000,99.122,,,
10220,1615,262,69,18,11,13,15,15,7,6,6,1,3,0,0,1,0,0.012391,49.308,0.000,99.122,,,
10225,1551,271,60,16,11,15,10,15,5,9,4,5,7,2,3,1,2,0.012323,49.308,0.000,99.116,,,
10230,1709,269,45,25,9,16,11,13,11,3,8,3,2,1,2,2,0,0.013067,49.308,0.000,99.116,,,
10235,1561,230,52,23,8,11,16,15,7,6,5,4,5,2,1,0,0,0.012042,49.338,0.000,99.122,,,
10240,1694,262,55,26,21,13,16,24,11,8,5,0,3,3,1,3,0,0.013196,49.359,0.000,99.116,,,
10245,1544,295,54,23,18,14,10,14,12,8,6,2,1,0,0,2,1,0.012435,49.359,0.000,99.109,,,
10250,1479,255,55,22,15,12,11,24,15,11,2,2,1,1,2,1,2,0.011776,49.359,0.000,99.116,,,
10255,1575,265,53,27,16,15,10,19,11,7,5,1,0,5,3,1,2,0.012512,49.364,0.000,99.103,,,
10260,1635,265,69,24,11,11,13,20,13,6,5,1,1,0,2,2,2,0.012882,49.385,0.000,99.122,,,
10265,1531,238,63,15,14,17,14,11,17,5,2,0,0,1,2,0,1,0.011903,49.385,0.000,99.116,,,
10270,1583,257,62,25,20,19,6,13,14,9,5,3,3,1,0,1,0,0.012462,49.385,0.000,99.122,,,
10275,1546,249,59,16,13,18,17,10,11,5,2,5,2,0,2,0,0,0.012005,49.385,0.000,99.122,,,
10280,1546,227,61,25,9,21,14,15,9,5,3,2,1,1,1,0,1,0.011726,49.436,0.000,99.122,,,
10285,1630,251,58,28,9,14,15,10,18,4,4,2,2,2,0,0,1,0.012602,49.436,0.000,99.116,,,
10290,1617,247,64,28,17,12,9,19,5,11,3,0,2,1,0,1,1,0.012557,49.436,0.000,99.103,,,
10295,1596,307,67,27,11,22,8,9,14,7,1,3,2,2,0,0,0,0.012905,49.436,0.000,99.122,,,
10300,1414,241,52,20,10,13,9,20,10,2,7,0,1,1,3,0,0,0.011089,49.467,0.000,99.109,,,
10305,1549,259,49,22,14,16,13,22,13,11,3,6,1,4,0,0,0,0.012153,49.487,0.000,99.103,,,
10310,1579,245,53,26,17,13,8,10,15,3,4,1,5,1,2,3,0,0.012409,49.487,0.000,99.122,,,
10315,1581,271,60,14,19,15,14,18,11,9,3,5,1,1,0,1,0,0.012469,49.492,0.000,99.109,,,
10320,1603,271,55,20,14,15,7,10,13,7,4,4,1,0,1,0,1,0.012386,49.508,0.000,99.109,,,
10325,1601,264,54,24,11,19,18,18,17,8,5,3,5,2,0,0,0,0.012695,49.513,0.000,99.103,,,
10330,1622,268,61,27,10,21,9,15,11,8,11,6,2,0,1,1,2,0.012771,49.513,0.000,99.116,,,
10335,1595,289,62,31,15,12,6,21,10,2,7,0,1,1,1,0,0,0.012746,49.544,0.000,99.116,,,
10340,1615,283,61,20,19,26,11,18,6,7,3,3,3,0,1,0,0,0.012800,49.564,0.000,99.122,,,
10345,1508,217,41,30,11,15,8,15,14,5,5,2,1,0,1,0,1,0.011384,49.564,0.000,99.116,,,
10350,1530,283,52,18,11,16,14,17,6,8,7,2,3,0,0,0,0,0.012154,49.564,0.000,99.109,,,
10355,1563,267,71,21,16,18,7,10,15,6,5,2,2,2,0,1,1,0.012358,49.590,0.000,99.116,,,
10360,1598,261,55,22,18,20,13,10,5,6,5,4,0,0,0,0,0,0.012356,49.590,0.000,99.122,,,
10365,1537,239,59,14,9,12,9,17,6,8,2,6,4,0,1,0,1,0.011699,49.590,0.000,99.122,,,
10370,1423,243,58,23,11,11,6,18,11,6,6,3,2,2,0,1,1,0.011380,49.600,0.000,99.116,,,
10375,1563,244,61,19,9,10,18,13,9,8,3,3,3,0,2,1,0,0.012082,49.641,0.000,99.122,,,
10380,1607,257,50,33,13,9,9,15,12,6,6,3,6,4,3,3,2,0.012588,49.641,0.000,99.116,,,
10385,1547,250,60,26,12,21,9,14,12,7,3,5,1,2,1,1,1,0.012207,49.646,0.000,99.122,,,
10390,1617,250,64,22,15,23,11,15,14,8,5,2,0,0,2,2,0,0.012695,49.656,0.000,99.103,,,
10395,1645,275,61,28,13,16,15,10,18,7,3,5,2,0,0,1,0,0.012845,49.667,0.000,99.116,,,
10400,1615,247,64,24,15,9,10,11,13,10,4,11,3,4,0,1,1,0.012647,49.667,0.000,99.122,,,
10405,1629,280,53,29,12,16,9,13,17,7,2,3,5,0,1,1,0,0.012909,49.687,0.000,99.116,,,
10410,1529,258,50,22,13,17,9,14,7,2,6,5,1,0,1,1,1,0.011974,49.718,0.000,99.103,,,
10415,1631,255,70,21,14,20,8,13,10,3,3,4,0,3,1,0,0,0.012652,49.718,0.000,99.109,,,
10420,1553,261,64,24,14,17,15,23,16,5,7,0,1,1,1,0,0,0.012374,49.718,0.000,99.116,,,
10425,1592,295,61,25,11,15,9,16,9,8,5,1,1,0,0,0,0,0.012651,49.738,0.000,99.116,,,
10430,1563,279,64,19,13,14,6,15,8,7,6,1,4,0,2,1,0,0.012457,49.744,0.000,99.122,,,
10435,1621,278,57,19,20,11,8,17,8,8,2,2,1,1,1,0,0,0.012613,49.744,0.000,99.116,,,
10440,1637,277,61,30,11,12,7,16,16,8,7,1,2,1,2,0,2,0.012960,49.764,0.000,99.122,,,
10445,1586,285,61,27,22,16,5,13,15,8,15,0,3,2,0,1,1,0.012624,49.785,0.000,99.116,,,
10450,1535,284,75,19,12,10,9,12,11,2,5,1,3,3,1,2,0,0.012428,49.795,0.000,99.122,,,
10455,1570,270,68,31,11,18,6,13,8,8,4,2,0,0,0,0,0,0.012375,49.800,0.000,99.109,,,
10460,1534,290,60,22,12,15,10,12,13,9,2,1,3,2,0,0,0,0.012329,49.815,0.000,99.122,,,
10465,1546,254,69,25,11,8,14,13,16,7,4,3,2,3,2,0,0,0.012252,49.821,0.000,99.109,,,
10470,1630,261,55,29,15,17,12,11,9,4,6,0,4,1,0,0,0,0.012630,49.821,0.000,99.109,,,
10475,1554,267,74,22,13,17,14,16,10,2,5,5,3,1,3,1,0,0.012430,49.841,0.000,99.116,,,
10480,1611,264,64,20,10,17,9,25,7,7,3,6,4,2,2,1,0,0.012697,49.872,0.000,99.116,,,
10485,1570,239,54,31,8,14,12,13,14,8,1,3,1,3,3,1,1,0.012245,49.872,0.000,99.116,,,
10490,1505,257,65,24,12,12,11,22,16,3,6,3,0,0,0,2,0,0.011935,49.872,0.000,99.116,,,
10495,1545,274,58,24,12,9,9,10,7,3,5,3,1,2,2,3,0,0.012053,49.882,0.000,99.109,,,
10500,1665,275,82,33,15,19,11,15,14,7,2,3,5,3,1,1,0,0.013583,49.897,0.000,99.116,,,
10505,1594,259,80,25,12,15,19,9,14,9,3,2,4,3,1,1,0,0.012602,49.897,0.000,99.122,,,
10510,1628,253,60,22,14,20,12,13,11,7,4,3,1,3,0,1,0,0.012634,49.908,0.000,99.116,,,
10515,1692,270,54,24,9,13,15,13,12,6,3,1,2,3,2,1,0,0.013034,49.949,0.000,99.109,,,
10520,1686,281,65,20,10,16,7,15,13,10,4,3,3,2,0,3,0,0.013200,49.949,0.000,99.116,,,
10525,1585,271,52,20,11,17,14,12,20,3,4,5,2,2,2,0,1,0.012384,49.954,0.000,99.109,,,
10530,1584,269,59,15,12,22,12,15,11,5,1,4,0,1,1,2,0,0.012306,49.969,0.000,99.109,,,
10535,1562,287,70,25,5,14,14,13,5,7,6,1,0,0,0,0,1,0.012391,49.974,0.000,99.109,,,
10540,1582,271,76,25,7,18,12,17,13,5,4,1,2,2,1,1,0,0.012753,49.974,0.000,99.116,,,
10545,1595,271,64,28,5,16,9,15,15,7,2,2,6,3,2,2,1,0.012466,49.985,0.000,99.109,,,
10550,1542,254,76,24,11,16,9,18,12,6,7,6,1,0,0,1,0,0.012272,50.026,0.000,99.116,,,
10555,1535,272,64,22,20,17,10,15,10,5,3,4,2,0,0,1,3,0.012377,50.026,0.000,99.122,,,
10560,1470,243,77,29,4,10,14,10,10,9,1,3,2,1,0,0,1,0.011794,50.026,0.000,99.122,,,
10565,1546,262,57,16,14,14,12,13,9,7,2,6,4,3,0,2,0,0.011955,50.047,0.000,99.116,,,
10570,1664,243,51,22,8,18,9,15,11,5,6,1,2,1,0,0,1,0.012343,50.053,0.000,99.109,,,
10575,1600,264,66,29,15,20,12,14,8,10,6,3,4,1,0,0,0,0.012724,50.053,0.000,99.116,,,
10580,1615,292,59,23,10,14,7,16,13,9,3,2,3,1,1,1,0,0.012668,50.053,0.000,99.116,,,
10585,1636,300,59,23,10,18,7,11,14,8,3,3,2,0,1,2,2,0.012869,50.095,0.000,99.116,,,
10590,1574,298,52,27,6,11,12,18,12,1,3,2,1,3,1,1,1,0.012601,50.105,0.000,99.116,,,
10595,1599,271,59,20,8,21,12,18,16,7,4,3,0,1,1,0,0,0.012557,50.105,0.000,99.109,,,
10600,1558,281,63,24,3,16,15,19,9,7,4,8,2,1,1,1,1,0.012539,50.105,0.000,99.116,,,
10605,1477,245,67,24,9,12,16,18,16,19,5,5,4,3,3,2,4,0.011879,50.132,0.000,99.103,,,
10610,1600,273,66,29,4,16,14,20,5,6,4,3,3,1,1,1,0,0.012618,50.132,0.000,99.116,,,
10615,1559,257,71,25,12,9,7,14,15,8,5,3,2,1,0,0,1,0.012413,50.132,0.000,99.122,,,
10620,1602,257,63,19,8,17,15,22,16,5,3,5,4,0,0,2,0,0.012546,50.153,0.000,99.109,,,
10625,1552,268,64,22,7,14,9,19,10,5,2,4,0,3,1,0,0,0.012196,50.163,0.000,99.116,,,
10630,1600,300,65,23,7,19,16,12,14,8,4,3,1,2,0,1,0,0.012730,50.184,0.000,99.116,,,
10635,1591,250,54,20,8,13,12,18,21,13,3,1,0,3,2,3,1,0.012362,50.184,0.000,99.116,,,
10640,1641,264,53,24,14,11,13,15,15,6,3,3,3,2,1,0,1,0.012790,50.195,0.000,99.122,,,
10645,1607,255,65,21,7,12,10,15,6,1,6,7,2,1,0,1,1,0.012312,50.237,0.000,99.122,,,
10650,1593,290,80,23,7,13,12,9,10,7,3,4,3,0,0,1,0,0.012820,50.237,0.000,99.109,,,
10655,1570,263,70,35,8,8,11,15,18,7,4,4,4,2,1,0,1,0.012548,50.237,0.000,99.116,,,
10660,1656,256,59,20,5,12,9,13,9,6,3,2,2,2,0,1,1,0.012689,50.237,0.000,99.109,,,
10665,1606,288,72,25,4,17,13,17,8,6,4,2,4,3,2,0,0,0.012855,50.258,0.000,99.122,,,
10670,1553,304,70,21,10,17,23,10,9,9,4,2,1,3,0,1,1,0.012718,50.263,0.000,99.122,,,
10675,1543,282,60,21,12,14,10,12,11,7,4,5,3,1,2,1,2,0.012377,50.263,0.000,99.109,,,
10680,1532,259,63,34,7,21,16,11,11,5,5,2,4,3,1,1,1,0.012235,50.263,0.000,99.122,,,
10685,1505,276,68,21,4,15,8,17,13,4,3,6,1,3,1,0,0,0.012051,50.284,0.000,99.116,,,
10690,1522,291,57,19,7,15,6,11,10,7,4,5,0,1,1,1,0,0.012091,50.305,0.000,99.116,,,
10695,1560,259,74,26,3,15,6,14,10,10,5,0,2,1,1,0,0,0.012285,50.316,0.000,99.122,,,
10700,1481,273,46,28,6,22,13,12,13,6,5,1,0,1,0,2,1,0.011688,50.316,0.000,99.116,,,
10705,1575,240,56,27,2,11,8,15,11,6,2,1,3,0,0,2,0,0.011971,50.321,0.000,99.116,,,
10710,1550,301,65,20,3,9,9,13,11,4,1,4,4,2,1,1,1,0.012365,50.337,0.000,99.122,,,
10715,1651,291,59,25,4,13,13,16,10,6,0,0,3,1,0,2,0,0.012744,50.342,0.000,99.116,,,
10720,1472,280,45,26,2,12,13,14,10,8,3,7,0,5,1,0,1,0.011897,50.342,0.000,99.109,,,
10725,1465,248,65,19,3,18,10,13,9,8,3,2,7,1,1,1,1,0.011547,50.353,0.000,99.116,,,
10730,1602,271,59,29,4,15,17,15,14,5,3,2,4,1,0,2,0,0.012653,50.384,0.000,99.109,,,
10735,1559,271,60,26,1,15,11,16,10,5,4,3,4,1,0,2,1,0.012248,50.395,0.000,99.116,,,
10740,1547,285,60,14,3,24,8,7,13,5,3,3,0,2,3,1,0,0.012183,50.395,0.000,99.122,,,
10745,1617,306,54,28,0,11,12,17,11,5,5,3,4,0,0,1,1,0.012832,50.395,0.000,99.116,,,
10750,1563,230,67,31,0,18,8,10,6,3,4,3,4,3,3,0,0,0.011942,50.416,0.000,99.122,,,
10755,1538,271,68,29,2,14,5,23,4,5,3,1,2,2,0,0,0,0.012281,50.421,0.000,99.122,,,
10760,1541,279,56,29,4,16,12,16,8,8,4,4,2,3,3,1,0,0.012300,50.421,0.000,99.116,,,
10765,1515,248,63,22,2,15,13,13,14,2,6,5,2,1,0,1,2,0.011901,50.421,0.000,99.116,,,
10770,1541,212,62,33,0,16,6,16,11,4,6,1,1,1,0,0,1,0.011697,50.432,0.000,99.116,,,
10775,1528,275,70,25,2,11,12,17,11,4,6,3,2,1,0,1,0,0.012111,50.474,0.000,99.116,,,
10780,1539,257,65,30,0,21,12,25,11,6,4,1,1,2,0,0,0,0.012199,50.463,0.000,99.109,,,
10785,1698,294,68,30,0,17,9,19,6,10,5,3,2,0,1,1,0,0.013262,50.474,0.000,99.116,,,
10790,1727,297,79,23,0,21,10,18,11,7,5,2,2,2,1,1,1,0.013758,50.474,0.000,99.122,,,
10795,1764,375,91,27,0,17,8,16,13,6,4,2,0,1,1,0,0,0.014451,50.479,0.000,99.122,,,
10800,1670,333,75,15,0,13,14,11,13,7,7,3,2,4,1,0,0,0.013525,50.489,0.000,99.128,,,
10805,1536,297,71,18,0,19,10,16,11,6,3,1,1,4,2,1,0,0.012268,50.500,0.000,99.122,,,
10810,1772,314,74,29,0,17,8,7,6,6,1,2,2,1,1,0,0,0.013850,50.500,0.000,99.122,,,
10815,1644,281,79,17,0,8,6,12,14,5,4,4,1,1,0,0,0,0.012791,50.500,0.000,99.122,,,
10820,1603,286,72,21,0,17,9,13,12,7,5,7,4,2,1,2,1,0.012779,50.500,0.000,99.122,,,
10825,1602,255,84,25,0,10,17,16,10,9,2,5,0,1,1,1,0,0.012651,50.542,0.000,99.122,,,
10830,1621,289,62,21,0,16,11,15,15,6,4,4,1,1,2,3,0,0.012679,50.553,0.000,99.116,,,
10835,1582,294,61,18,0,13,11,14,22,10,3,1,1,2,2,1,0,0.012541,50.553,0.000,99.122,,,
10840,1498,263,69,19,0,14,11,10,10,2,2,3,1,1,1,1,0,0.011681,50.553,0.000,99.122,,,
10845,1568,248,81,23,0,13,13,22,16,8,6,1,1,3,2,1,0,0.012397,50.568,0.000,99.122,,,
10850,1623,276,71,22,0,19,10,15,8,7,5,2,2,4,0,1,0,0.012786,50.579,0.000,99.116,,,
10855,1358,220,70,21,0,15,10,14,8,9,5,6,2,4,1,1,3,0.010742,50.579,0.000,99.122,,,
10860,1601,270,75,16,0,12,9,13,9,4,7,2,3,2,0,2,1,0.012461,50.589,0.000,99.122,,,
10865,1590,254,76,18,0,12,13,11,9,6,6,0,0,0,0,0,0,0.012121,50.621,0.000,99.122,,,
10870,1598,269,48,14,0,10,14,15,10,7,3,7,7,0,3,2,0,0.012242,50.632,0.000,99.122,,,
10875,1504,246,70,11,0,17,8,18,14,7,5,0,0,0,1,4,1,0.011646,50.632,0.000,99.122,,,
10880,1571,271,65,21,0,10,11,20,6,3,5,1,2,3,0,0,0,0.012226,50.632,0.000,99.122,,,
10885,1504,247,58,25,0,11,14,19,11,5,5,2,2,2,2,1,1,0.011781,50.658,0.000,99.122,,,
10890,1545,243,66,21,0,12,8,17,15,8,3,4,1,1,1,5,2,0.012190,50.658,0.000,99.122,,,
10895,1530,278,74,14,0,15,9,12,10,3,5,4,1,1,2,0,1,0.012057,50.658,0.000,99.116,,,
10900,1360,212,54,18,0,19,10,13,10,10,4,1,4,0,0,0,0,0.010399,50.668,0.000,99.122,,,
10905,1578,281,60,21,0,8,9,14,9,1,9,3,2,2,1,1,0,0.012317,50.700,0.000,99.122,,,
10910,1610,260,65,23,0,10,12,19,15,6,5,2,4,1,3,2,0,0.012459,50.711,0.000,99.122,,,
10915,1555,264,51,15,0,23,7,16,5,4,8,1,1,0,0,0,1,0.011935,50.711,0.000,99.122,,,
10920,1563,275,68,16,0,14,8,15,11,8,6,0,2,5,0,3,1,0.012387,50.716,0.000,99.122,,,
10925,1321,252,68,13,0,8,8,14,15,4,2,2,4,2,0,1,0,0.010673,50.737,0.000,99.122,,,
10930,1552,229,46,6,0,8,10,14,12,6,3,4,2,1,1,1,1,0.011420,50.737,0.000,99.122,,,
10935,1553,263,49,16,0,20,9,14,14,7,2,1,2,1,1,1,0,0.011941,50.737,0.000,99.122,,,
10940,1587,251,69,11,0,18,6,9,21,9,3,2,0,2,0,2,1,0.012240,50.737,0.000,99.122,,,
10945,1526,267,50,14,0,11,9,15,15,9,4,2,4,2,0,1,1,0.011756,50.768,0.000,99.122,,,
10950,1495,278,67,11,0,13,13,14,14,5,5,5,1,3,0,1,0,0.011854,50.779,0.000,99.122,,,
10955,1532,250,44,15,0,15,16,14,6,12,2,0,3,4,0,1,1,0.011750,50.789,0.000,99.122,,,
10960,1549,255,58,8,0,8,10,19,15,8,6,1,4,3,0,0,0,0.012052,50.789,0.000,99.116,,,
10965,1484,257,56,9,0,13,12,18,10,6,4,3,1,2,0,4,0,0.011741,50.789,0.000,99.122,,,
10970,1379,245,66,9,0,10,10,12,9,4,3,1,5,2,0,3,0,0.010837,50.811,0.000,99.128,,,
10975,1562,251,61,16,0,16,12,16,17,3,4,1,2,0,2,0,0,0.011951,50.816,0.000,99.122,,,
10980,1468,235,70,5,0,15,10,20,7,5,6,3,1,1,1,3,1,0.011335,50.816,0.000,99.122,,,
10985,1551,245,74,7,0,7,5,15,12,2,4,0,1,6,1,0,0,0.011507,50.816,0.000,99.116,,,
10990,1405,215,47,11,0,19,10,18,7,7,4,2,1,1,0,0,2,0.010667,50.858,0.000,99.122,,,
10995,1515,255,52,10,0,11,13,8,13,8,6,2,4,1,1,1,3,0.011544,50.868,0.000,99.122,,,
11000,1558,267,68,5,0,15,10,17,5,8,7,3,1,0,1,1,0,0.012111,50.868,0.000,99.122,,,
11005,1455,236,51,6,0,11,5,9,15,7,7,2,3,0,1,1,0,0.010968,50.874,0.000,99.122,,,
11010,1617,267,83,3,0,12,13,12,17,10,7,3,4,3,0,0,1,0.012659,50.895,0.000,99.122,,,
11015,1508,272,54,8,0,19,13,10,14,3,8,3,1,1,1,3,0,0.011832,50.895,0.000,99.122,,,
11020,1608,260,65,6,0,16,7,9,10,5,3,6,4,1,2,1,0,0.012304,50.905,0.000,99.122,,,
11025,1474,233,62,4,0,12,14,13,14,7,8,3,1,1,0,0,1,0.011332,50.947,0.000,99.122,,,
11030,1619,276,66,5,0,12,10,8,15,8,6,4,0,0,1,0,0,0.012409,50.947,0.000,99.122,,,
11035,1677,259,65,1,0,17,8,5,14,5,6,4,0,2,1,0,1,0.012599,50.958,0.000,99.122,,,
11040,1540,292,65,0,0,16,10,15,9,11,1,4,1,0,2,1,0,0.012044,51.000,0.000,99.122,,,
11045,1594,298,83,3,0,17,9,18,9,4,4,3,5,1,1,1,1,0.012689,51.000,0.000,99.128,,,
11050,1658,269,77,2,0,17,15,17,11,6,5,0,1,1,0,2,0,0.012740,51.000,0.000,99.134,,,
11055,1613,277,68,3,0,18,13,14,8,7,6,5,2,3,1,0,0,0.012544,51.017,0.000,99.128,,,
11060,1579,266,82,0,0,12,9,15,10,7,4,2,3,3,3,1,1,0.012355,51.028,0.000,99.122,,,
11065,1663,311,83,0,0,18,13,18,13,9,4,1,0,3,1,1,0,0.013179,51.028,0.000,99.122,,,
11070,1647,296,70,1,0,15,12,12,13,9,1,1,2,1,2,1,0,0.012776,51.028,0.000,99.134,,,
11075,1416,233,73,0,0,16,15,19,6,7,3,3,1,4,0,2,1,0.011299,51.083,0.000,99.122,,,
11080,1667,280,93,0,0,15,9,15,6,8,5,10,2,1,0,0,2,0.012971,51.083,0.000,99.122,,,
11085,1639,227,70,0,0,14,12,15,15,7,6,4,2,0,1,0,0,0.012196,51.089,0.000,99.128,,,
11090,1488,253,53,0,0,15,8,15,8,4,3,4,1,1,0,0,1,0.011335,51.111,0.000,99.128,,,
11095,1607,259,74,0,0,20,15,16,8,6,3,5,2,3,0,0,0,0.012250,51.111,0.000,99.122,,,
11100,1615,296,64,0,0,12,8,19,12,9,2,2,3,3,0,0,1,0.012505,51.122,0.000,99.128,,,
11105,1591,268,70,0,0,14,10,20,13,10,5,4,3,3,0,1,0,0.012424,51.167,0.000,99.122,,,
11110,1554,297,54,0,0,14,7,11,12,5,3,2,1,3,2,1,1,0.012068,51.167,0.000,99.122,,,
11115,1681,257,66,0,0,14,9,21,14,8,7,4,2,3,1,2,0,0.012648,51.172,0.000,99.116,,,
11120,1423,243,54,0,0,20,5,16,11,4,3,2,1,2,1,0,1,0.011058,51.194,0.000,99.122,,,
11125,1622,281,55,0,0,17,17,12,12,4,3,3,2,2,1,1,0,0.012525,51.194,0.000,99.122,,,
11130,1684,254,52,0,0,9,13,10,15,5,5,1,1,0,1,0,0,0.012314,51.206,0.000,99.122,,,
11135,1608,263,63,0,0,14,12,13,6,7,5,4,1,2,0,0,0,0.012146,51.239,0.000,99.122,,,
11140,1678,286,61,0,0,19,10,10,15,5,4,4,2,3,1,1,1,0.012794,51.250,0.000,99.122,,,
11145,1688,263,61,0,0,19,9,11,12,9,6,4,5,0,0,2,0,0.012807,51.250,0.000,99.122,,,
11150,1447,248,56,0,0,17,4,13,17,4,5,3,1,1,1,0,1,0.011058,51.250,0.000,99.128,,,
11155,1651,304,64,0,0,12,4,8,4,6,3,5,1,1,1,1,0,0.012595,51.272,0.000,99.122,,,
11160,1554,281,45,0,0,14,4,13,11,1,4,6,2,1,1,1,0,0.011871,51.278,0.000,99.122,,,
11165,1673,249,54,0,0,12,8,10,6,5,5,2,1,4,2,0,0,0.012218,51.278,0.000,99.134,,,
11170,1689,267,55,0,0,19,7,10,15,11,3,3,3,1,0,2,0,0.012693,51.278,0.000,99.134,,,
11175,1595,254,38,0,0,13,6,10,15,7,4,2,2,0,0,0,1,0.011765,51.333,0.000,99.122,,,
11180,1577,296,52,0,0,13,14,25,6,10,4,1,4,2,0,0,0,0.012477,51.333,0.000,99.122,,,
11185,1643,260,39,0,0,16,7,13,6,8,2,3,1,1,0,1,1,0.012097,51.333,0.000,99.128,,,
11190,1552,293,64,0,0,15,7,9,8,5,3,3,4,0,1,1,1,0.012191,51.339,0.000,99.122,,,
11195,1611,266,43,0,0,21,8,11,15,11,7,3,1,3,2,1,1,0.012207,51.356,0.000,99.122,,,
11200,1623,305,53,0,0,19,10,13,13,8,7,1,1,3,1,3,0,0.012697,51.361,0.000,99.128,,,
11205,1656,294,53,0,0,24,11,14,11,6,5,2,1,0,1,1,1,0.012713,51.361,0.000,99.128,,,
11210,1626,247,44,0,0,16,7,13,8,3,2,3,0,0,1,1,0,0.011970,51.361,0.000,99.122,,,
11215,1377,209,43,0,0,17,13,12,8,5,7,3,5,2,1,0,1,0.010546,51.372,0.000,99.128,,,
11220,1590,296,51,0,0,16,9,7,12,4,6,0,3,4,0,0,0,0.012237,51.394,0.000,99.122,,,
11225,1646,273,44,0,0,20,10,14,14,4,6,5,3,0,2,0,1,0.012536,51.417,0.000,99.122,,,
11230,1612,312,35,0,0,21,10,23,13,8,1,1,1,1,2,0,0,0.012513,51.417,0.000,99.122,,,
11235,1678,280,32,0,0,15,5,15,10,3,4,2,4,1,0,0,0,0.012396,51.417,0.000,99.128,,,
11240,1633,291,45,0,0,14,11,12,10,9,5,0,2,3,0,0,1,0.012503,51.428,0.000,99.122,,,
11245,1594,284,49,0,0,12,14,16,15,2,3,0,4,2,1,1,2,0.012303,51.444,0.000,99.128,,,
11250,1664,294,46,0,0,10,14,7,11,2,1,3,4,2,1,0,0,0.012467,51.444,0.000,99.122,,,
11255,1708,295,53,0,0,18,12,13,7,6,6,4,2,1,1,2,0,0.013012,51.444,0.000,99.122,,,
11260,1728,305,35,0,0,14,13,12,17,4,3,1,1,0,2,1,0,0.013096,51.467,0.000,99.122,,,
11265,1821,408,60,0,0,15,5,21,12,6,4,1,2,2,0,1,0,0.014530,51.500,0.000,99.122,,,
11270,1875,406,58,0,0,12,9,13,16,7,6,4,4,5,0,1,0,0.014957,51.500,0.000,99.122,,,
11275,1817,370,57,0,0,15,13,12,6,9,4,3,3,1,2,2,1,0.014295,51.500,0.000,99.128,,,
11280,1570,314,58,0,0,12,5,16,11,9,0,3,3,1,1,2,0,0.012385,51.500,0.000,99.122,,,
11285,1736,348,61,0,0,11,9,18,19,4,7,4,2,1,1,1,0,0.013618,51.506,0.000,99.122,,,
11290,1851,386,57,0,0,12,7,23,9,9,3,5,2,0,0,1,0,0.014732,51.528,0.000,99.122,,,
11295,1799,339,60,0,0,17,7,18,9,9,5,2,0,0,0,1,1,0.014248,51.528,0.000,99.122,,,
11300,1812,383,60,0,0,24,8,17,8,12,1,4,4,0,1,0,0,0.014381,51.528,0.000,99.122,,,
11305,1851,419,55,0,0,25,8,16,9,6,7,1,1,1,0,0,0,0.014919,51.528,0.000,99.128,,,
11310,1804,343,45,0,0,16,8,12,9,5,6,2,0,6,0,3,0,0.013878,51.561,0.000,99.122,,,
11315,1625,302,48,0,0,19,8,18,19,7,4,5,5,1,2,0,0,0.012850,51.583,0.000,99.122,,,
11320,1570,308,35,0,0,18,11,12,12,10,6,4,2,3,0,1,1,0.012295,51.583,0.000,99.128,,,
11325,1777,309,40,0,0,8,16,15,12,9,8,3,4,0,0,2,0,0.013368,51.583,0.000,99.128,,,
11330,1722,354,39,0,0,14,7,9,10,6,1,0,1,1,0,0,0,0.013413,51.594,0.000,99.122,,,
11335,1571,312,22,0,0,14,3,14,19,7,4,0,3,1,1,1,0,0.012097,51.606,0.000,99.134,,,
11340,1500,290,35,0,0,10,8,13,11,6,4,3,1,1,0,0,2,0.011678,51.611,0.000,99.134,,,
11345,1630,302,33,0,0,9,10,14,14,8,3,5,3,1,4,1,0,0.012407,51.611,0.000,99.122,,,
11350,1666,346,31,0,0,10,11,9,16,10,2,2,1,2,0,1,2,0.012996,51.611,0.000,99.134,,,
11355,1606,289,30,0,0,9,8,11,12,11,4,5,1,1,1,0,1,0.012004,51.611,0.000,99.134,,,
11360,1869,358,29,0,0,12,13,13,3,11,4,2,0,1,1,1,0,0.014232,51.656,0.000,99.128,,,
11365,1791,365,28,0,0,14,10,12,16,5,3,1,1,1,2,0,1,0.013780,51.667,0.000,99.134,,,
11370,2205,481,37,0,0,14,10,23,15,3,6,1,4,2,0,0,0,0.017212,51.667,0.000,99.128,,,
11375,2592,667,59,0,0,20,14,16,11,8,2,1,2,0,0,1,0,0.021209,51.667,0.000,99.128,,,
11380,2320,536,40,0,0,14,6,8,8,10,4,0,1,1,1,0,1,0.018248,51.667,0.000,99.122,,,
11385,2190,474,43,0,0,9,6,8,10,12,2,0,0,1,0,0,0,0.016782,51.667,0.000,99.141,,,
11390,2041,395,29,0,0,14,13,14,11,5,7,3,1,0,1,1,0,0.015495,51.689,0.000,99.128,,,
11395,1742,310,20,0,0,14,16,13,11,8,6,2,2,1,0,1,1,0.013156,51.694,0.000,99.122,,,
11400,1457,295,16,0,0,5,10,13,10,5,6,2,3,2,2,0,3,0.011070,51.694,0.000,99.134,,,
11405,1861,372,24,0,0,13,12,8,20,7,7,2,2,1,1,0,0,0.014202,51.694,0.000,99.128,,,
11410,1722,324,14,0,0,17,13,11,9,7,3,1,5,1,0,2,1,0.012931,51.694,0.000,99.134,,,
11415,1655,322,13,0,0,14,8,9,6,10,6,4,2,1,1,1,0,0.012593,51.694,0.000,99.128,,,
11420,1665,310,13,0,0,20,10,18,6,5,1,3,3,0,0,1,0,0.012482,51.728,0.000,99.141,,,
11425,1552,310,8,0,0,12,11,13,12,5,8,1,0,5,1,1,2,0.011816,51.739,0.000,99.128,,,
11430,1572,272,9,0,0,17,7,12,15,10,4,2,0,2,0,0,0,0.011686,51.750,0.000,99.147,,,
11435,1480,273,9,0,0,19,14,10,8,3,3,2,3,0,0,0,2,0.011051,51.750,0.000,99.134,,,
11440,1542,293,4,0,0,12,11,17,11,8,6,5,0,2,2,0,1,0.011752,51.761,0.000,99.134,,,
11445,1658,316,5,0,0,14,5,16,14,1,2,1,5,2,1,1,0,0.012491,51.794,0.000,99.141,,,
11450,1624,308,4,0,0,13,18,17,3,10,6,7,1,1,2,0,0,0.012281,51.806,0.000,99.141,,,
11455,1429,242,2,0,0,14,14,8,13,7,8,3,1,2,2,2,1,0.010670,51.806,0.000,99.134,,,
11460,1635,285,0,0,0,12,11,14,8,9,2,4,1,0,0,3,0,0.011937,51.822,0.000,99.128,,,
11465,1612,279,0,0,0,17,14,17,13,7,4,1,4,2,0,1,1,0.011978,51.833,0.000,99.128,,,
11470,1372,235,0,0,0,11,15,16,19,6,2,5,2,3,0,2,1,0.010287,51.833,0.000,99.141,,,
11475,1623,290,0,0,0,17,12,16,19,11,4,5,1,3,0,1,0,0.012262,51.833,0.000,99.147,,,
11480,1449,278,0,0,0,13,8,9,9,4,2,1,2,3,0,1,0,0.010833,51.844,0.000,99.141,,,
11485,1671,295,0,0,0,8,9,16,18,6,4,6,2,1,0,0,0,0.012492,51.889,0.000,99.134,,,
11490,1575,287,0,0,0,10,11,20,11,8,2,2,1,0,0,0,0,0.011615,51.889,0.000,99.122,,,
11495,1627,259,0,0,0,11,13,13,18,4,6,5,1,1,2,2,1,0.012059,51.889,0.000,99.122,,,
11500,1564,293,0,0,0,10,13,20,9,6,6,4,5,0,1,0,1,0.011597,51.900,0.000,99.134,,,
11505,1837,292,0,0,0,17,12,11,13,11,2,3,2,2,2,1,0,0.013478,51.917,0.000,99.141,,,
11510,1685,277,0,0,0,8,13,14,7,7,2,1,4,0,0,1,0,0.012266,51.917,0.000,99.141,,,
11515,1662,286,0,0,0,13,7,20,12,10,4,2,1,2,3,2,0,0.012323,51.917,0.000,99.122,,,
11520,1581,303,0,0,0,20,17,18,3,8,4,4,2,1,0,2,0,0.012100,51.961,0.000,99.128,,,
11525,1664,304,0,0,0,23,11,14,3,5,2,3,2,2,1,1,0,0.012264,51.972,0.000,99.134,,,
11530,1697,300,0,0,0,9,10,11,11,6,4,3,2,3,0,1,1,0.012427,51.972,0.000,99.128,,,
11535,1601,270,0,0,0,15,10,18,11,6,4,8,1,2,0,1,0,0.011837,51.978,0.000,99.122,,,
11540,1640,289,0,0,0,10,11,10,9,9,4,2,0,3,3,1,0,0.012030,51.972,0.000,99.128,,,
11545,1669,256,0,0,0,11,7,14,11,7,4,4,2,4,0,1,0,0.012176,52.000,0.000,99.122,,,
11550,1615,241,0,0,0,12,7,11,10,9,2,3,0,1,1,0,1,0.011628,52.000,0.000,99.141,,,
11555,1600,258,0,0,0,11,9,10,11,12,3,5,4,1,0,0,0,0.011662,52.000,0.000,99.134,,,
11560,1496,261,0,0,0,11,9,9,14,3,7,4,1,0,1,2,2,0.011171,52.000,0.000,99.128,,,
11565,1678,227,0,0,0,17,12,14,9,6,2,2,3,1,1,0,0,0.011809,52.022,0.000,99.128,,,
11570,1554,241,0,0,0,15,14,16,7,5,4,4,3,1,1,0,0,0.011241,52.033,0.000,99.128,,,
11575,1654,224,0,0,0,12,7,13,7,5,5,3,3,3,1,0,0,0.011692,52.056,0.000,99.147,,,
11580,1559,262,0,0,0,14,9,10,7,6,3,3,3,5,0,0,2,0.011423,52.056,0.000,99.122,,,
11585,1563,249,0,0,0,19,8,6,12,4,1,1,1,3,0,2,0,0.011362,52.056,0.000,99.153,,,
11590,1493,261,0,0,0,15,14,15,9,6,1,5,2,0,1,1,0,0.011155,52.061,0.000,99.122,,,
11595,1610,265,0,0,0,24,11,19,10,6,2,4,1,3,0,0,0,0.011744,52.083,0.000,99.128,,,
11600,1616,237,0,0,0,21,12,16,2,5,5,3,3,3,1,0,0,0.011565,52.083,0.000,99.134,,,
11605,1376,215,0,0,0,14,12,11,11,7,3,1,0,1,0,0,2,0.010102,52.083,0.000,99.134,,,
11610,1598,266,0,0,0,15,6,17,7,5,7,7,1,4,1,2,0,0.011780,52.083,0.000,99.134,,,
11615,1601,271,0,0,0,7,8,17,12,7,6,1,1,0,1,2,0,0.011839,52.117,0.000,99.141,,,
11620,1368,188,0,0,0,17,8,12,13,7,3,4,3,0,0,1,2,0.009979,52.139,0.000,99.128,,,
11625,1564,233,0,0,0,15,8,14,5,1,6,4,1,0,0,0,0,0.011109,52.139,0.000,99.134,,,
11630,1526,226,0,0,0,14,10,15,11,6,2,4,3,0,1,1,0,0.011012,52.139,0.000,99.128,,,
11635,1428,210,0,0,0,21,11,8,8,7,4,3,2,2,0,1,1,0.010248,52.144,0.000,99.128,,,
11640,1539,241,0,0,0,17,12,10,13,3,9,3,0,3,1,1,1,0.011199,52.167,0.000,99.128,,,
11645,1664,227,0,0,0,15,11,11,13,7,2,4,4,3,0,1,0,0.011971,52.167,0.000,99.141,,,
11650,1594,240,0,0,0,13,9,26,12,10,4,5,2,1,0,1,1,0.011725,52.167,0.000,99.141,,,
11655,1225,175,0,0,0,19,13,12,9,17,2,2,5,2,2,5,5,0.009094,52.189,0.000,99.128,,,
11660,1448,205,0,0,0,20,17,16,7,4,4,6,4,0,1,0,1,0.010454,52.222,0.000,99.134,,,
11665,1461,214,0,0,0,15,15,21,17,6,1,3,2,1,0,1,1,0.010691,52.222,0.000,99.141,,,
11670,1528,244,0,0,0,18,13,15,9,4,1,2,1,4,1,2,0,0.011133,52.222,0.000,99.128,,,
11675,1541,234,0,0,0,18,15,18,11,8,3,3,3,1,2,0,1,0.011370,52.233,0.000,99.128,,,
11680,1659,208,0,0,0,19,13,11,10,6,5,7,2,1,0,0,0,0.011573,52.250,0.000,99.128,,,
11685,1569,224,0,0,0,21,4,11,11,8,6,3,1,3,0,0,0,0.011190,52.250,0.000,99.134,,,
11690,1452,212,0,0,0,17,15,13,12,10,5,2,1,1,2,3,1,0.010655,52.250,0.000,99.147,,,
11695,1599,250,0,0,0,10,8,8,16,9,8,4,3,1,2,1,0,0.011621,52.294,0.000,99.128,,,
11700,1632,257,0,0,0,14,8,6,9,2,0,3,5,2,1,3,0,0.011879,52.306,0.000,99.153,,,
11705,1633,220,0,0,0,18,11,14,10,13,2,3,5,0,1,0,0,0.011561,52.306,0.000,99.128,,,
11710,1624,230,0,0,0,18,16,9,9,4,3,2,2,2,1,0,1,0.011624,52.317,0.000,99.134,,,
11715,1557,216,0,0,0,15,9,14,12,3,5,2,3,1,0,1,0,0.011042,52.328,0.000,99.134,,,
11720,1587,215,0,0,0,15,8,14,7,4,1,4,2,1,2,1,0,0.011256,52.333,0.000,99.134,,,
11725,1579,204,0,0,0,4,8,15,9,8,3,2,3,0,0,2,1,0.011117,52.333,0.000,99.122,,,
11730,1636,240,0,0,0,15,5,13,11,5,1,3,1,0,1,2,0,0.011755,52.333,0.000,99.122,,,
11735,1430,182,0,0,0,12,5,18,7,7,8,5,1,0,1,0,1,0.010144,52.333,0.000,99.134,,,
11740,1651,218,0,0,0,11,11,16,8,9,3,1,2,1,0,1,0,0.011546,52.367,0.000,99.128,,,
11745,1554,229,0,0,0,17,14,16,9,8,6,4,0,1,1,0,0,0.011321,52.389,0.000,99.122,,,
11750,1601,195,0,0,0,17,9,11,11,6,4,3,1,0,1,1,0,0.011280,52.389,0.000,99.122,,,
11755,1578,201,0,0,0,12,7,12,11,6,2,2,4,3,1,2,0,0.011091,52.389,0.000,99.128,,,
11760,1498,166,0,0,0,17,8,10,4,6,6,1,0,2,0,1,0,0.010447,52.389,0.000,99.134,,,
11765,1549,207,0,0,0,22,11,13,15,6,5,3,2,1,0,0,0,0.011148,52.400,0.000,99.128,,,
11770,1645,193,0,0,0,18,11,21,9,3,0,1,3,0,1,1,1,0.011367,52.417,0.000,99.122,,,
11775,1634,185,0,0,0,10,10,12,15,7,6,3,0,1,0,0,0,0.011253,52.417,0.000,99.141,,,
11780,1540,202,0,0,0,15,9,13,7,7,1,3,3,2,0,0,2,0.010905,52.439,0.000,99.128,,,
11785,1620,174,0,0,0,13,12,12,6,7,1,4,2,0,2,2,0,0.011105,52.472,0.000,99.141,,,
11790,1519,180,0,0,0,11,14,10,9,13,2,1,2,4,0,1,1,0.010646,52.472,0.000,99.147,,,
11795,1559,152,0,0,0,9,9,12,13,5,6,3,1,2,1,0,1,0.010715,52.472,0.000,99.141,,,
11800,1517,203,0,0,0,18,8,10,14,4,6,3,2,4,0,1,0,0.010881,52.472,0.000,99.134,,,
11805,1546,202,0,0,0,16,11,11,11,5,4,3,1,2,2,0,0,0.010829,52.472,0.000,99.134,,,
11810,1607,172,0,0,0,22,10,16,8,8,2,2,1,2,1,1,0,0.010989,52.478,0.000,99.134,,,
11815,1568,151,0,0,0,13,6,14,11,1,3,3,3,1,0,0,1,0.010591,52.478,0.000,99.122,,,
11820,1584,153,0,0,0,13,8,10,11,8,4,4,4,6,0,1,0,0.010657,52.500,0.000,99.134,,,
11825,1560,141,0,0,0,17,15,8,11,3,4,1,2,0,1,0,0,0.010439,52.500,0.000,99.128,,,
11830,1613,140,0,0,0,11,6,22,10,5,5,5,3,0,0,2,0,0.010901,52.500,0.000,99.141,,,
11835,1564,183,0,0,0,11,8,12,15,5,4,3,2,0,1,0,0,0.010826,52.500,0.000,99.134,,,
11840,1588,142,0,0,0,16,6,19,18,8,3,2,4,1,1,1,0,0.010917,52.500,0.000,99.128,,,
11845,1534,130,0,0,0,15,10,16,10,7,4,1,2,4,1,0,0,0.010464,52.500,0.000,99.134,,,
11850,1491,155,0,0,0,18,11,19,5,8,8,1,3,2,0,1,0,0.010497,52.500,0.000,99.128,,,
 ,3,1,0,0,0.011565,52.083,0.000,99.134,,,
11605,1376,215,0,0,0,14,12,11,11,7,3,1,0,1,0,0,2,0.010102,52.083,0.000,99.134,,,
11610,1598,266,0,0,0,15,6,17,7,5,7,7,1,4,1,2,0,0.011780,52.083,0.000,99.134,,,
11615,1601,271,0,0,0,7,8,17,12,7,6,1,1,0,1,2,0,0.011839,52.117,0.000,99.141,,,
11620,1368,188,0,0,0,17,8,12,13,7,3,4,3,0,0,1,2,0.009979,52.139,0.000,99.128,,,
11625,1564,233,0,0,0,15,8,14,5,1,6,4,1,0,0,0,0,0.011109,52.139,0.000,99.134,,,
11630,1526,226,0,0,0,14,10,15,11,6,2,4,3,0,1,1,0,0.011012,52.139,0.000,99.128,,,
11635,1428,210,0,0,0,21,11,8,8,7,4,3,2,2,0,1,1,0.010248,52.144,0.000,99.128,,,
11640,1539,241,0,0,0,17,12,10,13,3,9,3,0,3,1,1,1,0.011199,52.167,0.000,99.128,,,
11645,1664,227,0,0,0,15,11,11,13,7,2,4,4,3,0,1,0,0.011971,52.167,0.000,99.141,,,
11650,1594,240,0,0,0,13,9,26,12,10,4,5,2,1,0,1,1,0.011725,52.167,0.000,99.141,,,
11655,1225,175,0,0,0,19,13,12,9,17,2,2,5,2,2,5,5,0.009094,52.189,0.000,99.128,,,
11660,1448,205,0,0,0,20,17,16,7,4,4,6,4,0,1,0,1,0.010454,52.222,0.000,99.134,,,
11665,1461,214,0,0,0,15,15,21,17,6,1,3,2,1,0,1,1,0.010691,52.222,0.000,99.141,,,
11670,1528,244,0,0,0,18,13,15,9,4,1,2,1,4,1,2,0,0.011133,52.222,0.000,99.128,,,
11675,1541,234,0,0,0,18,15,18,11,8,3,3,3,1,2,0,1,0.011370,52.233,0.000,99.128,,,
11680,1659,208,0,0,0,19,13,11,10,6,5,7,2,1,0,0,0,0.011573,52.250,0.000,99.128,,,
11685,1569,224,0,0,0,21,4,11,11,8,6,3,1,3,0,0,0,0.011190,52.250,0.000,99.134,,,
11690,1452,212,0,0,0,17,15,13,12,10,5,2,1,1,2,3,1,0.010655,52.250,0.000,99.147,,,
11695,1599,250,0,0,0,10,8,8,16,9,8,4,3,1,2,1,0,0.011621,52.294,0.000,99.128,,,
11700,1632,257,0,0,0,14,8,6,9,2,0,3,5,2,1,3,0,0.011879,52.306,0.000,99.153,,,
11705,1633,220,0,0,0,18,11,14,10,13,2,3,5,0,1,0,0,0.011561,52.306,0.000,99.128,,,
11710,1624,230,0,0,0,18,16,9,9,4,3,2,2,2,1,0,1,0.011624,52.317,0.000,99.134,,,
11715,1557,216,0,0,0,15,9,14,12,3,5,2,3,1,0,1,0,0.011042,52.328,0.000,99.134,,,
11720,1587,215,0,0,0,15,8,14,7,4,1,4,2,1,2,1,0,0.011256,52.333,0.000,99.134,,,
11725,1579,204,0,0,0,4,8,15,9,8,3,2,3,0,0,2,1,0.011117,52.333,0.000,99.122,,,
11730,1636,240,0,0,0,15,5,13,11,5,1,3,1,0,1,2,0,0.011755,52.333,0.000,99.122,,,
11735,1430,182,0,0,0,12,5,18,7,7,8,5,1,0,1,0,1,0.010144,52.333,0.000,99.134,,,
11740,1651,218,0,0,0,11,11,16,8,9,3,1,2,1,0,1,0,0.011546,52.367,0.000,99.128,,,
11745,1554,229,0,0,0,17,14,16,9,8,6,4,0,1,1,0,0,0.011321,52.389,0.000,99.122,,,
11750,1601,195,0,0,0,17,9,11,11,6,4,3,1,0,1,1,0,0.011280,52.389,0.000,99.122,,,
11755,1578,201,0,0,0,12,7,12,11,6,2,2,4,3,1,2,0,0.011091,52.389,0.000,99.128,,,
11760,1498,166,0,0,0,17,8,10,4,6,6,1,0,2,0,1,0,0.010447,52.389,0.000,99.134,,,
11765,1549,207,0,0,0,22,11,13,15,6,5,3,2,1,0,0,0,0.011148,52.400,0.000,99.128,,,
11770,1645,193,0,0,0,18,11,21,9,3,0,1,3,0,1,1,1,0.011367,52.417,0.000,99.122,,,
11775,1634,185,0,0,0,10,10,12,15,7,6,3,0,1,0,0,0,0.011253,52.417,0.000,99.141,,,
11780,1540,202,0,0,0,15,9,13,7,7,1,3,3,2,0,0,2,0.010905,52.439,0.000,99.128,,,
11785,1620,174,0,0,0,13,12,12,6,7,1,4,2,0,2,2,0,0.011105,52.472,0.000,99.141,,,
11790,1519,180,0,0,0,11,14,10,9,13,2,1,2,4,0,1,1,0.010646,52.472,0.000,99.147,,,
11795,1559,152,0,0,0,9,9,12,13,5,6,3,1,2,1,0,1,0.010715,52.472,0.000,99.141,,,
11800,1517,203,0,0,0,18,8,10,14,4,6,3,2,4,0,1,0,0.010881,52.472,0.000,99.134,,,
11805,1546,202,0,0,0,16,11,11,11,5,4,3,1,2,2,0,0,0.010829,52.472,0.000,99.134,,,
11810,1607,172,0,0,0,22,10,16,8,8,2,2,1,2,1,1,0,0.010989,52.478,0.000,99.134,,,
11815,1568,151,0,0,0,13,6,14,11,1,3,3,3,1,0,0,1,0.010591,52.478,0.000,99.122,,,
11820,1584,153,0,0,0,13,8,10,11,8,4,4,4,6,0,1,0,0.010657,52.500,0.000,99.134,,,
11825,1560,141,0,0,0,17,15,8,11,3,4,1,2,0,1,0,0,0.010439,52.500,0.000,99.128,,,
11830,1613,140,0,0,0,11,6,22,10,5,5,5,3,0,0,2,0,0.010901,52.500,0.000,99.141,,,
11835,1564,183,0,0,0,11,8,12,15,5,4,3,2,0,1,0,0,0.010826,52.500,0.000,99.134,,,
11840,1588,142,0,0,0,16,6,19,18,8,3,2,4,1,1,1,0,0.010917,52.500,0.000,99.128,,,
11845,1534,130,0,0,0,15,10,16,10,7,4,1,2,4,1,0,0,0.010464,52.500,0.000,99.134,,,
11850,1491,155,0,0,0,18,11,19,5,8,8,1,3,2,0,1,0,0.010497,52.500,0.000,99.128